Determining if the include file sys/sdt.h exists failed with the following output:
Change Dir: /home/uhuj/skillbox_cpp/learn_cpp_tasks/out/build/GCC 11.3.0 x86_64-linux-gnu/CMakeFiles/CMakeScratch/TryCompile-cTruQF

Run Build Command(s):/usr/bin/gmake -f Makefile cmTC_944a0/fast && /usr/bin/gmake  -f CMakeFiles/cmTC_944a0.dir/build.make CMakeFiles/cmTC_944a0.dir/build
gmake[1]: Entering directory '/home/uhuj/skillbox_cpp/learn_cpp_tasks/out/build/GCC 11.3.0 x86_64-linux-gnu/CMakeFiles/CMakeScratch/TryCompile-cTruQF'
Building C object CMakeFiles/cmTC_944a0.dir/CheckIncludeFile.c.o
/usr/bin/gcc-11   -Wall -Wno-implicit-fallthrough  -std=c99 -o CMakeFiles/cmTC_944a0.dir/CheckIncludeFile.c.o -c "/home/uhuj/skillbox_cpp/learn_cpp_tasks/out/build/GCC 11.3.0 x86_64-linux-gnu/CMakeFiles/CMakeScratch/TryCompile-cTruQF/CheckIncludeFile.c"
/home/uhuj/skillbox_cpp/learn_cpp_tasks/out/build/GCC 11.3.0 x86_64-linux-gnu/CMakeFiles/CMakeScratch/TryCompile-cTruQF/CheckIncludeFile.c:1:10: fatal error: sys/sdt.h: No such file or directory
    1 | #include <sys/sdt.h>
      |          ^~~~~~~~~~~
compilation terminated.
gmake[1]: *** [CMakeFiles/cmTC_944a0.dir/build.make:78: CMakeFiles/cmTC_944a0.dir/CheckIncludeFile.c.o] Error 1
gmake[1]: Leaving directory '/home/uhuj/skillbox_cpp/learn_cpp_tasks/out/build/GCC 11.3.0 x86_64-linux-gnu/CMakeFiles/CMakeScratch/TryCompile-cTruQF'
gmake: *** [Makefile:127: cmTC_944a0/fast] Error 2



Determining if the function connect exists in the socket; failed with the following output:
Change Dir: /home/uhuj/skillbox_cpp/learn_cpp_tasks/out/build/GCC 11.3.0 x86_64-linux-gnu/CMakeFiles/CMakeScratch/TryCompile-sDZ0Am

Run Build Command(s):/usr/bin/gmake -f Makefile cmTC_2d681/fast && /usr/bin/gmake  -f CMakeFiles/cmTC_2d681.dir/build.make CMakeFiles/cmTC_2d681.dir/build
gmake[1]: Entering directory '/home/uhuj/skillbox_cpp/learn_cpp_tasks/out/build/GCC 11.3.0 x86_64-linux-gnu/CMakeFiles/CMakeScratch/TryCompile-sDZ0Am'
Building C object CMakeFiles/cmTC_2d681.dir/CheckFunctionExists.c.o
/usr/bin/gcc-11   -W -Wall -pedantic -Wbad-function-cast -Wconversion -Winline -Wmissing-declarations -Wmissing-prototypes -Wnested-externs -Wno-long-long -Wno-multichar -Wpointer-arith -Wshadow -Wsign-compare -Wundef -Wunused -Wwrite-strings -Wcast-align -Wdeclaration-after-statement -Wempty-body -Wendif-labels -Wfloat-equal -Wignored-qualifiers -Wno-format-nonliteral -Wno-sign-conversion -Wno-system-headers -Wstrict-prototypes -Wtype-limits -Wvla -Wmissing-parameter-type -Wold-style-declaration -Wstrict-aliasing=3 -Wformat=2 -Warray-bounds=2 -ftree-vrp -Wduplicated-cond -Wnull-dereference -fdelete-null-pointer-checks -Wshift-negative-value -Wshift-overflow=2 -Walloc-zero -Wduplicated-branches -Wformat-overflow=2 -Wformat-truncation=1 -Wrestrict -Warith-conversion -Wdouble-promotion -Wenum-conversion -Wunused-const-variable -DCHECK_FUNCTION_EXISTS=connect -o CMakeFiles/cmTC_2d681.dir/CheckFunctionExists.c.o -c "/home/uhuj/skillbox_cpp/learn_cpp_tasks/out/build/GCC 11.3.0 x86_64-linux-gnu/CMakeFiles/CMakeScratch/TryCompile-sDZ0Am/CheckFunctionExists.c"
Linking C executable cmTC_2d681
/usr/bin/cmake -E cmake_link_script CMakeFiles/cmTC_2d681.dir/link.txt --verbose=1
/usr/bin/gcc-11   -W -Wall -pedantic -Wbad-function-cast -Wconversion -Winline -Wmissing-declarations -Wmissing-prototypes -Wnested-externs -Wno-long-long -Wno-multichar -Wpointer-arith -Wshadow -Wsign-compare -Wundef -Wunused -Wwrite-strings -Wcast-align -Wdeclaration-after-statement -Wempty-body -Wendif-labels -Wfloat-equal -Wignored-qualifiers -Wno-format-nonliteral -Wno-sign-conversion -Wno-system-headers -Wstrict-prototypes -Wtype-limits -Wvla -Wmissing-parameter-type -Wold-style-declaration -Wstrict-aliasing=3 -Wformat=2 -Warray-bounds=2 -ftree-vrp -Wduplicated-cond -Wnull-dereference -fdelete-null-pointer-checks -Wshift-negative-value -Wshift-overflow=2 -Walloc-zero -Wduplicated-branches -Wformat-overflow=2 -Wformat-truncation=1 -Wrestrict -Warith-conversion -Wdouble-promotion -Wenum-conversion -Wunused-const-variable -DCHECK_FUNCTION_EXISTS=connect CMakeFiles/cmTC_2d681.dir/CheckFunctionExists.c.o -o cmTC_2d681  -lsocket 
/usr/bin/ld: cannot find -lsocket: No such file or directory
collect2: error: ld returned 1 exit status
gmake[1]: *** [CMakeFiles/cmTC_2d681.dir/build.make:99: cmTC_2d681] Error 1
gmake[1]: Leaving directory '/home/uhuj/skillbox_cpp/learn_cpp_tasks/out/build/GCC 11.3.0 x86_64-linux-gnu/CMakeFiles/CMakeScratch/TryCompile-sDZ0Am'
gmake: *** [Makefile:127: cmTC_2d681/fast] Error 2



Determining if the OPENSSL_IS_BORINGSSL exist failed with the following output:
Change Dir: /home/uhuj/skillbox_cpp/learn_cpp_tasks/out/build/GCC 11.3.0 x86_64-linux-gnu/CMakeFiles/CMakeScratch/TryCompile-1jdRU9

Run Build Command(s):/usr/bin/gmake -f Makefile cmTC_7929e/fast && /usr/bin/gmake  -f CMakeFiles/cmTC_7929e.dir/build.make CMakeFiles/cmTC_7929e.dir/build
gmake[1]: Entering directory '/home/uhuj/skillbox_cpp/learn_cpp_tasks/out/build/GCC 11.3.0 x86_64-linux-gnu/CMakeFiles/CMakeScratch/TryCompile-1jdRU9'
Building C object CMakeFiles/cmTC_7929e.dir/CheckSymbolExists.c.o
/usr/bin/gcc-11   -W -Wall -pedantic -Wbad-function-cast -Wconversion -Winline -Wmissing-declarations -Wmissing-prototypes -Wnested-externs -Wno-long-long -Wno-multichar -Wpointer-arith -Wshadow -Wsign-compare -Wundef -Wunused -Wwrite-strings -Wcast-align -Wdeclaration-after-statement -Wempty-body -Wendif-labels -Wfloat-equal -Wignored-qualifiers -Wno-format-nonliteral -Wno-sign-conversion -Wno-system-headers -Wstrict-prototypes -Wtype-limits -Wvla -Wmissing-parameter-type -Wold-style-declaration -Wstrict-aliasing=3 -Wformat=2 -Warray-bounds=2 -ftree-vrp -Wduplicated-cond -Wnull-dereference -fdelete-null-pointer-checks -Wshift-negative-value -Wshift-overflow=2 -Walloc-zero -Wduplicated-branches -Wformat-overflow=2 -Wformat-truncation=1 -Wrestrict -Warith-conversion -Wdouble-promotion -Wenum-conversion -Wunused-const-variable  -o CMakeFiles/cmTC_7929e.dir/CheckSymbolExists.c.o -c "/home/uhuj/skillbox_cpp/learn_cpp_tasks/out/build/GCC 11.3.0 x86_64-linux-gnu/CMakeFiles/CMakeScratch/TryCompile-1jdRU9/CheckSymbolExists.c"
/home/uhuj/skillbox_cpp/learn_cpp_tasks/out/build/GCC 11.3.0 x86_64-linux-gnu/CMakeFiles/CMakeScratch/TryCompile-1jdRU9/CheckSymbolExists.c:2:10: fatal error: openssl/base.h: No such file or directory
    2 | #include <openssl/base.h>
      |          ^~~~~~~~~~~~~~~~
compilation terminated.
gmake[1]: *** [CMakeFiles/cmTC_7929e.dir/build.make:78: CMakeFiles/cmTC_7929e.dir/CheckSymbolExists.c.o] Error 1
gmake[1]: Leaving directory '/home/uhuj/skillbox_cpp/learn_cpp_tasks/out/build/GCC 11.3.0 x86_64-linux-gnu/CMakeFiles/CMakeScratch/TryCompile-1jdRU9'
gmake: *** [Makefile:127: cmTC_7929e/fast] Error 2


File CheckSymbolExists.c:
/* */
#include <openssl/base.h>

int main(int argc, char** argv)
{
  (void)argv;
#ifndef OPENSSL_IS_BORINGSSL
  return ((int*)(&OPENSSL_IS_BORINGSSL))[argc];
#else
  (void)argc;
  return 0;
#endif
}
Determining if the OPENSSL_IS_AWSLC exist failed with the following output:
Change Dir: /home/uhuj/skillbox_cpp/learn_cpp_tasks/out/build/GCC 11.3.0 x86_64-linux-gnu/CMakeFiles/CMakeScratch/TryCompile-qS63Zl

Run Build Command(s):/usr/bin/gmake -f Makefile cmTC_8a49e/fast && /usr/bin/gmake  -f CMakeFiles/cmTC_8a49e.dir/build.make CMakeFiles/cmTC_8a49e.dir/build
gmake[1]: Entering directory '/home/uhuj/skillbox_cpp/learn_cpp_tasks/out/build/GCC 11.3.0 x86_64-linux-gnu/CMakeFiles/CMakeScratch/TryCompile-qS63Zl'
Building C object CMakeFiles/cmTC_8a49e.dir/CheckSymbolExists.c.o
/usr/bin/gcc-11   -W -Wall -pedantic -Wbad-function-cast -Wconversion -Winline -Wmissing-declarations -Wmissing-prototypes -Wnested-externs -Wno-long-long -Wno-multichar -Wpointer-arith -Wshadow -Wsign-compare -Wundef -Wunused -Wwrite-strings -Wcast-align -Wdeclaration-after-statement -Wempty-body -Wendif-labels -Wfloat-equal -Wignored-qualifiers -Wno-format-nonliteral -Wno-sign-conversion -Wno-system-headers -Wstrict-prototypes -Wtype-limits -Wvla -Wmissing-parameter-type -Wold-style-declaration -Wstrict-aliasing=3 -Wformat=2 -Warray-bounds=2 -ftree-vrp -Wduplicated-cond -Wnull-dereference -fdelete-null-pointer-checks -Wshift-negative-value -Wshift-overflow=2 -Walloc-zero -Wduplicated-branches -Wformat-overflow=2 -Wformat-truncation=1 -Wrestrict -Warith-conversion -Wdouble-promotion -Wenum-conversion -Wunused-const-variable  -o CMakeFiles/cmTC_8a49e.dir/CheckSymbolExists.c.o -c "/home/uhuj/skillbox_cpp/learn_cpp_tasks/out/build/GCC 11.3.0 x86_64-linux-gnu/CMakeFiles/CMakeScratch/TryCompile-qS63Zl/CheckSymbolExists.c"
/home/uhuj/skillbox_cpp/learn_cpp_tasks/out/build/GCC 11.3.0 x86_64-linux-gnu/CMakeFiles/CMakeScratch/TryCompile-qS63Zl/CheckSymbolExists.c:2:10: fatal error: openssl/base.h: No such file or directory
    2 | #include <openssl/base.h>
      |          ^~~~~~~~~~~~~~~~
compilation terminated.
gmake[1]: *** [CMakeFiles/cmTC_8a49e.dir/build.make:78: CMakeFiles/cmTC_8a49e.dir/CheckSymbolExists.c.o] Error 1
gmake[1]: Leaving directory '/home/uhuj/skillbox_cpp/learn_cpp_tasks/out/build/GCC 11.3.0 x86_64-linux-gnu/CMakeFiles/CMakeScratch/TryCompile-qS63Zl'
gmake: *** [Makefile:127: cmTC_8a49e/fast] Error 2


File CheckSymbolExists.c:
/* */
#include <openssl/base.h>

int main(int argc, char** argv)
{
  (void)argv;
#ifndef OPENSSL_IS_AWSLC
  return ((int*)(&OPENSSL_IS_AWSLC))[argc];
#else
  (void)argc;
  return 0;
#endif
}
Determining if the function idn2_lookup_ul exists in the idn2;OpenSSL::SSL;OpenSSL::Crypto;ZLIB::ZLIB failed with the following output:
Change Dir: /home/uhuj/skillbox_cpp/learn_cpp_tasks/out/build/GCC 11.3.0 x86_64-linux-gnu/CMakeFiles/CMakeScratch/TryCompile-CckVVI

Run Build Command(s):/usr/bin/gmake -f Makefile cmTC_40541/fast && /usr/bin/gmake  -f CMakeFiles/cmTC_40541.dir/build.make CMakeFiles/cmTC_40541.dir/build
gmake[1]: Entering directory '/home/uhuj/skillbox_cpp/learn_cpp_tasks/out/build/GCC 11.3.0 x86_64-linux-gnu/CMakeFiles/CMakeScratch/TryCompile-CckVVI'
Building C object CMakeFiles/cmTC_40541.dir/CheckFunctionExists.c.o
/usr/bin/gcc-11   -W -Wall -pedantic -Wbad-function-cast -Wconversion -Winline -Wmissing-declarations -Wmissing-prototypes -Wnested-externs -Wno-long-long -Wno-multichar -Wpointer-arith -Wshadow -Wsign-compare -Wundef -Wunused -Wwrite-strings -Wcast-align -Wdeclaration-after-statement -Wempty-body -Wendif-labels -Wfloat-equal -Wignored-qualifiers -Wno-format-nonliteral -Wno-sign-conversion -Wno-system-headers -Wstrict-prototypes -Wtype-limits -Wvla -Wmissing-parameter-type -Wold-style-declaration -Wstrict-aliasing=3 -Wformat=2 -Warray-bounds=2 -ftree-vrp -Wduplicated-cond -Wnull-dereference -fdelete-null-pointer-checks -Wshift-negative-value -Wshift-overflow=2 -Walloc-zero -Wduplicated-branches -Wformat-overflow=2 -Wformat-truncation=1 -Wrestrict -Warith-conversion -Wdouble-promotion -Wenum-conversion -Wunused-const-variable -DCHECK_FUNCTION_EXISTS=idn2_lookup_ul -o CMakeFiles/cmTC_40541.dir/CheckFunctionExists.c.o -c "/home/uhuj/skillbox_cpp/learn_cpp_tasks/out/build/GCC 11.3.0 x86_64-linux-gnu/CMakeFiles/CMakeScratch/TryCompile-CckVVI/CheckFunctionExists.c"
Linking C executable cmTC_40541
/usr/bin/cmake -E cmake_link_script CMakeFiles/cmTC_40541.dir/link.txt --verbose=1
/usr/bin/gcc-11   -W -Wall -pedantic -Wbad-function-cast -Wconversion -Winline -Wmissing-declarations -Wmissing-prototypes -Wnested-externs -Wno-long-long -Wno-multichar -Wpointer-arith -Wshadow -Wsign-compare -Wundef -Wunused -Wwrite-strings -Wcast-align -Wdeclaration-after-statement -Wempty-body -Wendif-labels -Wfloat-equal -Wignored-qualifiers -Wno-format-nonliteral -Wno-sign-conversion -Wno-system-headers -Wstrict-prototypes -Wtype-limits -Wvla -Wmissing-parameter-type -Wold-style-declaration -Wstrict-aliasing=3 -Wformat=2 -Warray-bounds=2 -ftree-vrp -Wduplicated-cond -Wnull-dereference -fdelete-null-pointer-checks -Wshift-negative-value -Wshift-overflow=2 -Walloc-zero -Wduplicated-branches -Wformat-overflow=2 -Wformat-truncation=1 -Wrestrict -Warith-conversion -Wdouble-promotion -Wenum-conversion -Wunused-const-variable -DCHECK_FUNCTION_EXISTS=idn2_lookup_ul CMakeFiles/cmTC_40541.dir/CheckFunctionExists.c.o -o cmTC_40541  -lidn2 /usr/lib/x86_64-linux-gnu/libssl.so /usr/lib/x86_64-linux-gnu/libcrypto.so /usr/lib/x86_64-linux-gnu/libz.so 
/usr/bin/ld: cannot find -lidn2: No such file or directory
collect2: error: ld returned 1 exit status
gmake[1]: *** [CMakeFiles/cmTC_40541.dir/build.make:102: cmTC_40541] Error 1
gmake[1]: Leaving directory '/home/uhuj/skillbox_cpp/learn_cpp_tasks/out/build/GCC 11.3.0 x86_64-linux-gnu/CMakeFiles/CMakeScratch/TryCompile-CckVVI'
gmake: *** [Makefile:127: cmTC_40541/fast] Error 2



Determining if files inttypes.h;sys/filio.h exist failed with the following output:
Change Dir: /home/uhuj/skillbox_cpp/learn_cpp_tasks/out/build/GCC 11.3.0 x86_64-linux-gnu/CMakeFiles/CMakeScratch/TryCompile-Cb3dDr

Run Build Command(s):/usr/bin/gmake -f Makefile cmTC_62c7f/fast && /usr/bin/gmake  -f CMakeFiles/cmTC_62c7f.dir/build.make CMakeFiles/cmTC_62c7f.dir/build
gmake[1]: Entering directory '/home/uhuj/skillbox_cpp/learn_cpp_tasks/out/build/GCC 11.3.0 x86_64-linux-gnu/CMakeFiles/CMakeScratch/TryCompile-Cb3dDr'
Building C object CMakeFiles/cmTC_62c7f.dir/HAVE_SYS_FILIO_H.c.o
/usr/bin/gcc-11   -W -Wall -pedantic -Wbad-function-cast -Wconversion -Winline -Wmissing-declarations -Wmissing-prototypes -Wnested-externs -Wno-long-long -Wno-multichar -Wpointer-arith -Wshadow -Wsign-compare -Wundef -Wunused -Wwrite-strings -Wcast-align -Wdeclaration-after-statement -Wempty-body -Wendif-labels -Wfloat-equal -Wignored-qualifiers -Wno-format-nonliteral -Wno-sign-conversion -Wno-system-headers -Wstrict-prototypes -Wtype-limits -Wvla -Wmissing-parameter-type -Wold-style-declaration -Wstrict-aliasing=3 -Wformat=2 -Warray-bounds=2 -ftree-vrp -Wduplicated-cond -Wnull-dereference -fdelete-null-pointer-checks -Wshift-negative-value -Wshift-overflow=2 -Walloc-zero -Wduplicated-branches -Wformat-overflow=2 -Wformat-truncation=1 -Wrestrict -Warith-conversion -Wdouble-promotion -Wenum-conversion -Wunused-const-variable  -o CMakeFiles/cmTC_62c7f.dir/HAVE_SYS_FILIO_H.c.o -c "/home/uhuj/skillbox_cpp/learn_cpp_tasks/out/build/GCC 11.3.0 x86_64-linux-gnu/CMakeFiles/CMakeScratch/TryCompile-Cb3dDr/HAVE_SYS_FILIO_H.c"
/home/uhuj/skillbox_cpp/learn_cpp_tasks/out/build/GCC 11.3.0 x86_64-linux-gnu/CMakeFiles/CMakeScratch/TryCompile-Cb3dDr/HAVE_SYS_FILIO_H.c:3:10: fatal error: sys/filio.h: No such file or directory
    3 | #include <sys/filio.h>
      |          ^~~~~~~~~~~~~
compilation terminated.
gmake[1]: *** [CMakeFiles/cmTC_62c7f.dir/build.make:78: CMakeFiles/cmTC_62c7f.dir/HAVE_SYS_FILIO_H.c.o] Error 1
gmake[1]: Leaving directory '/home/uhuj/skillbox_cpp/learn_cpp_tasks/out/build/GCC 11.3.0 x86_64-linux-gnu/CMakeFiles/CMakeScratch/TryCompile-Cb3dDr'
gmake: *** [Makefile:127: cmTC_62c7f/fast] Error 2


Source:
/* */
#include <inttypes.h>
#include <sys/filio.h>


int main(void){return 0;}

Determining if files inttypes.h;sys/wait.h;sys/ioctl.h;sys/param.h;sys/poll.h;sys/resource.h;sys/select.h;sys/socket.h;sys/sockio.h exist failed with the following output:
Change Dir: /home/uhuj/skillbox_cpp/learn_cpp_tasks/out/build/GCC 11.3.0 x86_64-linux-gnu/CMakeFiles/CMakeScratch/TryCompile-Lf2EZ9

Run Build Command(s):/usr/bin/gmake -f Makefile cmTC_e4ae5/fast && /usr/bin/gmake  -f CMakeFiles/cmTC_e4ae5.dir/build.make CMakeFiles/cmTC_e4ae5.dir/build
gmake[1]: Entering directory '/home/uhuj/skillbox_cpp/learn_cpp_tasks/out/build/GCC 11.3.0 x86_64-linux-gnu/CMakeFiles/CMakeScratch/TryCompile-Lf2EZ9'
Building C object CMakeFiles/cmTC_e4ae5.dir/HAVE_SYS_SOCKIO_H.c.o
/usr/bin/gcc-11   -W -Wall -pedantic -Wbad-function-cast -Wconversion -Winline -Wmissing-declarations -Wmissing-prototypes -Wnested-externs -Wno-long-long -Wno-multichar -Wpointer-arith -Wshadow -Wsign-compare -Wundef -Wunused -Wwrite-strings -Wcast-align -Wdeclaration-after-statement -Wempty-body -Wendif-labels -Wfloat-equal -Wignored-qualifiers -Wno-format-nonliteral -Wno-sign-conversion -Wno-system-headers -Wstrict-prototypes -Wtype-limits -Wvla -Wmissing-parameter-type -Wold-style-declaration -Wstrict-aliasing=3 -Wformat=2 -Warray-bounds=2 -ftree-vrp -Wduplicated-cond -Wnull-dereference -fdelete-null-pointer-checks -Wshift-negative-value -Wshift-overflow=2 -Walloc-zero -Wduplicated-branches -Wformat-overflow=2 -Wformat-truncation=1 -Wrestrict -Warith-conversion -Wdouble-promotion -Wenum-conversion -Wunused-const-variable  -o CMakeFiles/cmTC_e4ae5.dir/HAVE_SYS_SOCKIO_H.c.o -c "/home/uhuj/skillbox_cpp/learn_cpp_tasks/out/build/GCC 11.3.0 x86_64-linux-gnu/CMakeFiles/CMakeScratch/TryCompile-Lf2EZ9/HAVE_SYS_SOCKIO_H.c"
/home/uhuj/skillbox_cpp/learn_cpp_tasks/out/build/GCC 11.3.0 x86_64-linux-gnu/CMakeFiles/CMakeScratch/TryCompile-Lf2EZ9/HAVE_SYS_SOCKIO_H.c:10:10: fatal error: sys/sockio.h: No such file or directory
   10 | #include <sys/sockio.h>
      |          ^~~~~~~~~~~~~~
compilation terminated.
gmake[1]: *** [CMakeFiles/cmTC_e4ae5.dir/build.make:78: CMakeFiles/cmTC_e4ae5.dir/HAVE_SYS_SOCKIO_H.c.o] Error 1
gmake[1]: Leaving directory '/home/uhuj/skillbox_cpp/learn_cpp_tasks/out/build/GCC 11.3.0 x86_64-linux-gnu/CMakeFiles/CMakeScratch/TryCompile-Lf2EZ9'
gmake: *** [Makefile:127: cmTC_e4ae5/fast] Error 2


Source:
/* */
#include <inttypes.h>
#include <sys/wait.h>
#include <sys/ioctl.h>
#include <sys/param.h>
#include <sys/poll.h>
#include <sys/resource.h>
#include <sys/select.h>
#include <sys/socket.h>
#include <sys/sockio.h>


int main(void){return 0;}

Determining if files inttypes.h;sys/wait.h;sys/ioctl.h;sys/param.h;sys/poll.h;sys/resource.h;sys/select.h;sys/socket.h;sys/stat.h;sys/time.h;sys/types.h;sys/un.h;sys/utime.h exist failed with the following output:
Change Dir: /home/uhuj/skillbox_cpp/learn_cpp_tasks/out/build/GCC 11.3.0 x86_64-linux-gnu/CMakeFiles/CMakeScratch/TryCompile-UCtW7k

Run Build Command(s):/usr/bin/gmake -f Makefile cmTC_6ff76/fast && /usr/bin/gmake  -f CMakeFiles/cmTC_6ff76.dir/build.make CMakeFiles/cmTC_6ff76.dir/build
gmake[1]: Entering directory '/home/uhuj/skillbox_cpp/learn_cpp_tasks/out/build/GCC 11.3.0 x86_64-linux-gnu/CMakeFiles/CMakeScratch/TryCompile-UCtW7k'
Building C object CMakeFiles/cmTC_6ff76.dir/HAVE_SYS_UTIME_H.c.o
/usr/bin/gcc-11   -W -Wall -pedantic -Wbad-function-cast -Wconversion -Winline -Wmissing-declarations -Wmissing-prototypes -Wnested-externs -Wno-long-long -Wno-multichar -Wpointer-arith -Wshadow -Wsign-compare -Wundef -Wunused -Wwrite-strings -Wcast-align -Wdeclaration-after-statement -Wempty-body -Wendif-labels -Wfloat-equal -Wignored-qualifiers -Wno-format-nonliteral -Wno-sign-conversion -Wno-system-headers -Wstrict-prototypes -Wtype-limits -Wvla -Wmissing-parameter-type -Wold-style-declaration -Wstrict-aliasing=3 -Wformat=2 -Warray-bounds=2 -ftree-vrp -Wduplicated-cond -Wnull-dereference -fdelete-null-pointer-checks -Wshift-negative-value -Wshift-overflow=2 -Walloc-zero -Wduplicated-branches -Wformat-overflow=2 -Wformat-truncation=1 -Wrestrict -Warith-conversion -Wdouble-promotion -Wenum-conversion -Wunused-const-variable  -o CMakeFiles/cmTC_6ff76.dir/HAVE_SYS_UTIME_H.c.o -c "/home/uhuj/skillbox_cpp/learn_cpp_tasks/out/build/GCC 11.3.0 x86_64-linux-gnu/CMakeFiles/CMakeScratch/TryCompile-UCtW7k/HAVE_SYS_UTIME_H.c"
/home/uhuj/skillbox_cpp/learn_cpp_tasks/out/build/GCC 11.3.0 x86_64-linux-gnu/CMakeFiles/CMakeScratch/TryCompile-UCtW7k/HAVE_SYS_UTIME_H.c:14:10: fatal error: sys/utime.h: No such file or directory
   14 | #include <sys/utime.h>
      |          ^~~~~~~~~~~~~
compilation terminated.
gmake[1]: *** [CMakeFiles/cmTC_6ff76.dir/build.make:78: CMakeFiles/cmTC_6ff76.dir/HAVE_SYS_UTIME_H.c.o] Error 1
gmake[1]: Leaving directory '/home/uhuj/skillbox_cpp/learn_cpp_tasks/out/build/GCC 11.3.0 x86_64-linux-gnu/CMakeFiles/CMakeScratch/TryCompile-UCtW7k'
gmake: *** [Makefile:127: cmTC_6ff76/fast] Error 2


Source:
/* */
#include <inttypes.h>
#include <sys/wait.h>
#include <sys/ioctl.h>
#include <sys/param.h>
#include <sys/poll.h>
#include <sys/resource.h>
#include <sys/select.h>
#include <sys/socket.h>
#include <sys/stat.h>
#include <sys/time.h>
#include <sys/types.h>
#include <sys/un.h>
#include <sys/utime.h>


int main(void){return 0;}

Determining if files inttypes.h;sys/wait.h;sys/ioctl.h;sys/param.h;sys/poll.h;sys/resource.h;sys/select.h;sys/socket.h;sys/stat.h;sys/time.h;sys/types.h;sys/un.h;sys/xattr.h;arpa/inet.h;fcntl.h;idn2.h exist failed with the following output:
Change Dir: /home/uhuj/skillbox_cpp/learn_cpp_tasks/out/build/GCC 11.3.0 x86_64-linux-gnu/CMakeFiles/CMakeScratch/TryCompile-KWXdGj

Run Build Command(s):/usr/bin/gmake -f Makefile cmTC_d5b3b/fast && /usr/bin/gmake  -f CMakeFiles/cmTC_d5b3b.dir/build.make CMakeFiles/cmTC_d5b3b.dir/build
gmake[1]: Entering directory '/home/uhuj/skillbox_cpp/learn_cpp_tasks/out/build/GCC 11.3.0 x86_64-linux-gnu/CMakeFiles/CMakeScratch/TryCompile-KWXdGj'
Building C object CMakeFiles/cmTC_d5b3b.dir/HAVE_IDN2_H.c.o
/usr/bin/gcc-11   -W -Wall -pedantic -Wbad-function-cast -Wconversion -Winline -Wmissing-declarations -Wmissing-prototypes -Wnested-externs -Wno-long-long -Wno-multichar -Wpointer-arith -Wshadow -Wsign-compare -Wundef -Wunused -Wwrite-strings -Wcast-align -Wdeclaration-after-statement -Wempty-body -Wendif-labels -Wfloat-equal -Wignored-qualifiers -Wno-format-nonliteral -Wno-sign-conversion -Wno-system-headers -Wstrict-prototypes -Wtype-limits -Wvla -Wmissing-parameter-type -Wold-style-declaration -Wstrict-aliasing=3 -Wformat=2 -Warray-bounds=2 -ftree-vrp -Wduplicated-cond -Wnull-dereference -fdelete-null-pointer-checks -Wshift-negative-value -Wshift-overflow=2 -Walloc-zero -Wduplicated-branches -Wformat-overflow=2 -Wformat-truncation=1 -Wrestrict -Warith-conversion -Wdouble-promotion -Wenum-conversion -Wunused-const-variable  -o CMakeFiles/cmTC_d5b3b.dir/HAVE_IDN2_H.c.o -c "/home/uhuj/skillbox_cpp/learn_cpp_tasks/out/build/GCC 11.3.0 x86_64-linux-gnu/CMakeFiles/CMakeScratch/TryCompile-KWXdGj/HAVE_IDN2_H.c"
/home/uhuj/skillbox_cpp/learn_cpp_tasks/out/build/GCC 11.3.0 x86_64-linux-gnu/CMakeFiles/CMakeScratch/TryCompile-KWXdGj/HAVE_IDN2_H.c:17:10: fatal error: idn2.h: No such file or directory
   17 | #include <idn2.h>
      |          ^~~~~~~~
compilation terminated.
gmake[1]: *** [CMakeFiles/cmTC_d5b3b.dir/build.make:78: CMakeFiles/cmTC_d5b3b.dir/HAVE_IDN2_H.c.o] Error 1
gmake[1]: Leaving directory '/home/uhuj/skillbox_cpp/learn_cpp_tasks/out/build/GCC 11.3.0 x86_64-linux-gnu/CMakeFiles/CMakeScratch/TryCompile-KWXdGj'
gmake: *** [Makefile:127: cmTC_d5b3b/fast] Error 2


Source:
/* */
#include <inttypes.h>
#include <sys/wait.h>
#include <sys/ioctl.h>
#include <sys/param.h>
#include <sys/poll.h>
#include <sys/resource.h>
#include <sys/select.h>
#include <sys/socket.h>
#include <sys/stat.h>
#include <sys/time.h>
#include <sys/types.h>
#include <sys/un.h>
#include <sys/xattr.h>
#include <arpa/inet.h>
#include <fcntl.h>
#include <idn2.h>


int main(void){return 0;}

Determining if files inttypes.h;sys/wait.h;sys/ioctl.h;sys/param.h;sys/poll.h;sys/resource.h;sys/select.h;sys/socket.h;sys/stat.h;sys/time.h;sys/types.h;sys/un.h;sys/xattr.h;arpa/inet.h;fcntl.h;ifaddrs.h;io.h exist failed with the following output:
Change Dir: /home/uhuj/skillbox_cpp/learn_cpp_tasks/out/build/GCC 11.3.0 x86_64-linux-gnu/CMakeFiles/CMakeScratch/TryCompile-ss6URQ

Run Build Command(s):/usr/bin/gmake -f Makefile cmTC_e7e9f/fast && /usr/bin/gmake  -f CMakeFiles/cmTC_e7e9f.dir/build.make CMakeFiles/cmTC_e7e9f.dir/build
gmake[1]: Entering directory '/home/uhuj/skillbox_cpp/learn_cpp_tasks/out/build/GCC 11.3.0 x86_64-linux-gnu/CMakeFiles/CMakeScratch/TryCompile-ss6URQ'
Building C object CMakeFiles/cmTC_e7e9f.dir/HAVE_IO_H.c.o
/usr/bin/gcc-11   -W -Wall -pedantic -Wbad-function-cast -Wconversion -Winline -Wmissing-declarations -Wmissing-prototypes -Wnested-externs -Wno-long-long -Wno-multichar -Wpointer-arith -Wshadow -Wsign-compare -Wundef -Wunused -Wwrite-strings -Wcast-align -Wdeclaration-after-statement -Wempty-body -Wendif-labels -Wfloat-equal -Wignored-qualifiers -Wno-format-nonliteral -Wno-sign-conversion -Wno-system-headers -Wstrict-prototypes -Wtype-limits -Wvla -Wmissing-parameter-type -Wold-style-declaration -Wstrict-aliasing=3 -Wformat=2 -Warray-bounds=2 -ftree-vrp -Wduplicated-cond -Wnull-dereference -fdelete-null-pointer-checks -Wshift-negative-value -Wshift-overflow=2 -Walloc-zero -Wduplicated-branches -Wformat-overflow=2 -Wformat-truncation=1 -Wrestrict -Warith-conversion -Wdouble-promotion -Wenum-conversion -Wunused-const-variable  -o CMakeFiles/cmTC_e7e9f.dir/HAVE_IO_H.c.o -c "/home/uhuj/skillbox_cpp/learn_cpp_tasks/out/build/GCC 11.3.0 x86_64-linux-gnu/CMakeFiles/CMakeScratch/TryCompile-ss6URQ/HAVE_IO_H.c"
/home/uhuj/skillbox_cpp/learn_cpp_tasks/out/build/GCC 11.3.0 x86_64-linux-gnu/CMakeFiles/CMakeScratch/TryCompile-ss6URQ/HAVE_IO_H.c:18:10: fatal error: io.h: No such file or directory
   18 | #include <io.h>
      |          ^~~~~~
compilation terminated.
gmake[1]: *** [CMakeFiles/cmTC_e7e9f.dir/build.make:78: CMakeFiles/cmTC_e7e9f.dir/HAVE_IO_H.c.o] Error 1
gmake[1]: Leaving directory '/home/uhuj/skillbox_cpp/learn_cpp_tasks/out/build/GCC 11.3.0 x86_64-linux-gnu/CMakeFiles/CMakeScratch/TryCompile-ss6URQ'
gmake: *** [Makefile:127: cmTC_e7e9f/fast] Error 2


Source:
/* */
#include <inttypes.h>
#include <sys/wait.h>
#include <sys/ioctl.h>
#include <sys/param.h>
#include <sys/poll.h>
#include <sys/resource.h>
#include <sys/select.h>
#include <sys/socket.h>
#include <sys/stat.h>
#include <sys/time.h>
#include <sys/types.h>
#include <sys/un.h>
#include <sys/xattr.h>
#include <arpa/inet.h>
#include <fcntl.h>
#include <ifaddrs.h>
#include <io.h>


int main(void){return 0;}

Determining if files inttypes.h;sys/wait.h;sys/ioctl.h;sys/param.h;sys/poll.h;sys/resource.h;sys/select.h;sys/socket.h;sys/stat.h;sys/time.h;sys/types.h;sys/un.h;sys/xattr.h;arpa/inet.h;fcntl.h;ifaddrs.h;libgen.h;locale.h;net/if.h;netdb.h;netinet/in.h;netinet/tcp.h;netinet/udp.h;poll.h;pwd.h;stdatomic.h;stdbool.h;stdint.h;strings.h;stropts.h exist failed with the following output:
Change Dir: /home/uhuj/skillbox_cpp/learn_cpp_tasks/out/build/GCC 11.3.0 x86_64-linux-gnu/CMakeFiles/CMakeScratch/TryCompile-GdXBA8

Run Build Command(s):/usr/bin/gmake -f Makefile cmTC_a0129/fast && /usr/bin/gmake  -f CMakeFiles/cmTC_a0129.dir/build.make CMakeFiles/cmTC_a0129.dir/build
gmake[1]: Entering directory '/home/uhuj/skillbox_cpp/learn_cpp_tasks/out/build/GCC 11.3.0 x86_64-linux-gnu/CMakeFiles/CMakeScratch/TryCompile-GdXBA8'
Building C object CMakeFiles/cmTC_a0129.dir/HAVE_STROPTS_H.c.o
/usr/bin/gcc-11   -W -Wall -pedantic -Wbad-function-cast -Wconversion -Winline -Wmissing-declarations -Wmissing-prototypes -Wnested-externs -Wno-long-long -Wno-multichar -Wpointer-arith -Wshadow -Wsign-compare -Wundef -Wunused -Wwrite-strings -Wcast-align -Wdeclaration-after-statement -Wempty-body -Wendif-labels -Wfloat-equal -Wignored-qualifiers -Wno-format-nonliteral -Wno-sign-conversion -Wno-system-headers -Wstrict-prototypes -Wtype-limits -Wvla -Wmissing-parameter-type -Wold-style-declaration -Wstrict-aliasing=3 -Wformat=2 -Warray-bounds=2 -ftree-vrp -Wduplicated-cond -Wnull-dereference -fdelete-null-pointer-checks -Wshift-negative-value -Wshift-overflow=2 -Walloc-zero -Wduplicated-branches -Wformat-overflow=2 -Wformat-truncation=1 -Wrestrict -Warith-conversion -Wdouble-promotion -Wenum-conversion -Wunused-const-variable  -o CMakeFiles/cmTC_a0129.dir/HAVE_STROPTS_H.c.o -c "/home/uhuj/skillbox_cpp/learn_cpp_tasks/out/build/GCC 11.3.0 x86_64-linux-gnu/CMakeFiles/CMakeScratch/TryCompile-GdXBA8/HAVE_STROPTS_H.c"
/home/uhuj/skillbox_cpp/learn_cpp_tasks/out/build/GCC 11.3.0 x86_64-linux-gnu/CMakeFiles/CMakeScratch/TryCompile-GdXBA8/HAVE_STROPTS_H.c:31:10: fatal error: stropts.h: No such file or directory
   31 | #include <stropts.h>
      |          ^~~~~~~~~~~
compilation terminated.
gmake[1]: *** [CMakeFiles/cmTC_a0129.dir/build.make:78: CMakeFiles/cmTC_a0129.dir/HAVE_STROPTS_H.c.o] Error 1
gmake[1]: Leaving directory '/home/uhuj/skillbox_cpp/learn_cpp_tasks/out/build/GCC 11.3.0 x86_64-linux-gnu/CMakeFiles/CMakeScratch/TryCompile-GdXBA8'
gmake: *** [Makefile:127: cmTC_a0129/fast] Error 2


Source:
/* */
#include <inttypes.h>
#include <sys/wait.h>
#include <sys/ioctl.h>
#include <sys/param.h>
#include <sys/poll.h>
#include <sys/resource.h>
#include <sys/select.h>
#include <sys/socket.h>
#include <sys/stat.h>
#include <sys/time.h>
#include <sys/types.h>
#include <sys/un.h>
#include <sys/xattr.h>
#include <arpa/inet.h>
#include <fcntl.h>
#include <ifaddrs.h>
#include <libgen.h>
#include <locale.h>
#include <net/if.h>
#include <netdb.h>
#include <netinet/in.h>
#include <netinet/tcp.h>
#include <netinet/udp.h>
#include <poll.h>
#include <pwd.h>
#include <stdatomic.h>
#include <stdbool.h>
#include <stdint.h>
#include <strings.h>
#include <stropts.h>


int main(void){return 0;}

Determining size of __int64 failed with the following output:
Change Dir: /home/uhuj/skillbox_cpp/learn_cpp_tasks/out/build/GCC 11.3.0 x86_64-linux-gnu/CMakeFiles/CMakeScratch/TryCompile-2F4ZzM

Run Build Command(s):/usr/bin/gmake -f Makefile cmTC_09eb0/fast && /usr/bin/gmake  -f CMakeFiles/cmTC_09eb0.dir/build.make CMakeFiles/cmTC_09eb0.dir/build
gmake[1]: Entering directory '/home/uhuj/skillbox_cpp/learn_cpp_tasks/out/build/GCC 11.3.0 x86_64-linux-gnu/CMakeFiles/CMakeScratch/TryCompile-2F4ZzM'
Building C object CMakeFiles/cmTC_09eb0.dir/SIZEOF___INT64.c.o
/usr/bin/gcc-11   -W -Wall -pedantic -Wbad-function-cast -Wconversion -Winline -Wmissing-declarations -Wmissing-prototypes -Wnested-externs -Wno-long-long -Wno-multichar -Wpointer-arith -Wshadow -Wsign-compare -Wundef -Wunused -Wwrite-strings -Wcast-align -Wdeclaration-after-statement -Wempty-body -Wendif-labels -Wfloat-equal -Wignored-qualifiers -Wno-format-nonliteral -Wno-sign-conversion -Wno-system-headers -Wstrict-prototypes -Wtype-limits -Wvla -Wmissing-parameter-type -Wold-style-declaration -Wstrict-aliasing=3 -Wformat=2 -Warray-bounds=2 -ftree-vrp -Wduplicated-cond -Wnull-dereference -fdelete-null-pointer-checks -Wshift-negative-value -Wshift-overflow=2 -Walloc-zero -Wduplicated-branches -Wformat-overflow=2 -Wformat-truncation=1 -Wrestrict -Warith-conversion -Wdouble-promotion -Wenum-conversion -Wunused-const-variable  -o CMakeFiles/cmTC_09eb0.dir/SIZEOF___INT64.c.o -c "/home/uhuj/skillbox_cpp/learn_cpp_tasks/out/build/GCC 11.3.0 x86_64-linux-gnu/CMakeFiles/CMakeScratch/TryCompile-2F4ZzM/SIZEOF___INT64.c"
/home/uhuj/skillbox_cpp/learn_cpp_tasks/out/build/GCC 11.3.0 x86_64-linux-gnu/CMakeFiles/CMakeScratch/TryCompile-2F4ZzM/SIZEOF___INT64.c:27:22: error: ‘__int64’ undeclared here (not in a function); did you mean ‘__int64_t’?
   27 | #define SIZE (sizeof(__int64))
      |                      ^~~~~~~
/home/uhuj/skillbox_cpp/learn_cpp_tasks/out/build/GCC 11.3.0 x86_64-linux-gnu/CMakeFiles/CMakeScratch/TryCompile-2F4ZzM/SIZEOF___INT64.c:29:12: note: in expansion of macro ‘SIZE’
   29 |   ('0' + ((SIZE / 10000)%10)),
      |            ^~~~
gmake[1]: *** [CMakeFiles/cmTC_09eb0.dir/build.make:78: CMakeFiles/cmTC_09eb0.dir/SIZEOF___INT64.c.o] Error 1
gmake[1]: Leaving directory '/home/uhuj/skillbox_cpp/learn_cpp_tasks/out/build/GCC 11.3.0 x86_64-linux-gnu/CMakeFiles/CMakeScratch/TryCompile-2F4ZzM'
gmake: *** [Makefile:127: cmTC_09eb0/fast] Error 2


SIZEOF___INT64.c:
#include <sys/types.h>
#include <stdint.h>
#include <stddef.h>


#undef KEY
#if defined(__i386)
# define KEY '_','_','i','3','8','6'
#elif defined(__x86_64)
# define KEY '_','_','x','8','6','_','6','4'
#elif defined(__PPC64__)
# define KEY '_','_','P','P','C','6','4','_','_'
#elif defined(__ppc64__)
# define KEY '_','_','p','p','c','6','4','_','_'
#elif defined(__PPC__)
# define KEY '_','_','P','P','C','_','_'
#elif defined(__ppc__)
# define KEY '_','_','p','p','c','_','_'
#elif defined(__aarch64__)
# define KEY '_','_','a','a','r','c','h','6','4','_','_'
#elif defined(__ARM_ARCH_7A__)
# define KEY '_','_','A','R','M','_','A','R','C','H','_','7','A','_','_'
#elif defined(__ARM_ARCH_7S__)
# define KEY '_','_','A','R','M','_','A','R','C','H','_','7','S','_','_'
#endif

#define SIZE (sizeof(__int64))
static char info_size[] =  {'I', 'N', 'F', 'O', ':', 's','i','z','e','[',
  ('0' + ((SIZE / 10000)%10)),
  ('0' + ((SIZE / 1000)%10)),
  ('0' + ((SIZE / 100)%10)),
  ('0' + ((SIZE / 10)%10)),
  ('0' +  (SIZE    % 10)),
  ']',
#ifdef KEY
  ' ','k','e','y','[', KEY, ']',
#endif
  '\0'};

#ifdef __CLASSIC_C__
int main(argc, argv) int argc; char *argv[];
#else
int main(int argc, char *argv[])
#endif
{
  int require = 0;
  require += info_size[argc];
  (void)argv;
  return require;
}


Determining if the stricmp exist failed with the following output:
Change Dir: /home/uhuj/skillbox_cpp/learn_cpp_tasks/out/build/GCC 11.3.0 x86_64-linux-gnu/CMakeFiles/CMakeScratch/TryCompile-ai2VOH

Run Build Command(s):/usr/bin/gmake -f Makefile cmTC_9d788/fast && /usr/bin/gmake  -f CMakeFiles/cmTC_9d788.dir/build.make CMakeFiles/cmTC_9d788.dir/build
gmake[1]: Entering directory '/home/uhuj/skillbox_cpp/learn_cpp_tasks/out/build/GCC 11.3.0 x86_64-linux-gnu/CMakeFiles/CMakeScratch/TryCompile-ai2VOH'
Building C object CMakeFiles/cmTC_9d788.dir/CheckSymbolExists.c.o
/usr/bin/gcc-11   -W -Wall -pedantic -Wbad-function-cast -Wconversion -Winline -Wmissing-declarations -Wmissing-prototypes -Wnested-externs -Wno-long-long -Wno-multichar -Wpointer-arith -Wshadow -Wsign-compare -Wundef -Wunused -Wwrite-strings -Wcast-align -Wdeclaration-after-statement -Wempty-body -Wendif-labels -Wfloat-equal -Wignored-qualifiers -Wno-format-nonliteral -Wno-sign-conversion -Wno-system-headers -Wstrict-prototypes -Wtype-limits -Wvla -Wmissing-parameter-type -Wold-style-declaration -Wstrict-aliasing=3 -Wformat=2 -Warray-bounds=2 -ftree-vrp -Wduplicated-cond -Wnull-dereference -fdelete-null-pointer-checks -Wshift-negative-value -Wshift-overflow=2 -Walloc-zero -Wduplicated-branches -Wformat-overflow=2 -Wformat-truncation=1 -Wrestrict -Warith-conversion -Wdouble-promotion -Wenum-conversion -Wunused-const-variable  -o CMakeFiles/cmTC_9d788.dir/CheckSymbolExists.c.o -c "/home/uhuj/skillbox_cpp/learn_cpp_tasks/out/build/GCC 11.3.0 x86_64-linux-gnu/CMakeFiles/CMakeScratch/TryCompile-ai2VOH/CheckSymbolExists.c"
/home/uhuj/skillbox_cpp/learn_cpp_tasks/out/build/GCC 11.3.0 x86_64-linux-gnu/CMakeFiles/CMakeScratch/TryCompile-ai2VOH/CheckSymbolExists.c: In function ‘main’:
/home/uhuj/skillbox_cpp/learn_cpp_tasks/out/build/GCC 11.3.0 x86_64-linux-gnu/CMakeFiles/CMakeScratch/TryCompile-ai2VOH/CheckSymbolExists.c:41:19: error: ‘stricmp’ undeclared (first use in this function); did you mean ‘strncmp’?
   41 |   return ((int*)(&stricmp))[argc];
      |                   ^~~~~~~
      |                   strncmp
/home/uhuj/skillbox_cpp/learn_cpp_tasks/out/build/GCC 11.3.0 x86_64-linux-gnu/CMakeFiles/CMakeScratch/TryCompile-ai2VOH/CheckSymbolExists.c:41:19: note: each undeclared identifier is reported only once for each function it appears in
/home/uhuj/skillbox_cpp/learn_cpp_tasks/out/build/GCC 11.3.0 x86_64-linux-gnu/CMakeFiles/CMakeScratch/TryCompile-ai2VOH/CheckSymbolExists.c:37:14: warning: parameter ‘argc’ set but not used [-Wunused-but-set-parameter]
   37 | int main(int argc, char** argv)
      |          ~~~~^~~~
gmake[1]: *** [CMakeFiles/cmTC_9d788.dir/build.make:78: CMakeFiles/cmTC_9d788.dir/CheckSymbolExists.c.o] Error 1
gmake[1]: Leaving directory '/home/uhuj/skillbox_cpp/learn_cpp_tasks/out/build/GCC 11.3.0 x86_64-linux-gnu/CMakeFiles/CMakeScratch/TryCompile-ai2VOH'
gmake: *** [Makefile:127: cmTC_9d788/fast] Error 2


File CheckSymbolExists.c:
/* */
#include <inttypes.h>
#include <sys/wait.h>
#include <sys/ioctl.h>
#include <sys/param.h>
#include <sys/poll.h>
#include <sys/resource.h>
#include <sys/select.h>
#include <sys/socket.h>
#include <sys/stat.h>
#include <sys/time.h>
#include <sys/types.h>
#include <sys/un.h>
#include <sys/xattr.h>
#include <arpa/inet.h>
#include <fcntl.h>
#include <ifaddrs.h>
#include <libgen.h>
#include <locale.h>
#include <net/if.h>
#include <netdb.h>
#include <netinet/in.h>
#include <netinet/tcp.h>
#include <netinet/udp.h>
#include <poll.h>
#include <pwd.h>
#include <stdatomic.h>
#include <stdbool.h>
#include <stdint.h>
#include <strings.h>
#include <termio.h>
#include <termios.h>
#include <unistd.h>
#include <utime.h>
#include <string.h>

int main(int argc, char** argv)
{
  (void)argv;
#ifndef stricmp
  return ((int*)(&stricmp))[argc];
#else
  (void)argc;
  return 0;
#endif
}
Determining if the strcmpi exist failed with the following output:
Change Dir: /home/uhuj/skillbox_cpp/learn_cpp_tasks/out/build/GCC 11.3.0 x86_64-linux-gnu/CMakeFiles/CMakeScratch/TryCompile-Eb6gwm

Run Build Command(s):/usr/bin/gmake -f Makefile cmTC_7ddd1/fast && /usr/bin/gmake  -f CMakeFiles/cmTC_7ddd1.dir/build.make CMakeFiles/cmTC_7ddd1.dir/build
gmake[1]: Entering directory '/home/uhuj/skillbox_cpp/learn_cpp_tasks/out/build/GCC 11.3.0 x86_64-linux-gnu/CMakeFiles/CMakeScratch/TryCompile-Eb6gwm'
Building C object CMakeFiles/cmTC_7ddd1.dir/CheckSymbolExists.c.o
/usr/bin/gcc-11   -W -Wall -pedantic -Wbad-function-cast -Wconversion -Winline -Wmissing-declarations -Wmissing-prototypes -Wnested-externs -Wno-long-long -Wno-multichar -Wpointer-arith -Wshadow -Wsign-compare -Wundef -Wunused -Wwrite-strings -Wcast-align -Wdeclaration-after-statement -Wempty-body -Wendif-labels -Wfloat-equal -Wignored-qualifiers -Wno-format-nonliteral -Wno-sign-conversion -Wno-system-headers -Wstrict-prototypes -Wtype-limits -Wvla -Wmissing-parameter-type -Wold-style-declaration -Wstrict-aliasing=3 -Wformat=2 -Warray-bounds=2 -ftree-vrp -Wduplicated-cond -Wnull-dereference -fdelete-null-pointer-checks -Wshift-negative-value -Wshift-overflow=2 -Walloc-zero -Wduplicated-branches -Wformat-overflow=2 -Wformat-truncation=1 -Wrestrict -Warith-conversion -Wdouble-promotion -Wenum-conversion -Wunused-const-variable  -o CMakeFiles/cmTC_7ddd1.dir/CheckSymbolExists.c.o -c "/home/uhuj/skillbox_cpp/learn_cpp_tasks/out/build/GCC 11.3.0 x86_64-linux-gnu/CMakeFiles/CMakeScratch/TryCompile-Eb6gwm/CheckSymbolExists.c"
/home/uhuj/skillbox_cpp/learn_cpp_tasks/out/build/GCC 11.3.0 x86_64-linux-gnu/CMakeFiles/CMakeScratch/TryCompile-Eb6gwm/CheckSymbolExists.c: In function ‘main’:
/home/uhuj/skillbox_cpp/learn_cpp_tasks/out/build/GCC 11.3.0 x86_64-linux-gnu/CMakeFiles/CMakeScratch/TryCompile-Eb6gwm/CheckSymbolExists.c:41:19: error: ‘strcmpi’ undeclared (first use in this function); did you mean ‘strcmp’?
   41 |   return ((int*)(&strcmpi))[argc];
      |                   ^~~~~~~
      |                   strcmp
/home/uhuj/skillbox_cpp/learn_cpp_tasks/out/build/GCC 11.3.0 x86_64-linux-gnu/CMakeFiles/CMakeScratch/TryCompile-Eb6gwm/CheckSymbolExists.c:41:19: note: each undeclared identifier is reported only once for each function it appears in
/home/uhuj/skillbox_cpp/learn_cpp_tasks/out/build/GCC 11.3.0 x86_64-linux-gnu/CMakeFiles/CMakeScratch/TryCompile-Eb6gwm/CheckSymbolExists.c:37:14: warning: parameter ‘argc’ set but not used [-Wunused-but-set-parameter]
   37 | int main(int argc, char** argv)
      |          ~~~~^~~~
gmake[1]: *** [CMakeFiles/cmTC_7ddd1.dir/build.make:78: CMakeFiles/cmTC_7ddd1.dir/CheckSymbolExists.c.o] Error 1
gmake[1]: Leaving directory '/home/uhuj/skillbox_cpp/learn_cpp_tasks/out/build/GCC 11.3.0 x86_64-linux-gnu/CMakeFiles/CMakeScratch/TryCompile-Eb6gwm'
gmake: *** [Makefile:127: cmTC_7ddd1/fast] Error 2


File CheckSymbolExists.c:
/* */
#include <inttypes.h>
#include <sys/wait.h>
#include <sys/ioctl.h>
#include <sys/param.h>
#include <sys/poll.h>
#include <sys/resource.h>
#include <sys/select.h>
#include <sys/socket.h>
#include <sys/stat.h>
#include <sys/time.h>
#include <sys/types.h>
#include <sys/un.h>
#include <sys/xattr.h>
#include <arpa/inet.h>
#include <fcntl.h>
#include <ifaddrs.h>
#include <libgen.h>
#include <locale.h>
#include <net/if.h>
#include <netdb.h>
#include <netinet/in.h>
#include <netinet/tcp.h>
#include <netinet/udp.h>
#include <poll.h>
#include <pwd.h>
#include <stdatomic.h>
#include <stdbool.h>
#include <stdint.h>
#include <strings.h>
#include <termio.h>
#include <termios.h>
#include <unistd.h>
#include <utime.h>
#include <string.h>

int main(int argc, char** argv)
{
  (void)argv;
#ifndef strcmpi
  return ((int*)(&strcmpi))[argc];
#else
  (void)argc;
  return 0;
#endif
}
Determining if the memrchr exist failed with the following output:
Change Dir: /home/uhuj/skillbox_cpp/learn_cpp_tasks/out/build/GCC 11.3.0 x86_64-linux-gnu/CMakeFiles/CMakeScratch/TryCompile-xUnxLc

Run Build Command(s):/usr/bin/gmake -f Makefile cmTC_86023/fast && /usr/bin/gmake  -f CMakeFiles/cmTC_86023.dir/build.make CMakeFiles/cmTC_86023.dir/build
gmake[1]: Entering directory '/home/uhuj/skillbox_cpp/learn_cpp_tasks/out/build/GCC 11.3.0 x86_64-linux-gnu/CMakeFiles/CMakeScratch/TryCompile-xUnxLc'
Building C object CMakeFiles/cmTC_86023.dir/CheckSymbolExists.c.o
/usr/bin/gcc-11   -W -Wall -pedantic -Wbad-function-cast -Wconversion -Winline -Wmissing-declarations -Wmissing-prototypes -Wnested-externs -Wno-long-long -Wno-multichar -Wpointer-arith -Wshadow -Wsign-compare -Wundef -Wunused -Wwrite-strings -Wcast-align -Wdeclaration-after-statement -Wempty-body -Wendif-labels -Wfloat-equal -Wignored-qualifiers -Wno-format-nonliteral -Wno-sign-conversion -Wno-system-headers -Wstrict-prototypes -Wtype-limits -Wvla -Wmissing-parameter-type -Wold-style-declaration -Wstrict-aliasing=3 -Wformat=2 -Warray-bounds=2 -ftree-vrp -Wduplicated-cond -Wnull-dereference -fdelete-null-pointer-checks -Wshift-negative-value -Wshift-overflow=2 -Walloc-zero -Wduplicated-branches -Wformat-overflow=2 -Wformat-truncation=1 -Wrestrict -Warith-conversion -Wdouble-promotion -Wenum-conversion -Wunused-const-variable  -o CMakeFiles/cmTC_86023.dir/CheckSymbolExists.c.o -c "/home/uhuj/skillbox_cpp/learn_cpp_tasks/out/build/GCC 11.3.0 x86_64-linux-gnu/CMakeFiles/CMakeScratch/TryCompile-xUnxLc/CheckSymbolExists.c"
/home/uhuj/skillbox_cpp/learn_cpp_tasks/out/build/GCC 11.3.0 x86_64-linux-gnu/CMakeFiles/CMakeScratch/TryCompile-xUnxLc/CheckSymbolExists.c: In function ‘main’:
/home/uhuj/skillbox_cpp/learn_cpp_tasks/out/build/GCC 11.3.0 x86_64-linux-gnu/CMakeFiles/CMakeScratch/TryCompile-xUnxLc/CheckSymbolExists.c:41:19: error: ‘memrchr’ undeclared (first use in this function); did you mean ‘memchr’?
   41 |   return ((int*)(&memrchr))[argc];
      |                   ^~~~~~~
      |                   memchr
/home/uhuj/skillbox_cpp/learn_cpp_tasks/out/build/GCC 11.3.0 x86_64-linux-gnu/CMakeFiles/CMakeScratch/TryCompile-xUnxLc/CheckSymbolExists.c:41:19: note: each undeclared identifier is reported only once for each function it appears in
/home/uhuj/skillbox_cpp/learn_cpp_tasks/out/build/GCC 11.3.0 x86_64-linux-gnu/CMakeFiles/CMakeScratch/TryCompile-xUnxLc/CheckSymbolExists.c:37:14: warning: parameter ‘argc’ set but not used [-Wunused-but-set-parameter]
   37 | int main(int argc, char** argv)
      |          ~~~~^~~~
gmake[1]: *** [CMakeFiles/cmTC_86023.dir/build.make:78: CMakeFiles/cmTC_86023.dir/CheckSymbolExists.c.o] Error 1
gmake[1]: Leaving directory '/home/uhuj/skillbox_cpp/learn_cpp_tasks/out/build/GCC 11.3.0 x86_64-linux-gnu/CMakeFiles/CMakeScratch/TryCompile-xUnxLc'
gmake: *** [Makefile:127: cmTC_86023/fast] Error 2


File CheckSymbolExists.c:
/* */
#include <inttypes.h>
#include <sys/wait.h>
#include <sys/ioctl.h>
#include <sys/param.h>
#include <sys/poll.h>
#include <sys/resource.h>
#include <sys/select.h>
#include <sys/socket.h>
#include <sys/stat.h>
#include <sys/time.h>
#include <sys/types.h>
#include <sys/un.h>
#include <sys/xattr.h>
#include <arpa/inet.h>
#include <fcntl.h>
#include <ifaddrs.h>
#include <libgen.h>
#include <locale.h>
#include <net/if.h>
#include <netdb.h>
#include <netinet/in.h>
#include <netinet/tcp.h>
#include <netinet/udp.h>
#include <poll.h>
#include <pwd.h>
#include <stdatomic.h>
#include <stdbool.h>
#include <stdint.h>
#include <strings.h>
#include <termio.h>
#include <termios.h>
#include <unistd.h>
#include <utime.h>
#include <string.h>

int main(int argc, char** argv)
{
  (void)argv;
#ifndef memrchr
  return ((int*)(&memrchr))[argc];
#else
  (void)argc;
  return 0;
#endif
}
Determining if the closesocket exist failed with the following output:
Change Dir: /home/uhuj/skillbox_cpp/learn_cpp_tasks/out/build/GCC 11.3.0 x86_64-linux-gnu/CMakeFiles/CMakeScratch/TryCompile-U8TqVw

Run Build Command(s):/usr/bin/gmake -f Makefile cmTC_51672/fast && /usr/bin/gmake  -f CMakeFiles/cmTC_51672.dir/build.make CMakeFiles/cmTC_51672.dir/build
gmake[1]: Entering directory '/home/uhuj/skillbox_cpp/learn_cpp_tasks/out/build/GCC 11.3.0 x86_64-linux-gnu/CMakeFiles/CMakeScratch/TryCompile-U8TqVw'
Building C object CMakeFiles/cmTC_51672.dir/CheckSymbolExists.c.o
/usr/bin/gcc-11   -W -Wall -pedantic -Wbad-function-cast -Wconversion -Winline -Wmissing-declarations -Wmissing-prototypes -Wnested-externs -Wno-long-long -Wno-multichar -Wpointer-arith -Wshadow -Wsign-compare -Wundef -Wunused -Wwrite-strings -Wcast-align -Wdeclaration-after-statement -Wempty-body -Wendif-labels -Wfloat-equal -Wignored-qualifiers -Wno-format-nonliteral -Wno-sign-conversion -Wno-system-headers -Wstrict-prototypes -Wtype-limits -Wvla -Wmissing-parameter-type -Wold-style-declaration -Wstrict-aliasing=3 -Wformat=2 -Warray-bounds=2 -ftree-vrp -Wduplicated-cond -Wnull-dereference -fdelete-null-pointer-checks -Wshift-negative-value -Wshift-overflow=2 -Walloc-zero -Wduplicated-branches -Wformat-overflow=2 -Wformat-truncation=1 -Wrestrict -Warith-conversion -Wdouble-promotion -Wenum-conversion -Wunused-const-variable  -o CMakeFiles/cmTC_51672.dir/CheckSymbolExists.c.o -c "/home/uhuj/skillbox_cpp/learn_cpp_tasks/out/build/GCC 11.3.0 x86_64-linux-gnu/CMakeFiles/CMakeScratch/TryCompile-U8TqVw/CheckSymbolExists.c"
/home/uhuj/skillbox_cpp/learn_cpp_tasks/out/build/GCC 11.3.0 x86_64-linux-gnu/CMakeFiles/CMakeScratch/TryCompile-U8TqVw/CheckSymbolExists.c: In function ‘main’:
/home/uhuj/skillbox_cpp/learn_cpp_tasks/out/build/GCC 11.3.0 x86_64-linux-gnu/CMakeFiles/CMakeScratch/TryCompile-U8TqVw/CheckSymbolExists.c:40:19: error: ‘closesocket’ undeclared (first use in this function)
   40 |   return ((int*)(&closesocket))[argc];
      |                   ^~~~~~~~~~~
/home/uhuj/skillbox_cpp/learn_cpp_tasks/out/build/GCC 11.3.0 x86_64-linux-gnu/CMakeFiles/CMakeScratch/TryCompile-U8TqVw/CheckSymbolExists.c:40:19: note: each undeclared identifier is reported only once for each function it appears in
/home/uhuj/skillbox_cpp/learn_cpp_tasks/out/build/GCC 11.3.0 x86_64-linux-gnu/CMakeFiles/CMakeScratch/TryCompile-U8TqVw/CheckSymbolExists.c:36:14: warning: parameter ‘argc’ set but not used [-Wunused-but-set-parameter]
   36 | int main(int argc, char** argv)
      |          ~~~~^~~~
gmake[1]: *** [CMakeFiles/cmTC_51672.dir/build.make:78: CMakeFiles/cmTC_51672.dir/CheckSymbolExists.c.o] Error 1
gmake[1]: Leaving directory '/home/uhuj/skillbox_cpp/learn_cpp_tasks/out/build/GCC 11.3.0 x86_64-linux-gnu/CMakeFiles/CMakeScratch/TryCompile-U8TqVw'
gmake: *** [Makefile:127: cmTC_51672/fast] Error 2


File CheckSymbolExists.c:
/* */
#include <inttypes.h>
#include <sys/wait.h>
#include <sys/ioctl.h>
#include <sys/param.h>
#include <sys/poll.h>
#include <sys/resource.h>
#include <sys/select.h>
#include <sys/socket.h>
#include <sys/stat.h>
#include <sys/time.h>
#include <sys/types.h>
#include <sys/un.h>
#include <sys/xattr.h>
#include <arpa/inet.h>
#include <fcntl.h>
#include <ifaddrs.h>
#include <libgen.h>
#include <locale.h>
#include <net/if.h>
#include <netdb.h>
#include <netinet/in.h>
#include <netinet/tcp.h>
#include <netinet/udp.h>
#include <poll.h>
#include <pwd.h>
#include <stdatomic.h>
#include <stdbool.h>
#include <stdint.h>
#include <strings.h>
#include <termio.h>
#include <termios.h>
#include <unistd.h>
#include <utime.h>

int main(int argc, char** argv)
{
  (void)argv;
#ifndef closesocket
  return ((int*)(&closesocket))[argc];
#else
  (void)argc;
  return 0;
#endif
}
Determining if the getpass_r exist failed with the following output:
Change Dir: /home/uhuj/skillbox_cpp/learn_cpp_tasks/out/build/GCC 11.3.0 x86_64-linux-gnu/CMakeFiles/CMakeScratch/TryCompile-tYamy7

Run Build Command(s):/usr/bin/gmake -f Makefile cmTC_df84c/fast && /usr/bin/gmake  -f CMakeFiles/cmTC_df84c.dir/build.make CMakeFiles/cmTC_df84c.dir/build
gmake[1]: Entering directory '/home/uhuj/skillbox_cpp/learn_cpp_tasks/out/build/GCC 11.3.0 x86_64-linux-gnu/CMakeFiles/CMakeScratch/TryCompile-tYamy7'
Building C object CMakeFiles/cmTC_df84c.dir/CheckSymbolExists.c.o
/usr/bin/gcc-11   -W -Wall -pedantic -Wbad-function-cast -Wconversion -Winline -Wmissing-declarations -Wmissing-prototypes -Wnested-externs -Wno-long-long -Wno-multichar -Wpointer-arith -Wshadow -Wsign-compare -Wundef -Wunused -Wwrite-strings -Wcast-align -Wdeclaration-after-statement -Wempty-body -Wendif-labels -Wfloat-equal -Wignored-qualifiers -Wno-format-nonliteral -Wno-sign-conversion -Wno-system-headers -Wstrict-prototypes -Wtype-limits -Wvla -Wmissing-parameter-type -Wold-style-declaration -Wstrict-aliasing=3 -Wformat=2 -Warray-bounds=2 -ftree-vrp -Wduplicated-cond -Wnull-dereference -fdelete-null-pointer-checks -Wshift-negative-value -Wshift-overflow=2 -Walloc-zero -Wduplicated-branches -Wformat-overflow=2 -Wformat-truncation=1 -Wrestrict -Warith-conversion -Wdouble-promotion -Wenum-conversion -Wunused-const-variable  -o CMakeFiles/cmTC_df84c.dir/CheckSymbolExists.c.o -c "/home/uhuj/skillbox_cpp/learn_cpp_tasks/out/build/GCC 11.3.0 x86_64-linux-gnu/CMakeFiles/CMakeScratch/TryCompile-tYamy7/CheckSymbolExists.c"
/home/uhuj/skillbox_cpp/learn_cpp_tasks/out/build/GCC 11.3.0 x86_64-linux-gnu/CMakeFiles/CMakeScratch/TryCompile-tYamy7/CheckSymbolExists.c: In function ‘main’:
/home/uhuj/skillbox_cpp/learn_cpp_tasks/out/build/GCC 11.3.0 x86_64-linux-gnu/CMakeFiles/CMakeScratch/TryCompile-tYamy7/CheckSymbolExists.c:40:19: error: ‘getpass_r’ undeclared (first use in this function); did you mean ‘getpass’?
   40 |   return ((int*)(&getpass_r))[argc];
      |                   ^~~~~~~~~
      |                   getpass
/home/uhuj/skillbox_cpp/learn_cpp_tasks/out/build/GCC 11.3.0 x86_64-linux-gnu/CMakeFiles/CMakeScratch/TryCompile-tYamy7/CheckSymbolExists.c:40:19: note: each undeclared identifier is reported only once for each function it appears in
/home/uhuj/skillbox_cpp/learn_cpp_tasks/out/build/GCC 11.3.0 x86_64-linux-gnu/CMakeFiles/CMakeScratch/TryCompile-tYamy7/CheckSymbolExists.c:36:14: warning: parameter ‘argc’ set but not used [-Wunused-but-set-parameter]
   36 | int main(int argc, char** argv)
      |          ~~~~^~~~
gmake[1]: *** [CMakeFiles/cmTC_df84c.dir/build.make:78: CMakeFiles/cmTC_df84c.dir/CheckSymbolExists.c.o] Error 1
gmake[1]: Leaving directory '/home/uhuj/skillbox_cpp/learn_cpp_tasks/out/build/GCC 11.3.0 x86_64-linux-gnu/CMakeFiles/CMakeScratch/TryCompile-tYamy7'
gmake: *** [Makefile:127: cmTC_df84c/fast] Error 2


File CheckSymbolExists.c:
/* */
#include <inttypes.h>
#include <sys/wait.h>
#include <sys/ioctl.h>
#include <sys/param.h>
#include <sys/poll.h>
#include <sys/resource.h>
#include <sys/select.h>
#include <sys/socket.h>
#include <sys/stat.h>
#include <sys/time.h>
#include <sys/types.h>
#include <sys/un.h>
#include <sys/xattr.h>
#include <arpa/inet.h>
#include <fcntl.h>
#include <ifaddrs.h>
#include <libgen.h>
#include <locale.h>
#include <net/if.h>
#include <netdb.h>
#include <netinet/in.h>
#include <netinet/tcp.h>
#include <netinet/udp.h>
#include <poll.h>
#include <pwd.h>
#include <stdatomic.h>
#include <stdbool.h>
#include <stdint.h>
#include <strings.h>
#include <termio.h>
#include <termios.h>
#include <unistd.h>
#include <utime.h>

int main(int argc, char** argv)
{
  (void)argv;
#ifndef getpass_r
  return ((int*)(&getpass_r))[argc];
#else
  (void)argc;
  return 0;
#endif
}
Determining if the _fseeki64 exist failed with the following output:
Change Dir: /home/uhuj/skillbox_cpp/learn_cpp_tasks/out/build/GCC 11.3.0 x86_64-linux-gnu/CMakeFiles/CMakeScratch/TryCompile-HMjyHB

Run Build Command(s):/usr/bin/gmake -f Makefile cmTC_6272c/fast && /usr/bin/gmake  -f CMakeFiles/cmTC_6272c.dir/build.make CMakeFiles/cmTC_6272c.dir/build
gmake[1]: Entering directory '/home/uhuj/skillbox_cpp/learn_cpp_tasks/out/build/GCC 11.3.0 x86_64-linux-gnu/CMakeFiles/CMakeScratch/TryCompile-HMjyHB'
Building C object CMakeFiles/cmTC_6272c.dir/CheckSymbolExists.c.o
/usr/bin/gcc-11   -W -Wall -pedantic -Wbad-function-cast -Wconversion -Winline -Wmissing-declarations -Wmissing-prototypes -Wnested-externs -Wno-long-long -Wno-multichar -Wpointer-arith -Wshadow -Wsign-compare -Wundef -Wunused -Wwrite-strings -Wcast-align -Wdeclaration-after-statement -Wempty-body -Wendif-labels -Wfloat-equal -Wignored-qualifiers -Wno-format-nonliteral -Wno-sign-conversion -Wno-system-headers -Wstrict-prototypes -Wtype-limits -Wvla -Wmissing-parameter-type -Wold-style-declaration -Wstrict-aliasing=3 -Wformat=2 -Warray-bounds=2 -ftree-vrp -Wduplicated-cond -Wnull-dereference -fdelete-null-pointer-checks -Wshift-negative-value -Wshift-overflow=2 -Walloc-zero -Wduplicated-branches -Wformat-overflow=2 -Wformat-truncation=1 -Wrestrict -Warith-conversion -Wdouble-promotion -Wenum-conversion -Wunused-const-variable  -o CMakeFiles/cmTC_6272c.dir/CheckSymbolExists.c.o -c "/home/uhuj/skillbox_cpp/learn_cpp_tasks/out/build/GCC 11.3.0 x86_64-linux-gnu/CMakeFiles/CMakeScratch/TryCompile-HMjyHB/CheckSymbolExists.c"
/home/uhuj/skillbox_cpp/learn_cpp_tasks/out/build/GCC 11.3.0 x86_64-linux-gnu/CMakeFiles/CMakeScratch/TryCompile-HMjyHB/CheckSymbolExists.c: In function ‘main’:
/home/uhuj/skillbox_cpp/learn_cpp_tasks/out/build/GCC 11.3.0 x86_64-linux-gnu/CMakeFiles/CMakeScratch/TryCompile-HMjyHB/CheckSymbolExists.c:41:19: error: ‘_fseeki64’ undeclared (first use in this function)
   41 |   return ((int*)(&_fseeki64))[argc];
      |                   ^~~~~~~~~
/home/uhuj/skillbox_cpp/learn_cpp_tasks/out/build/GCC 11.3.0 x86_64-linux-gnu/CMakeFiles/CMakeScratch/TryCompile-HMjyHB/CheckSymbolExists.c:41:19: note: each undeclared identifier is reported only once for each function it appears in
/home/uhuj/skillbox_cpp/learn_cpp_tasks/out/build/GCC 11.3.0 x86_64-linux-gnu/CMakeFiles/CMakeScratch/TryCompile-HMjyHB/CheckSymbolExists.c:37:14: warning: parameter ‘argc’ set but not used [-Wunused-but-set-parameter]
   37 | int main(int argc, char** argv)
      |          ~~~~^~~~
gmake[1]: *** [CMakeFiles/cmTC_6272c.dir/build.make:78: CMakeFiles/cmTC_6272c.dir/CheckSymbolExists.c.o] Error 1
gmake[1]: Leaving directory '/home/uhuj/skillbox_cpp/learn_cpp_tasks/out/build/GCC 11.3.0 x86_64-linux-gnu/CMakeFiles/CMakeScratch/TryCompile-HMjyHB'
gmake: *** [Makefile:127: cmTC_6272c/fast] Error 2


File CheckSymbolExists.c:
/* */
#include <inttypes.h>
#include <sys/wait.h>
#include <sys/ioctl.h>
#include <sys/param.h>
#include <sys/poll.h>
#include <sys/resource.h>
#include <sys/select.h>
#include <sys/socket.h>
#include <sys/stat.h>
#include <sys/time.h>
#include <sys/types.h>
#include <sys/un.h>
#include <sys/xattr.h>
#include <arpa/inet.h>
#include <fcntl.h>
#include <ifaddrs.h>
#include <libgen.h>
#include <locale.h>
#include <net/if.h>
#include <netdb.h>
#include <netinet/in.h>
#include <netinet/tcp.h>
#include <netinet/udp.h>
#include <poll.h>
#include <pwd.h>
#include <stdatomic.h>
#include <stdbool.h>
#include <stdint.h>
#include <strings.h>
#include <termio.h>
#include <termios.h>
#include <unistd.h>
#include <utime.h>
#include <stdio.h>

int main(int argc, char** argv)
{
  (void)argv;
#ifndef _fseeki64
  return ((int*)(&_fseeki64))[argc];
#else
  (void)argc;
  return 0;
#endif
}
Determining if the setmode exist failed with the following output:
Change Dir: /home/uhuj/skillbox_cpp/learn_cpp_tasks/out/build/GCC 11.3.0 x86_64-linux-gnu/CMakeFiles/CMakeScratch/TryCompile-nWT618

Run Build Command(s):/usr/bin/gmake -f Makefile cmTC_4e82a/fast && /usr/bin/gmake  -f CMakeFiles/cmTC_4e82a.dir/build.make CMakeFiles/cmTC_4e82a.dir/build
gmake[1]: Entering directory '/home/uhuj/skillbox_cpp/learn_cpp_tasks/out/build/GCC 11.3.0 x86_64-linux-gnu/CMakeFiles/CMakeScratch/TryCompile-nWT618'
Building C object CMakeFiles/cmTC_4e82a.dir/CheckSymbolExists.c.o
/usr/bin/gcc-11   -W -Wall -pedantic -Wbad-function-cast -Wconversion -Winline -Wmissing-declarations -Wmissing-prototypes -Wnested-externs -Wno-long-long -Wno-multichar -Wpointer-arith -Wshadow -Wsign-compare -Wundef -Wunused -Wwrite-strings -Wcast-align -Wdeclaration-after-statement -Wempty-body -Wendif-labels -Wfloat-equal -Wignored-qualifiers -Wno-format-nonliteral -Wno-sign-conversion -Wno-system-headers -Wstrict-prototypes -Wtype-limits -Wvla -Wmissing-parameter-type -Wold-style-declaration -Wstrict-aliasing=3 -Wformat=2 -Warray-bounds=2 -ftree-vrp -Wduplicated-cond -Wnull-dereference -fdelete-null-pointer-checks -Wshift-negative-value -Wshift-overflow=2 -Walloc-zero -Wduplicated-branches -Wformat-overflow=2 -Wformat-truncation=1 -Wrestrict -Warith-conversion -Wdouble-promotion -Wenum-conversion -Wunused-const-variable  -o CMakeFiles/cmTC_4e82a.dir/CheckSymbolExists.c.o -c "/home/uhuj/skillbox_cpp/learn_cpp_tasks/out/build/GCC 11.3.0 x86_64-linux-gnu/CMakeFiles/CMakeScratch/TryCompile-nWT618/CheckSymbolExists.c"
/home/uhuj/skillbox_cpp/learn_cpp_tasks/out/build/GCC 11.3.0 x86_64-linux-gnu/CMakeFiles/CMakeScratch/TryCompile-nWT618/CheckSymbolExists.c: In function ‘main’:
/home/uhuj/skillbox_cpp/learn_cpp_tasks/out/build/GCC 11.3.0 x86_64-linux-gnu/CMakeFiles/CMakeScratch/TryCompile-nWT618/CheckSymbolExists.c:40:19: error: ‘setmode’ undeclared (first use in this function)
   40 |   return ((int*)(&setmode))[argc];
      |                   ^~~~~~~
/home/uhuj/skillbox_cpp/learn_cpp_tasks/out/build/GCC 11.3.0 x86_64-linux-gnu/CMakeFiles/CMakeScratch/TryCompile-nWT618/CheckSymbolExists.c:40:19: note: each undeclared identifier is reported only once for each function it appears in
/home/uhuj/skillbox_cpp/learn_cpp_tasks/out/build/GCC 11.3.0 x86_64-linux-gnu/CMakeFiles/CMakeScratch/TryCompile-nWT618/CheckSymbolExists.c:36:14: warning: parameter ‘argc’ set but not used [-Wunused-but-set-parameter]
   36 | int main(int argc, char** argv)
      |          ~~~~^~~~
gmake[1]: *** [CMakeFiles/cmTC_4e82a.dir/build.make:78: CMakeFiles/cmTC_4e82a.dir/CheckSymbolExists.c.o] Error 1
gmake[1]: Leaving directory '/home/uhuj/skillbox_cpp/learn_cpp_tasks/out/build/GCC 11.3.0 x86_64-linux-gnu/CMakeFiles/CMakeScratch/TryCompile-nWT618'
gmake: *** [Makefile:127: cmTC_4e82a/fast] Error 2


File CheckSymbolExists.c:
/* */
#include <inttypes.h>
#include <sys/wait.h>
#include <sys/ioctl.h>
#include <sys/param.h>
#include <sys/poll.h>
#include <sys/resource.h>
#include <sys/select.h>
#include <sys/socket.h>
#include <sys/stat.h>
#include <sys/time.h>
#include <sys/types.h>
#include <sys/un.h>
#include <sys/xattr.h>
#include <arpa/inet.h>
#include <fcntl.h>
#include <ifaddrs.h>
#include <libgen.h>
#include <locale.h>
#include <net/if.h>
#include <netdb.h>
#include <netinet/in.h>
#include <netinet/tcp.h>
#include <netinet/udp.h>
#include <poll.h>
#include <pwd.h>
#include <stdatomic.h>
#include <stdbool.h>
#include <stdint.h>
#include <strings.h>
#include <termio.h>
#include <termios.h>
#include <unistd.h>
#include <utime.h>

int main(int argc, char** argv)
{
  (void)argv;
#ifndef setmode
  return ((int*)(&setmode))[argc];
#else
  (void)argc;
  return 0;
#endif
}
Determining if the function mach_absolute_time exists failed with the following output:
Change Dir: /home/uhuj/skillbox_cpp/learn_cpp_tasks/out/build/GCC 11.3.0 x86_64-linux-gnu/CMakeFiles/CMakeScratch/TryCompile-9AtOAg

Run Build Command(s):/usr/bin/gmake -f Makefile cmTC_35057/fast && /usr/bin/gmake  -f CMakeFiles/cmTC_35057.dir/build.make CMakeFiles/cmTC_35057.dir/build
gmake[1]: Entering directory '/home/uhuj/skillbox_cpp/learn_cpp_tasks/out/build/GCC 11.3.0 x86_64-linux-gnu/CMakeFiles/CMakeScratch/TryCompile-9AtOAg'
Building C object CMakeFiles/cmTC_35057.dir/CheckFunctionExists.c.o
/usr/bin/gcc-11   -W -Wall -pedantic -Wbad-function-cast -Wconversion -Winline -Wmissing-declarations -Wmissing-prototypes -Wnested-externs -Wno-long-long -Wno-multichar -Wpointer-arith -Wshadow -Wsign-compare -Wundef -Wunused -Wwrite-strings -Wcast-align -Wdeclaration-after-statement -Wempty-body -Wendif-labels -Wfloat-equal -Wignored-qualifiers -Wno-format-nonliteral -Wno-sign-conversion -Wno-system-headers -Wstrict-prototypes -Wtype-limits -Wvla -Wmissing-parameter-type -Wold-style-declaration -Wstrict-aliasing=3 -Wformat=2 -Warray-bounds=2 -ftree-vrp -Wduplicated-cond -Wnull-dereference -fdelete-null-pointer-checks -Wshift-negative-value -Wshift-overflow=2 -Walloc-zero -Wduplicated-branches -Wformat-overflow=2 -Wformat-truncation=1 -Wrestrict -Warith-conversion -Wdouble-promotion -Wenum-conversion -Wunused-const-variable -DCHECK_FUNCTION_EXISTS=mach_absolute_time -o CMakeFiles/cmTC_35057.dir/CheckFunctionExists.c.o -c "/home/uhuj/skillbox_cpp/learn_cpp_tasks/out/build/GCC 11.3.0 x86_64-linux-gnu/CMakeFiles/CMakeScratch/TryCompile-9AtOAg/CheckFunctionExists.c"
Linking C executable cmTC_35057
/usr/bin/cmake -E cmake_link_script CMakeFiles/cmTC_35057.dir/link.txt --verbose=1
/usr/bin/gcc-11   -W -Wall -pedantic -Wbad-function-cast -Wconversion -Winline -Wmissing-declarations -Wmissing-prototypes -Wnested-externs -Wno-long-long -Wno-multichar -Wpointer-arith -Wshadow -Wsign-compare -Wundef -Wunused -Wwrite-strings -Wcast-align -Wdeclaration-after-statement -Wempty-body -Wendif-labels -Wfloat-equal -Wignored-qualifiers -Wno-format-nonliteral -Wno-sign-conversion -Wno-system-headers -Wstrict-prototypes -Wtype-limits -Wvla -Wmissing-parameter-type -Wold-style-declaration -Wstrict-aliasing=3 -Wformat=2 -Warray-bounds=2 -ftree-vrp -Wduplicated-cond -Wnull-dereference -fdelete-null-pointer-checks -Wshift-negative-value -Wshift-overflow=2 -Walloc-zero -Wduplicated-branches -Wformat-overflow=2 -Wformat-truncation=1 -Wrestrict -Warith-conversion -Wdouble-promotion -Wenum-conversion -Wunused-const-variable -DCHECK_FUNCTION_EXISTS=mach_absolute_time CMakeFiles/cmTC_35057.dir/CheckFunctionExists.c.o -o cmTC_35057 
/usr/bin/ld: CMakeFiles/cmTC_35057.dir/CheckFunctionExists.c.o: in function `main':
CheckFunctionExists.c:(.text+0x10): undefined reference to `mach_absolute_time'
collect2: error: ld returned 1 exit status
gmake[1]: *** [CMakeFiles/cmTC_35057.dir/build.make:99: cmTC_35057] Error 1
gmake[1]: Leaving directory '/home/uhuj/skillbox_cpp/learn_cpp_tasks/out/build/GCC 11.3.0 x86_64-linux-gnu/CMakeFiles/CMakeScratch/TryCompile-9AtOAg'
gmake: *** [Makefile:127: cmTC_35057/fast] Error 2



Performing Curl Test HAVE_FSETXATTR_6 failed with the following output:
Change Dir: /home/uhuj/skillbox_cpp/learn_cpp_tasks/out/build/GCC 11.3.0 x86_64-linux-gnu/CMakeFiles/CMakeTmp

Run Build Command(s):/usr/bin/gmake -f Makefile cmTC_eb2a8/fast && /usr/bin/gmake  -f CMakeFiles/cmTC_eb2a8.dir/build.make CMakeFiles/cmTC_eb2a8.dir/build
gmake[1]: Entering directory '/home/uhuj/skillbox_cpp/learn_cpp_tasks/out/build/GCC 11.3.0 x86_64-linux-gnu/CMakeFiles/CMakeTmp'
Building C object CMakeFiles/cmTC_eb2a8.dir/CurlTests.c.o
/usr/bin/gcc-11   -W -Wall -pedantic -Wbad-function-cast -Wconversion -Winline -Wmissing-declarations -Wmissing-prototypes -Wnested-externs -Wno-long-long -Wno-multichar -Wpointer-arith -Wshadow -Wsign-compare -Wundef -Wunused -Wwrite-strings -Wcast-align -Wdeclaration-after-statement -Wempty-body -Wendif-labels -Wfloat-equal -Wignored-qualifiers -Wno-format-nonliteral -Wno-sign-conversion -Wno-system-headers -Wstrict-prototypes -Wtype-limits -Wvla -Wmissing-parameter-type -Wold-style-declaration -Wstrict-aliasing=3 -Wformat=2 -Warray-bounds=2 -ftree-vrp -Wduplicated-cond -Wnull-dereference -fdelete-null-pointer-checks -Wshift-negative-value -Wshift-overflow=2 -Walloc-zero -Wduplicated-branches -Wformat-overflow=2 -Wformat-truncation=1 -Wrestrict -Warith-conversion -Wdouble-promotion -Wenum-conversion -Wunused-const-variable -DHAVE_FSETXATTR_6  -DHAVE_INTTYPES_H -DHAVE_SYS_WAIT_H -DHAVE_SYS_IOCTL_H -DHAVE_SYS_PARAM_H -DHAVE_SYS_POLL_H -DHAVE_SYS_RESOURCE_H -DHAVE_SYS_SELECT_H -DHAVE_SYS_SOCKET_H -DHAVE_SYS_STAT_H -DHAVE_SYS_TIME_H -DHAVE_SYS_TYPES_H -DHAVE_SYS_UN_H -DHAVE_SYS_XATTR_H -DHAVE_ARPA_INET_H -DHAVE_FCNTL_H -DHAVE_IFADDRS_H -DHAVE_LIBGEN_H -DHAVE_LOCALE_H -DHAVE_NET_IF_H -DHAVE_NETDB_H -DHAVE_NETINET_IN_H -DHAVE_NETINET_TCP_H -DHAVE_NETINET_UDP_H -DHAVE_POLL_H -DHAVE_PWD_H -DHAVE_STDATOMIC_H -DHAVE_STDBOOL_H -DHAVE_STDINT_H -DHAVE_STRINGS_H -DHAVE_TERMIO_H -DHAVE_TERMIOS_H -DHAVE_UNISTD_H -DHAVE_UTIME_H -o CMakeFiles/cmTC_eb2a8.dir/CurlTests.c.o -c "/home/uhuj/skillbox_cpp/learn_cpp_tasks/out/build/GCC 11.3.0 x86_64-linux-gnu/_deps/curl-src/CMake/CurlTests.c"
/home/uhuj/skillbox_cpp/learn_cpp_tasks/out/build/GCC 11.3.0 x86_64-linux-gnu/_deps/curl-src/CMake/CurlTests.c:405:1: warning: function declaration isn’t a prototype [-Wstrict-prototypes]
  405 | main() {
      | ^~~~
/home/uhuj/skillbox_cpp/learn_cpp_tasks/out/build/GCC 11.3.0 x86_64-linux-gnu/_deps/curl-src/CMake/CurlTests.c: In function ‘main’:
/home/uhuj/skillbox_cpp/learn_cpp_tasks/out/build/GCC 11.3.0 x86_64-linux-gnu/_deps/curl-src/CMake/CurlTests.c:406:3: error: too many arguments to function ‘fsetxattr’
  406 |   fsetxattr(0, 0, 0, 0, 0, 0);
      |   ^~~~~~~~~
In file included from /home/uhuj/skillbox_cpp/learn_cpp_tasks/out/build/GCC 11.3.0 x86_64-linux-gnu/_deps/curl-src/CMake/CurlTests.c:403:
/usr/include/x86_64-linux-gnu/sys/xattr.h:54:12: note: declared here
   54 | extern int fsetxattr (int __fd, const char *__name, const void *__value,
      |            ^~~~~~~~~
gmake[1]: *** [CMakeFiles/cmTC_eb2a8.dir/build.make:78: CMakeFiles/cmTC_eb2a8.dir/CurlTests.c.o] Error 1
gmake[1]: Leaving directory '/home/uhuj/skillbox_cpp/learn_cpp_tasks/out/build/GCC 11.3.0 x86_64-linux-gnu/CMakeFiles/CMakeTmp'
gmake: *** [Makefile:127: cmTC_eb2a8/fast] Error 2


Determining size of ADDRESS_FAMILY failed with the following output:
Change Dir: /home/uhuj/skillbox_cpp/learn_cpp_tasks/out/build/GCC 11.3.0 x86_64-linux-gnu/CMakeFiles/CMakeScratch/TryCompile-QskQvx

Run Build Command(s):/usr/bin/gmake -f Makefile cmTC_f0df7/fast && /usr/bin/gmake  -f CMakeFiles/cmTC_f0df7.dir/build.make CMakeFiles/cmTC_f0df7.dir/build
gmake[1]: Entering directory '/home/uhuj/skillbox_cpp/learn_cpp_tasks/out/build/GCC 11.3.0 x86_64-linux-gnu/CMakeFiles/CMakeScratch/TryCompile-QskQvx'
Building C object CMakeFiles/cmTC_f0df7.dir/SIZEOF_ADDRESS_FAMILY.c.o
/usr/bin/gcc-11   -W -Wall -pedantic -Wbad-function-cast -Wconversion -Winline -Wmissing-declarations -Wmissing-prototypes -Wnested-externs -Wno-long-long -Wno-multichar -Wpointer-arith -Wshadow -Wsign-compare -Wundef -Wunused -Wwrite-strings -Wcast-align -Wdeclaration-after-statement -Wempty-body -Wendif-labels -Wfloat-equal -Wignored-qualifiers -Wno-format-nonliteral -Wno-sign-conversion -Wno-system-headers -Wstrict-prototypes -Wtype-limits -Wvla -Wmissing-parameter-type -Wold-style-declaration -Wstrict-aliasing=3 -Wformat=2 -Warray-bounds=2 -ftree-vrp -Wduplicated-cond -Wnull-dereference -fdelete-null-pointer-checks -Wshift-negative-value -Wshift-overflow=2 -Walloc-zero -Wduplicated-branches -Wformat-overflow=2 -Wformat-truncation=1 -Wrestrict -Warith-conversion -Wdouble-promotion -Wenum-conversion -Wunused-const-variable  -o CMakeFiles/cmTC_f0df7.dir/SIZEOF_ADDRESS_FAMILY.c.o -c "/home/uhuj/skillbox_cpp/learn_cpp_tasks/out/build/GCC 11.3.0 x86_64-linux-gnu/CMakeFiles/CMakeScratch/TryCompile-QskQvx/SIZEOF_ADDRESS_FAMILY.c"
/home/uhuj/skillbox_cpp/learn_cpp_tasks/out/build/GCC 11.3.0 x86_64-linux-gnu/CMakeFiles/CMakeScratch/TryCompile-QskQvx/SIZEOF_ADDRESS_FAMILY.c:4:10: fatal error: ws2def.h: No such file or directory
    4 | #include "ws2def.h"
      |          ^~~~~~~~~~
compilation terminated.
gmake[1]: *** [CMakeFiles/cmTC_f0df7.dir/build.make:78: CMakeFiles/cmTC_f0df7.dir/SIZEOF_ADDRESS_FAMILY.c.o] Error 1
gmake[1]: Leaving directory '/home/uhuj/skillbox_cpp/learn_cpp_tasks/out/build/GCC 11.3.0 x86_64-linux-gnu/CMakeFiles/CMakeScratch/TryCompile-QskQvx'
gmake: *** [Makefile:127: cmTC_f0df7/fast] Error 2


SIZEOF_ADDRESS_FAMILY.c:
#include <sys/types.h>
#include <stdint.h>
#include <stddef.h>
#include "ws2def.h"


#undef KEY
#if defined(__i386)
# define KEY '_','_','i','3','8','6'
#elif defined(__x86_64)
# define KEY '_','_','x','8','6','_','6','4'
#elif defined(__PPC64__)
# define KEY '_','_','P','P','C','6','4','_','_'
#elif defined(__ppc64__)
# define KEY '_','_','p','p','c','6','4','_','_'
#elif defined(__PPC__)
# define KEY '_','_','P','P','C','_','_'
#elif defined(__ppc__)
# define KEY '_','_','p','p','c','_','_'
#elif defined(__aarch64__)
# define KEY '_','_','a','a','r','c','h','6','4','_','_'
#elif defined(__ARM_ARCH_7A__)
# define KEY '_','_','A','R','M','_','A','R','C','H','_','7','A','_','_'
#elif defined(__ARM_ARCH_7S__)
# define KEY '_','_','A','R','M','_','A','R','C','H','_','7','S','_','_'
#endif

#define SIZE (sizeof(ADDRESS_FAMILY))
static char info_size[] =  {'I', 'N', 'F', 'O', ':', 's','i','z','e','[',
  ('0' + ((SIZE / 10000)%10)),
  ('0' + ((SIZE / 1000)%10)),
  ('0' + ((SIZE / 100)%10)),
  ('0' + ((SIZE / 10)%10)),
  ('0' +  (SIZE    % 10)),
  ']',
#ifdef KEY
  ' ','k','e','y','[', KEY, ']',
#endif
  '\0'};

#ifdef __CLASSIC_C__
int main(argc, argv) int argc; char *argv[];
#else
int main(int argc, char *argv[])
#endif
{
  int require = 0;
  require += info_size[argc];
  (void)argv;
  return require;
}


Performing Curl Test HAVE_IOCTLSOCKET failed with the following output:
Change Dir: /home/uhuj/skillbox_cpp/learn_cpp_tasks/out/build/GCC 11.3.0 x86_64-linux-gnu/CMakeFiles/CMakeTmp

Run Build Command(s):/usr/bin/gmake -f Makefile cmTC_2906c/fast && /usr/bin/gmake  -f CMakeFiles/cmTC_2906c.dir/build.make CMakeFiles/cmTC_2906c.dir/build
gmake[1]: Entering directory '/home/uhuj/skillbox_cpp/learn_cpp_tasks/out/build/GCC 11.3.0 x86_64-linux-gnu/CMakeFiles/CMakeTmp'
Building C object CMakeFiles/cmTC_2906c.dir/CurlTests.c.o
/usr/bin/gcc-11   -W -Wall -pedantic -Wbad-function-cast -Wconversion -Winline -Wmissing-declarations -Wmissing-prototypes -Wnested-externs -Wno-long-long -Wno-multichar -Wpointer-arith -Wshadow -Wsign-compare -Wundef -Wunused -Wwrite-strings -Wcast-align -Wdeclaration-after-statement -Wempty-body -Wendif-labels -Wfloat-equal -Wignored-qualifiers -Wno-format-nonliteral -Wno-sign-conversion -Wno-system-headers -Wstrict-prototypes -Wtype-limits -Wvla -Wmissing-parameter-type -Wold-style-declaration -Wstrict-aliasing=3 -Wformat=2 -Warray-bounds=2 -ftree-vrp -Wduplicated-cond -Wnull-dereference -fdelete-null-pointer-checks -Wshift-negative-value -Wshift-overflow=2 -Walloc-zero -Wduplicated-branches -Wformat-overflow=2 -Wformat-truncation=1 -Wrestrict -Warith-conversion -Wdouble-promotion -Wenum-conversion -Wunused-const-variable -DHAVE_IOCTLSOCKET  -DHAVE_INTTYPES_H -DHAVE_SYS_WAIT_H -DHAVE_SYS_IOCTL_H -DHAVE_SYS_PARAM_H -DHAVE_SYS_POLL_H -DHAVE_SYS_RESOURCE_H -DHAVE_SYS_SELECT_H -DHAVE_SYS_SOCKET_H -DHAVE_SYS_STAT_H -DHAVE_SYS_TIME_H -DHAVE_SYS_TYPES_H -DHAVE_SYS_UN_H -DHAVE_SYS_XATTR_H -DHAVE_ARPA_INET_H -DHAVE_FCNTL_H -DHAVE_IFADDRS_H -DHAVE_LIBGEN_H -DHAVE_LOCALE_H -DHAVE_NET_IF_H -DHAVE_NETDB_H -DHAVE_NETINET_IN_H -DHAVE_NETINET_TCP_H -DHAVE_NETINET_UDP_H -DHAVE_POLL_H -DHAVE_PWD_H -DHAVE_STDATOMIC_H -DHAVE_STDBOOL_H -DHAVE_STDINT_H -DHAVE_STRINGS_H -DHAVE_TERMIO_H -DHAVE_TERMIOS_H -DHAVE_UNISTD_H -DHAVE_UTIME_H -o CMakeFiles/cmTC_2906c.dir/CurlTests.c.o -c "/home/uhuj/skillbox_cpp/learn_cpp_tasks/out/build/GCC 11.3.0 x86_64-linux-gnu/_deps/curl-src/CMake/CurlTests.c"
/home/uhuj/skillbox_cpp/learn_cpp_tasks/out/build/GCC 11.3.0 x86_64-linux-gnu/_deps/curl-src/CMake/CurlTests.c:199:1: warning: function declaration isn’t a prototype [-Wstrict-prototypes]
  199 | main ()
      | ^~~~
/home/uhuj/skillbox_cpp/learn_cpp_tasks/out/build/GCC 11.3.0 x86_64-linux-gnu/_deps/curl-src/CMake/CurlTests.c: In function ‘main’:
/home/uhuj/skillbox_cpp/learn_cpp_tasks/out/build/GCC 11.3.0 x86_64-linux-gnu/_deps/curl-src/CMake/CurlTests.c:204:24: warning: implicit declaration of function ‘ioctlsocket’ [-Wimplicit-function-declaration]
  204 |  unsigned long flags = ioctlsocket(socket, FIONBIO, &flags);
      |                        ^~~~~~~~~~~
/home/uhuj/skillbox_cpp/learn_cpp_tasks/out/build/GCC 11.3.0 x86_64-linux-gnu/_deps/curl-src/CMake/CurlTests.c:204:24: warning: nested extern declaration of ‘ioctlsocket’ [-Wnested-externs]
/home/uhuj/skillbox_cpp/learn_cpp_tasks/out/build/GCC 11.3.0 x86_64-linux-gnu/_deps/curl-src/CMake/CurlTests.c:204:44: error: ‘FIONBIO’ undeclared (first use in this function)
  204 |  unsigned long flags = ioctlsocket(socket, FIONBIO, &flags);
      |                                            ^~~~~~~
/home/uhuj/skillbox_cpp/learn_cpp_tasks/out/build/GCC 11.3.0 x86_64-linux-gnu/_deps/curl-src/CMake/CurlTests.c:204:44: note: each undeclared identifier is reported only once for each function it appears in
gmake[1]: *** [CMakeFiles/cmTC_2906c.dir/build.make:78: CMakeFiles/cmTC_2906c.dir/CurlTests.c.o] Error 1
gmake[1]: Leaving directory '/home/uhuj/skillbox_cpp/learn_cpp_tasks/out/build/GCC 11.3.0 x86_64-linux-gnu/CMakeFiles/CMakeTmp'
gmake: *** [Makefile:127: cmTC_2906c/fast] Error 2


Performing Curl Test HAVE_IOCTLSOCKET_CAMEL failed with the following output:
Change Dir: /home/uhuj/skillbox_cpp/learn_cpp_tasks/out/build/GCC 11.3.0 x86_64-linux-gnu/CMakeFiles/CMakeTmp

Run Build Command(s):/usr/bin/gmake -f Makefile cmTC_aa0d8/fast && /usr/bin/gmake  -f CMakeFiles/cmTC_aa0d8.dir/build.make CMakeFiles/cmTC_aa0d8.dir/build
gmake[1]: Entering directory '/home/uhuj/skillbox_cpp/learn_cpp_tasks/out/build/GCC 11.3.0 x86_64-linux-gnu/CMakeFiles/CMakeTmp'
Building C object CMakeFiles/cmTC_aa0d8.dir/CurlTests.c.o
/usr/bin/gcc-11   -W -Wall -pedantic -Wbad-function-cast -Wconversion -Winline -Wmissing-declarations -Wmissing-prototypes -Wnested-externs -Wno-long-long -Wno-multichar -Wpointer-arith -Wshadow -Wsign-compare -Wundef -Wunused -Wwrite-strings -Wcast-align -Wdeclaration-after-statement -Wempty-body -Wendif-labels -Wfloat-equal -Wignored-qualifiers -Wno-format-nonliteral -Wno-sign-conversion -Wno-system-headers -Wstrict-prototypes -Wtype-limits -Wvla -Wmissing-parameter-type -Wold-style-declaration -Wstrict-aliasing=3 -Wformat=2 -Warray-bounds=2 -ftree-vrp -Wduplicated-cond -Wnull-dereference -fdelete-null-pointer-checks -Wshift-negative-value -Wshift-overflow=2 -Walloc-zero -Wduplicated-branches -Wformat-overflow=2 -Wformat-truncation=1 -Wrestrict -Warith-conversion -Wdouble-promotion -Wenum-conversion -Wunused-const-variable -DHAVE_IOCTLSOCKET_CAMEL  -DHAVE_INTTYPES_H -DHAVE_SYS_WAIT_H -DHAVE_SYS_IOCTL_H -DHAVE_SYS_PARAM_H -DHAVE_SYS_POLL_H -DHAVE_SYS_RESOURCE_H -DHAVE_SYS_SELECT_H -DHAVE_SYS_SOCKET_H -DHAVE_SYS_STAT_H -DHAVE_SYS_TIME_H -DHAVE_SYS_TYPES_H -DHAVE_SYS_UN_H -DHAVE_SYS_XATTR_H -DHAVE_ARPA_INET_H -DHAVE_FCNTL_H -DHAVE_IFADDRS_H -DHAVE_LIBGEN_H -DHAVE_LOCALE_H -DHAVE_NET_IF_H -DHAVE_NETDB_H -DHAVE_NETINET_IN_H -DHAVE_NETINET_TCP_H -DHAVE_NETINET_UDP_H -DHAVE_POLL_H -DHAVE_PWD_H -DHAVE_STDATOMIC_H -DHAVE_STDBOOL_H -DHAVE_STDINT_H -DHAVE_STRINGS_H -DHAVE_TERMIO_H -DHAVE_TERMIOS_H -DHAVE_UNISTD_H -DHAVE_UTIME_H -o CMakeFiles/cmTC_aa0d8.dir/CurlTests.c.o -c "/home/uhuj/skillbox_cpp/learn_cpp_tasks/out/build/GCC 11.3.0 x86_64-linux-gnu/_deps/curl-src/CMake/CurlTests.c"
/home/uhuj/skillbox_cpp/learn_cpp_tasks/out/build/GCC 11.3.0 x86_64-linux-gnu/_deps/curl-src/CMake/CurlTests.c:224:1: warning: function declaration isn’t a prototype [-Wstrict-prototypes]
  224 | main ()
      | ^~~~
/home/uhuj/skillbox_cpp/learn_cpp_tasks/out/build/GCC 11.3.0 x86_64-linux-gnu/_deps/curl-src/CMake/CurlTests.c: In function ‘main’:
/home/uhuj/skillbox_cpp/learn_cpp_tasks/out/build/GCC 11.3.0 x86_64-linux-gnu/_deps/curl-src/CMake/CurlTests.c:228:13: warning: implicit declaration of function ‘IoctlSocket’ [-Wimplicit-function-declaration]
  228 |     if(0 != IoctlSocket(0, 0, 0))
      |             ^~~~~~~~~~~
/home/uhuj/skillbox_cpp/learn_cpp_tasks/out/build/GCC 11.3.0 x86_64-linux-gnu/_deps/curl-src/CMake/CurlTests.c:228:13: warning: nested extern declaration of ‘IoctlSocket’ [-Wnested-externs]
Linking C executable cmTC_aa0d8
/usr/bin/cmake -E cmake_link_script CMakeFiles/cmTC_aa0d8.dir/link.txt --verbose=1
/usr/bin/gcc-11   -W -Wall -pedantic -Wbad-function-cast -Wconversion -Winline -Wmissing-declarations -Wmissing-prototypes -Wnested-externs -Wno-long-long -Wno-multichar -Wpointer-arith -Wshadow -Wsign-compare -Wundef -Wunused -Wwrite-strings -Wcast-align -Wdeclaration-after-statement -Wempty-body -Wendif-labels -Wfloat-equal -Wignored-qualifiers -Wno-format-nonliteral -Wno-sign-conversion -Wno-system-headers -Wstrict-prototypes -Wtype-limits -Wvla -Wmissing-parameter-type -Wold-style-declaration -Wstrict-aliasing=3 -Wformat=2 -Warray-bounds=2 -ftree-vrp -Wduplicated-cond -Wnull-dereference -fdelete-null-pointer-checks -Wshift-negative-value -Wshift-overflow=2 -Walloc-zero -Wduplicated-branches -Wformat-overflow=2 -Wformat-truncation=1 -Wrestrict -Warith-conversion -Wdouble-promotion -Wenum-conversion -Wunused-const-variable -DHAVE_IOCTLSOCKET_CAMEL  -DHAVE_INTTYPES_H -DHAVE_SYS_WAIT_H -DHAVE_SYS_IOCTL_H -DHAVE_SYS_PARAM_H -DHAVE_SYS_POLL_H -DHAVE_SYS_RESOURCE_H -DHAVE_SYS_SELECT_H -DHAVE_SYS_SOCKET_H -DHAVE_SYS_STAT_H -DHAVE_SYS_TIME_H -DHAVE_SYS_TYPES_H -DHAVE_SYS_UN_H -DHAVE_SYS_XATTR_H -DHAVE_ARPA_INET_H -DHAVE_FCNTL_H -DHAVE_IFADDRS_H -DHAVE_LIBGEN_H -DHAVE_LOCALE_H -DHAVE_NET_IF_H -DHAVE_NETDB_H -DHAVE_NETINET_IN_H -DHAVE_NETINET_TCP_H -DHAVE_NETINET_UDP_H -DHAVE_POLL_H -DHAVE_PWD_H -DHAVE_STDATOMIC_H -DHAVE_STDBOOL_H -DHAVE_STDINT_H -DHAVE_STRINGS_H -DHAVE_TERMIO_H -DHAVE_TERMIOS_H -DHAVE_UNISTD_H -DHAVE_UTIME_H CMakeFiles/cmTC_aa0d8.dir/CurlTests.c.o -o cmTC_aa0d8 
/usr/bin/ld: CMakeFiles/cmTC_aa0d8.dir/CurlTests.c.o: in function `main':
CurlTests.c:(.text+0x19): undefined reference to `IoctlSocket'
collect2: error: ld returned 1 exit status
gmake[1]: *** [CMakeFiles/cmTC_aa0d8.dir/build.make:99: cmTC_aa0d8] Error 1
gmake[1]: Leaving directory '/home/uhuj/skillbox_cpp/learn_cpp_tasks/out/build/GCC 11.3.0 x86_64-linux-gnu/CMakeFiles/CMakeTmp'
gmake: *** [Makefile:127: cmTC_aa0d8/fast] Error 2


Performing Curl Test HAVE_IOCTLSOCKET_CAMEL_FIONBIO failed with the following output:
Change Dir: /home/uhuj/skillbox_cpp/learn_cpp_tasks/out/build/GCC 11.3.0 x86_64-linux-gnu/CMakeFiles/CMakeTmp

Run Build Command(s):/usr/bin/gmake -f Makefile cmTC_0573c/fast && /usr/bin/gmake  -f CMakeFiles/cmTC_0573c.dir/build.make CMakeFiles/cmTC_0573c.dir/build
gmake[1]: Entering directory '/home/uhuj/skillbox_cpp/learn_cpp_tasks/out/build/GCC 11.3.0 x86_64-linux-gnu/CMakeFiles/CMakeTmp'
Building C object CMakeFiles/cmTC_0573c.dir/CurlTests.c.o
/usr/bin/gcc-11   -W -Wall -pedantic -Wbad-function-cast -Wconversion -Winline -Wmissing-declarations -Wmissing-prototypes -Wnested-externs -Wno-long-long -Wno-multichar -Wpointer-arith -Wshadow -Wsign-compare -Wundef -Wunused -Wwrite-strings -Wcast-align -Wdeclaration-after-statement -Wempty-body -Wendif-labels -Wfloat-equal -Wignored-qualifiers -Wno-format-nonliteral -Wno-sign-conversion -Wno-system-headers -Wstrict-prototypes -Wtype-limits -Wvla -Wmissing-parameter-type -Wold-style-declaration -Wstrict-aliasing=3 -Wformat=2 -Warray-bounds=2 -ftree-vrp -Wduplicated-cond -Wnull-dereference -fdelete-null-pointer-checks -Wshift-negative-value -Wshift-overflow=2 -Walloc-zero -Wduplicated-branches -Wformat-overflow=2 -Wformat-truncation=1 -Wrestrict -Warith-conversion -Wdouble-promotion -Wenum-conversion -Wunused-const-variable -DHAVE_IOCTLSOCKET_CAMEL_FIONBIO  -DHAVE_INTTYPES_H -DHAVE_SYS_WAIT_H -DHAVE_SYS_IOCTL_H -DHAVE_SYS_PARAM_H -DHAVE_SYS_POLL_H -DHAVE_SYS_RESOURCE_H -DHAVE_SYS_SELECT_H -DHAVE_SYS_SOCKET_H -DHAVE_SYS_STAT_H -DHAVE_SYS_TIME_H -DHAVE_SYS_TYPES_H -DHAVE_SYS_UN_H -DHAVE_SYS_XATTR_H -DHAVE_ARPA_INET_H -DHAVE_FCNTL_H -DHAVE_IFADDRS_H -DHAVE_LIBGEN_H -DHAVE_LOCALE_H -DHAVE_NET_IF_H -DHAVE_NETDB_H -DHAVE_NETINET_IN_H -DHAVE_NETINET_TCP_H -DHAVE_NETINET_UDP_H -DHAVE_POLL_H -DHAVE_PWD_H -DHAVE_STDATOMIC_H -DHAVE_STDBOOL_H -DHAVE_STDINT_H -DHAVE_STRINGS_H -DHAVE_TERMIO_H -DHAVE_TERMIOS_H -DHAVE_UNISTD_H -DHAVE_UTIME_H -o CMakeFiles/cmTC_0573c.dir/CurlTests.c.o -c "/home/uhuj/skillbox_cpp/learn_cpp_tasks/out/build/GCC 11.3.0 x86_64-linux-gnu/_deps/curl-src/CMake/CurlTests.c"
/home/uhuj/skillbox_cpp/learn_cpp_tasks/out/build/GCC 11.3.0 x86_64-linux-gnu/_deps/curl-src/CMake/CurlTests.c:247:1: warning: function declaration isn’t a prototype [-Wstrict-prototypes]
  247 | main ()
      | ^~~~
/home/uhuj/skillbox_cpp/learn_cpp_tasks/out/build/GCC 11.3.0 x86_64-linux-gnu/_deps/curl-src/CMake/CurlTests.c: In function ‘main’:
/home/uhuj/skillbox_cpp/learn_cpp_tasks/out/build/GCC 11.3.0 x86_64-linux-gnu/_deps/curl-src/CMake/CurlTests.c:252:17: warning: implicit declaration of function ‘IoctlSocket’ [-Wimplicit-function-declaration]
  252 |         if(0 != IoctlSocket(0, FIONBIO, &flags))
      |                 ^~~~~~~~~~~
/home/uhuj/skillbox_cpp/learn_cpp_tasks/out/build/GCC 11.3.0 x86_64-linux-gnu/_deps/curl-src/CMake/CurlTests.c:252:17: warning: nested extern declaration of ‘IoctlSocket’ [-Wnested-externs]
/home/uhuj/skillbox_cpp/learn_cpp_tasks/out/build/GCC 11.3.0 x86_64-linux-gnu/_deps/curl-src/CMake/CurlTests.c:252:32: error: ‘FIONBIO’ undeclared (first use in this function)
  252 |         if(0 != IoctlSocket(0, FIONBIO, &flags))
      |                                ^~~~~~~
/home/uhuj/skillbox_cpp/learn_cpp_tasks/out/build/GCC 11.3.0 x86_64-linux-gnu/_deps/curl-src/CMake/CurlTests.c:252:32: note: each undeclared identifier is reported only once for each function it appears in
gmake[1]: *** [CMakeFiles/cmTC_0573c.dir/build.make:78: CMakeFiles/cmTC_0573c.dir/CurlTests.c.o] Error 1
gmake[1]: Leaving directory '/home/uhuj/skillbox_cpp/learn_cpp_tasks/out/build/GCC 11.3.0 x86_64-linux-gnu/CMakeFiles/CMakeTmp'
gmake: *** [Makefile:127: cmTC_0573c/fast] Error 2


Performing Curl Test HAVE_IOCTLSOCKET_FIONBIO failed with the following output:
Change Dir: /home/uhuj/skillbox_cpp/learn_cpp_tasks/out/build/GCC 11.3.0 x86_64-linux-gnu/CMakeFiles/CMakeTmp

Run Build Command(s):/usr/bin/gmake -f Makefile cmTC_4b58a/fast && /usr/bin/gmake  -f CMakeFiles/cmTC_4b58a.dir/build.make CMakeFiles/cmTC_4b58a.dir/build
gmake[1]: Entering directory '/home/uhuj/skillbox_cpp/learn_cpp_tasks/out/build/GCC 11.3.0 x86_64-linux-gnu/CMakeFiles/CMakeTmp'
Building C object CMakeFiles/cmTC_4b58a.dir/CurlTests.c.o
/usr/bin/gcc-11   -W -Wall -pedantic -Wbad-function-cast -Wconversion -Winline -Wmissing-declarations -Wmissing-prototypes -Wnested-externs -Wno-long-long -Wno-multichar -Wpointer-arith -Wshadow -Wsign-compare -Wundef -Wunused -Wwrite-strings -Wcast-align -Wdeclaration-after-statement -Wempty-body -Wendif-labels -Wfloat-equal -Wignored-qualifiers -Wno-format-nonliteral -Wno-sign-conversion -Wno-system-headers -Wstrict-prototypes -Wtype-limits -Wvla -Wmissing-parameter-type -Wold-style-declaration -Wstrict-aliasing=3 -Wformat=2 -Warray-bounds=2 -ftree-vrp -Wduplicated-cond -Wnull-dereference -fdelete-null-pointer-checks -Wshift-negative-value -Wshift-overflow=2 -Walloc-zero -Wduplicated-branches -Wformat-overflow=2 -Wformat-truncation=1 -Wrestrict -Warith-conversion -Wdouble-promotion -Wenum-conversion -Wunused-const-variable -DHAVE_IOCTLSOCKET_FIONBIO  -DHAVE_INTTYPES_H -DHAVE_SYS_WAIT_H -DHAVE_SYS_IOCTL_H -DHAVE_SYS_PARAM_H -DHAVE_SYS_POLL_H -DHAVE_SYS_RESOURCE_H -DHAVE_SYS_SELECT_H -DHAVE_SYS_SOCKET_H -DHAVE_SYS_STAT_H -DHAVE_SYS_TIME_H -DHAVE_SYS_TYPES_H -DHAVE_SYS_UN_H -DHAVE_SYS_XATTR_H -DHAVE_ARPA_INET_H -DHAVE_FCNTL_H -DHAVE_IFADDRS_H -DHAVE_LIBGEN_H -DHAVE_LOCALE_H -DHAVE_NET_IF_H -DHAVE_NETDB_H -DHAVE_NETINET_IN_H -DHAVE_NETINET_TCP_H -DHAVE_NETINET_UDP_H -DHAVE_POLL_H -DHAVE_PWD_H -DHAVE_STDATOMIC_H -DHAVE_STDBOOL_H -DHAVE_STDINT_H -DHAVE_STRINGS_H -DHAVE_TERMIO_H -DHAVE_TERMIOS_H -DHAVE_UNISTD_H -DHAVE_UTIME_H -o CMakeFiles/cmTC_4b58a.dir/CurlTests.c.o -c "/home/uhuj/skillbox_cpp/learn_cpp_tasks/out/build/GCC 11.3.0 x86_64-linux-gnu/_deps/curl-src/CMake/CurlTests.c"
/home/uhuj/skillbox_cpp/learn_cpp_tasks/out/build/GCC 11.3.0 x86_64-linux-gnu/_deps/curl-src/CMake/CurlTests.c:271:1: warning: function declaration isn’t a prototype [-Wstrict-prototypes]
  271 | main ()
      | ^~~~
/home/uhuj/skillbox_cpp/learn_cpp_tasks/out/build/GCC 11.3.0 x86_64-linux-gnu/_deps/curl-src/CMake/CurlTests.c: In function ‘main’:
/home/uhuj/skillbox_cpp/learn_cpp_tasks/out/build/GCC 11.3.0 x86_64-linux-gnu/_deps/curl-src/CMake/CurlTests.c:275:17: warning: implicit declaration of function ‘ioctlsocket’ [-Wimplicit-function-declaration]
  275 |         if(0 != ioctlsocket(0, FIONBIO, &flags))
      |                 ^~~~~~~~~~~
/home/uhuj/skillbox_cpp/learn_cpp_tasks/out/build/GCC 11.3.0 x86_64-linux-gnu/_deps/curl-src/CMake/CurlTests.c:275:17: warning: nested extern declaration of ‘ioctlsocket’ [-Wnested-externs]
/home/uhuj/skillbox_cpp/learn_cpp_tasks/out/build/GCC 11.3.0 x86_64-linux-gnu/_deps/curl-src/CMake/CurlTests.c:275:32: error: ‘FIONBIO’ undeclared (first use in this function)
  275 |         if(0 != ioctlsocket(0, FIONBIO, &flags))
      |                                ^~~~~~~
/home/uhuj/skillbox_cpp/learn_cpp_tasks/out/build/GCC 11.3.0 x86_64-linux-gnu/_deps/curl-src/CMake/CurlTests.c:275:32: note: each undeclared identifier is reported only once for each function it appears in
gmake[1]: *** [CMakeFiles/cmTC_4b58a.dir/build.make:78: CMakeFiles/cmTC_4b58a.dir/CurlTests.c.o] Error 1
gmake[1]: Leaving directory '/home/uhuj/skillbox_cpp/learn_cpp_tasks/out/build/GCC 11.3.0 x86_64-linux-gnu/CMakeFiles/CMakeTmp'
gmake: *** [Makefile:127: cmTC_4b58a/fast] Error 2


Performing Curl Test HAVE_SETSOCKOPT_SO_NONBLOCK failed with the following output:
Change Dir: /home/uhuj/skillbox_cpp/learn_cpp_tasks/out/build/GCC 11.3.0 x86_64-linux-gnu/CMakeFiles/CMakeTmp

Run Build Command(s):/usr/bin/gmake -f Makefile cmTC_3c06e/fast && /usr/bin/gmake  -f CMakeFiles/cmTC_3c06e.dir/build.make CMakeFiles/cmTC_3c06e.dir/build
gmake[1]: Entering directory '/home/uhuj/skillbox_cpp/learn_cpp_tasks/out/build/GCC 11.3.0 x86_64-linux-gnu/CMakeFiles/CMakeTmp'
Building C object CMakeFiles/cmTC_3c06e.dir/CurlTests.c.o
/usr/bin/gcc-11   -W -Wall -pedantic -Wbad-function-cast -Wconversion -Winline -Wmissing-declarations -Wmissing-prototypes -Wnested-externs -Wno-long-long -Wno-multichar -Wpointer-arith -Wshadow -Wsign-compare -Wundef -Wunused -Wwrite-strings -Wcast-align -Wdeclaration-after-statement -Wempty-body -Wendif-labels -Wfloat-equal -Wignored-qualifiers -Wno-format-nonliteral -Wno-sign-conversion -Wno-system-headers -Wstrict-prototypes -Wtype-limits -Wvla -Wmissing-parameter-type -Wold-style-declaration -Wstrict-aliasing=3 -Wformat=2 -Warray-bounds=2 -ftree-vrp -Wduplicated-cond -Wnull-dereference -fdelete-null-pointer-checks -Wshift-negative-value -Wshift-overflow=2 -Walloc-zero -Wduplicated-branches -Wformat-overflow=2 -Wformat-truncation=1 -Wrestrict -Warith-conversion -Wdouble-promotion -Wenum-conversion -Wunused-const-variable -DHAVE_SETSOCKOPT_SO_NONBLOCK  -DHAVE_INTTYPES_H -DHAVE_SYS_WAIT_H -DHAVE_SYS_IOCTL_H -DHAVE_SYS_PARAM_H -DHAVE_SYS_POLL_H -DHAVE_SYS_RESOURCE_H -DHAVE_SYS_SELECT_H -DHAVE_SYS_SOCKET_H -DHAVE_SYS_STAT_H -DHAVE_SYS_TIME_H -DHAVE_SYS_TYPES_H -DHAVE_SYS_UN_H -DHAVE_SYS_XATTR_H -DHAVE_ARPA_INET_H -DHAVE_FCNTL_H -DHAVE_IFADDRS_H -DHAVE_LIBGEN_H -DHAVE_LOCALE_H -DHAVE_NET_IF_H -DHAVE_NETDB_H -DHAVE_NETINET_IN_H -DHAVE_NETINET_TCP_H -DHAVE_NETINET_UDP_H -DHAVE_POLL_H -DHAVE_PWD_H -DHAVE_STDATOMIC_H -DHAVE_STDBOOL_H -DHAVE_STDINT_H -DHAVE_STRINGS_H -DHAVE_TERMIO_H -DHAVE_TERMIOS_H -DHAVE_UNISTD_H -DHAVE_UTIME_H -o CMakeFiles/cmTC_3c06e.dir/CurlTests.c.o -c "/home/uhuj/skillbox_cpp/learn_cpp_tasks/out/build/GCC 11.3.0 x86_64-linux-gnu/_deps/curl-src/CMake/CurlTests.c"
/home/uhuj/skillbox_cpp/learn_cpp_tasks/out/build/GCC 11.3.0 x86_64-linux-gnu/_deps/curl-src/CMake/CurlTests.c:365:1: warning: function declaration isn’t a prototype [-Wstrict-prototypes]
  365 | main ()
      | ^~~~
/home/uhuj/skillbox_cpp/learn_cpp_tasks/out/build/GCC 11.3.0 x86_64-linux-gnu/_deps/curl-src/CMake/CurlTests.c: In function ‘main’:
/home/uhuj/skillbox_cpp/learn_cpp_tasks/out/build/GCC 11.3.0 x86_64-linux-gnu/_deps/curl-src/CMake/CurlTests.c:367:43: error: ‘SO_NONBLOCK’ undeclared (first use in this function); did you mean ‘SOCK_NONBLOCK’?
  367 |         if(0 != setsockopt(0, SOL_SOCKET, SO_NONBLOCK, 0, 0))
      |                                           ^~~~~~~~~~~
      |                                           SOCK_NONBLOCK
/home/uhuj/skillbox_cpp/learn_cpp_tasks/out/build/GCC 11.3.0 x86_64-linux-gnu/_deps/curl-src/CMake/CurlTests.c:367:43: note: each undeclared identifier is reported only once for each function it appears in
gmake[1]: *** [CMakeFiles/cmTC_3c06e.dir/build.make:78: CMakeFiles/cmTC_3c06e.dir/CurlTests.c.o] Error 1
gmake[1]: Leaving directory '/home/uhuj/skillbox_cpp/learn_cpp_tasks/out/build/GCC 11.3.0 x86_64-linux-gnu/CMakeFiles/CMakeTmp'
gmake: *** [Makefile:127: cmTC_3c06e/fast] Error 2


Performing Curl Test HAVE_O_NONBLOCK failed with the following output:
Change Dir: /home/uhuj/skillbox_cpp/learn_cpp_tasks/out/build/GCC 11.3.0 x86_64-linux-gnu/CMakeFiles/CMakeTmp

Run Build Command(s):/usr/bin/gmake -f Makefile cmTC_a130b/fast && /usr/bin/gmake  -f CMakeFiles/cmTC_a130b.dir/build.make CMakeFiles/cmTC_a130b.dir/build
gmake[1]: Entering directory '/home/uhuj/skillbox_cpp/learn_cpp_tasks/out/build/GCC 11.3.0 x86_64-linux-gnu/CMakeFiles/CMakeTmp'
Building C object CMakeFiles/cmTC_a130b.dir/CurlTests.c.o
/usr/bin/gcc-11   -W -Wall -pedantic -Wbad-function-cast -Wconversion -Winline -Wmissing-declarations -Wmissing-prototypes -Wnested-externs -Wno-long-long -Wno-multichar -Wpointer-arith -Wshadow -Wsign-compare -Wundef -Wunused -Wwrite-strings -Wcast-align -Wdeclaration-after-statement -Wempty-body -Wendif-labels -Wfloat-equal -Wignored-qualifiers -Wno-format-nonliteral -Wno-sign-conversion -Wno-system-headers -Wstrict-prototypes -Wtype-limits -Wvla -Wmissing-parameter-type -Wold-style-declaration -Wstrict-aliasing=3 -Wformat=2 -Warray-bounds=2 -ftree-vrp -Wduplicated-cond -Wnull-dereference -fdelete-null-pointer-checks -Wshift-negative-value -Wshift-overflow=2 -Walloc-zero -Wduplicated-branches -Wformat-overflow=2 -Wformat-truncation=1 -Wrestrict -Warith-conversion -Wdouble-promotion -Wenum-conversion -Wunused-const-variable -DHAVE_O_NONBLOCK  -DHAVE_INTTYPES_H -DHAVE_SYS_WAIT_H -DHAVE_SYS_IOCTL_H -DHAVE_SYS_PARAM_H -DHAVE_SYS_POLL_H -DHAVE_SYS_RESOURCE_H -DHAVE_SYS_SELECT_H -DHAVE_SYS_SOCKET_H -DHAVE_SYS_STAT_H -DHAVE_SYS_TIME_H -DHAVE_SYS_TYPES_H -DHAVE_SYS_UN_H -DHAVE_SYS_XATTR_H -DHAVE_ARPA_INET_H -DHAVE_FCNTL_H -DHAVE_IFADDRS_H -DHAVE_LIBGEN_H -DHAVE_LOCALE_H -DHAVE_NET_IF_H -DHAVE_NETDB_H -DHAVE_NETINET_IN_H -DHAVE_NETINET_TCP_H -DHAVE_NETINET_UDP_H -DHAVE_POLL_H -DHAVE_PWD_H -DHAVE_STDATOMIC_H -DHAVE_STDBOOL_H -DHAVE_STDINT_H -DHAVE_STRINGS_H -DHAVE_TERMIO_H -DHAVE_TERMIOS_H -DHAVE_UNISTD_H -DHAVE_UTIME_H -o CMakeFiles/cmTC_a130b.dir/CurlTests.c.o -c "/home/uhuj/skillbox_cpp/learn_cpp_tasks/out/build/GCC 11.3.0 x86_64-linux-gnu/_deps/curl-src/CMake/CurlTests.c"
/home/uhuj/skillbox_cpp/learn_cpp_tasks/out/build/GCC 11.3.0 x86_64-linux-gnu/_deps/curl-src/CMake/CurlTests.c:516: warning: ISO C forbids an empty translation unit [-Wpedantic]
Linking C executable cmTC_a130b
/usr/bin/cmake -E cmake_link_script CMakeFiles/cmTC_a130b.dir/link.txt --verbose=1
/usr/bin/gcc-11   -W -Wall -pedantic -Wbad-function-cast -Wconversion -Winline -Wmissing-declarations -Wmissing-prototypes -Wnested-externs -Wno-long-long -Wno-multichar -Wpointer-arith -Wshadow -Wsign-compare -Wundef -Wunused -Wwrite-strings -Wcast-align -Wdeclaration-after-statement -Wempty-body -Wendif-labels -Wfloat-equal -Wignored-qualifiers -Wno-format-nonliteral -Wno-sign-conversion -Wno-system-headers -Wstrict-prototypes -Wtype-limits -Wvla -Wmissing-parameter-type -Wold-style-declaration -Wstrict-aliasing=3 -Wformat=2 -Warray-bounds=2 -ftree-vrp -Wduplicated-cond -Wnull-dereference -fdelete-null-pointer-checks -Wshift-negative-value -Wshift-overflow=2 -Walloc-zero -Wduplicated-branches -Wformat-overflow=2 -Wformat-truncation=1 -Wrestrict -Warith-conversion -Wdouble-promotion -Wenum-conversion -Wunused-const-variable -DHAVE_O_NONBLOCK  -DHAVE_INTTYPES_H -DHAVE_SYS_WAIT_H -DHAVE_SYS_IOCTL_H -DHAVE_SYS_PARAM_H -DHAVE_SYS_POLL_H -DHAVE_SYS_RESOURCE_H -DHAVE_SYS_SELECT_H -DHAVE_SYS_SOCKET_H -DHAVE_SYS_STAT_H -DHAVE_SYS_TIME_H -DHAVE_SYS_TYPES_H -DHAVE_SYS_UN_H -DHAVE_SYS_XATTR_H -DHAVE_ARPA_INET_H -DHAVE_FCNTL_H -DHAVE_IFADDRS_H -DHAVE_LIBGEN_H -DHAVE_LOCALE_H -DHAVE_NET_IF_H -DHAVE_NETDB_H -DHAVE_NETINET_IN_H -DHAVE_NETINET_TCP_H -DHAVE_NETINET_UDP_H -DHAVE_POLL_H -DHAVE_PWD_H -DHAVE_STDATOMIC_H -DHAVE_STDBOOL_H -DHAVE_STDINT_H -DHAVE_STRINGS_H -DHAVE_TERMIO_H -DHAVE_TERMIOS_H -DHAVE_UNISTD_H -DHAVE_UTIME_H CMakeFiles/cmTC_a130b.dir/CurlTests.c.o -o cmTC_a130b 
/usr/bin/ld: /usr/lib/gcc/x86_64-linux-gnu/11/../../../x86_64-linux-gnu/Scrt1.o: in function `_start':
(.text+0x17): undefined reference to `main'
collect2: error: ld returned 1 exit status
gmake[1]: *** [CMakeFiles/cmTC_a130b.dir/build.make:99: cmTC_a130b] Error 1
gmake[1]: Leaving directory '/home/uhuj/skillbox_cpp/learn_cpp_tasks/out/build/GCC 11.3.0 x86_64-linux-gnu/CMakeFiles/CMakeTmp'
gmake: *** [Makefile:127: cmTC_a130b/fast] Error 2


Performing Curl Test HAVE_GETHOSTBYNAME_R_3 failed with the following output:
Change Dir: /home/uhuj/skillbox_cpp/learn_cpp_tasks/out/build/GCC 11.3.0 x86_64-linux-gnu/CMakeFiles/CMakeTmp

Run Build Command(s):/usr/bin/gmake -f Makefile cmTC_53f9a/fast && /usr/bin/gmake  -f CMakeFiles/cmTC_53f9a.dir/build.make CMakeFiles/cmTC_53f9a.dir/build
gmake[1]: Entering directory '/home/uhuj/skillbox_cpp/learn_cpp_tasks/out/build/GCC 11.3.0 x86_64-linux-gnu/CMakeFiles/CMakeTmp'
Building C object CMakeFiles/cmTC_53f9a.dir/CurlTests.c.o
/usr/bin/gcc-11   -W -Wall -pedantic -Wbad-function-cast -Wconversion -Winline -Wmissing-declarations -Wmissing-prototypes -Wnested-externs -Wno-long-long -Wno-multichar -Wpointer-arith -Wshadow -Wsign-compare -Wundef -Wunused -Wwrite-strings -Wcast-align -Wdeclaration-after-statement -Wempty-body -Wendif-labels -Wfloat-equal -Wignored-qualifiers -Wno-format-nonliteral -Wno-sign-conversion -Wno-system-headers -Wstrict-prototypes -Wtype-limits -Wvla -Wmissing-parameter-type -Wold-style-declaration -Wstrict-aliasing=3 -Wformat=2 -Warray-bounds=2 -ftree-vrp -Wduplicated-cond -Wnull-dereference -fdelete-null-pointer-checks -Wshift-negative-value -Wshift-overflow=2 -Walloc-zero -Wduplicated-branches -Wformat-overflow=2 -Wformat-truncation=1 -Wrestrict -Warith-conversion -Wdouble-promotion -Wenum-conversion -Wunused-const-variable -DHAVE_GETHOSTBYNAME_R_3  -DHAVE_INTTYPES_H -DHAVE_SYS_WAIT_H -DHAVE_SYS_IOCTL_H -DHAVE_SYS_PARAM_H -DHAVE_SYS_POLL_H -DHAVE_SYS_RESOURCE_H -DHAVE_SYS_SELECT_H -DHAVE_SYS_SOCKET_H -DHAVE_SYS_STAT_H -DHAVE_SYS_TIME_H -DHAVE_SYS_TYPES_H -DHAVE_SYS_UN_H -DHAVE_SYS_XATTR_H -DHAVE_ARPA_INET_H -DHAVE_FCNTL_H -DHAVE_IFADDRS_H -DHAVE_LIBGEN_H -DHAVE_LOCALE_H -DHAVE_NET_IF_H -DHAVE_NETDB_H -DHAVE_NETINET_IN_H -DHAVE_NETINET_TCP_H -DHAVE_NETINET_UDP_H -DHAVE_POLL_H -DHAVE_PWD_H -DHAVE_STDATOMIC_H -DHAVE_STDBOOL_H -DHAVE_STDINT_H -DHAVE_STRINGS_H -DHAVE_TERMIO_H -DHAVE_TERMIOS_H -DHAVE_UNISTD_H -DHAVE_UTIME_H -o CMakeFiles/cmTC_53f9a.dir/CurlTests.c.o -c "/home/uhuj/skillbox_cpp/learn_cpp_tasks/out/build/GCC 11.3.0 x86_64-linux-gnu/_deps/curl-src/CMake/CurlTests.c"
/home/uhuj/skillbox_cpp/learn_cpp_tasks/out/build/GCC 11.3.0 x86_64-linux-gnu/_deps/curl-src/CMake/CurlTests.c: In function ‘main’:
/home/uhuj/skillbox_cpp/learn_cpp_tasks/out/build/GCC 11.3.0 x86_64-linux-gnu/_deps/curl-src/CMake/CurlTests.c:75:19: warning: initialization discards ‘const’ qualifier from pointer target type [-Wdiscarded-qualifiers]
   75 |   char *address = "example.com";
      |                   ^~~~~~~~~~~~~
/home/uhuj/skillbox_cpp/learn_cpp_tasks/out/build/GCC 11.3.0 x86_64-linux-gnu/_deps/curl-src/CMake/CurlTests.c:82:23: error: storage size of ‘hdata’ isn’t known
   82 |   struct hostent_data hdata;
      |                       ^~~~~
/home/uhuj/skillbox_cpp/learn_cpp_tasks/out/build/GCC 11.3.0 x86_64-linux-gnu/_deps/curl-src/CMake/CurlTests.c:94:8: error: too few arguments to function ‘gethostbyname_r’
   94 |   rc = gethostbyname_r(address, &h, &hdata);
      |        ^~~~~~~~~~~~~~~
In file included from /home/uhuj/skillbox_cpp/learn_cpp_tasks/out/build/GCC 11.3.0 x86_64-linux-gnu/_deps/curl-src/CMake/CurlTests.c:72:
/usr/include/netdb.h:177:12: note: declared here
  177 | extern int gethostbyname_r (const char *__restrict __name,
      |            ^~~~~~~~~~~~~~~
/home/uhuj/skillbox_cpp/learn_cpp_tasks/out/build/GCC 11.3.0 x86_64-linux-gnu/_deps/curl-src/CMake/CurlTests.c:82:23: warning: unused variable ‘hdata’ [-Wunused-variable]
   82 |   struct hostent_data hdata;
      |                       ^~~~~
gmake[1]: *** [CMakeFiles/cmTC_53f9a.dir/build.make:78: CMakeFiles/cmTC_53f9a.dir/CurlTests.c.o] Error 1
gmake[1]: Leaving directory '/home/uhuj/skillbox_cpp/learn_cpp_tasks/out/build/GCC 11.3.0 x86_64-linux-gnu/CMakeFiles/CMakeTmp'
gmake: *** [Makefile:127: cmTC_53f9a/fast] Error 2


Performing Curl Test HAVE_GETHOSTBYNAME_R_5 failed with the following output:
Change Dir: /home/uhuj/skillbox_cpp/learn_cpp_tasks/out/build/GCC 11.3.0 x86_64-linux-gnu/CMakeFiles/CMakeTmp

Run Build Command(s):/usr/bin/gmake -f Makefile cmTC_3dcf3/fast && /usr/bin/gmake  -f CMakeFiles/cmTC_3dcf3.dir/build.make CMakeFiles/cmTC_3dcf3.dir/build
gmake[1]: Entering directory '/home/uhuj/skillbox_cpp/learn_cpp_tasks/out/build/GCC 11.3.0 x86_64-linux-gnu/CMakeFiles/CMakeTmp'
Building C object CMakeFiles/cmTC_3dcf3.dir/CurlTests.c.o
/usr/bin/gcc-11   -W -Wall -pedantic -Wbad-function-cast -Wconversion -Winline -Wmissing-declarations -Wmissing-prototypes -Wnested-externs -Wno-long-long -Wno-multichar -Wpointer-arith -Wshadow -Wsign-compare -Wundef -Wunused -Wwrite-strings -Wcast-align -Wdeclaration-after-statement -Wempty-body -Wendif-labels -Wfloat-equal -Wignored-qualifiers -Wno-format-nonliteral -Wno-sign-conversion -Wno-system-headers -Wstrict-prototypes -Wtype-limits -Wvla -Wmissing-parameter-type -Wold-style-declaration -Wstrict-aliasing=3 -Wformat=2 -Warray-bounds=2 -ftree-vrp -Wduplicated-cond -Wnull-dereference -fdelete-null-pointer-checks -Wshift-negative-value -Wshift-overflow=2 -Walloc-zero -Wduplicated-branches -Wformat-overflow=2 -Wformat-truncation=1 -Wrestrict -Warith-conversion -Wdouble-promotion -Wenum-conversion -Wunused-const-variable -DHAVE_GETHOSTBYNAME_R_5  -DHAVE_INTTYPES_H -DHAVE_SYS_WAIT_H -DHAVE_SYS_IOCTL_H -DHAVE_SYS_PARAM_H -DHAVE_SYS_POLL_H -DHAVE_SYS_RESOURCE_H -DHAVE_SYS_SELECT_H -DHAVE_SYS_SOCKET_H -DHAVE_SYS_STAT_H -DHAVE_SYS_TIME_H -DHAVE_SYS_TYPES_H -DHAVE_SYS_UN_H -DHAVE_SYS_XATTR_H -DHAVE_ARPA_INET_H -DHAVE_FCNTL_H -DHAVE_IFADDRS_H -DHAVE_LIBGEN_H -DHAVE_LOCALE_H -DHAVE_NET_IF_H -DHAVE_NETDB_H -DHAVE_NETINET_IN_H -DHAVE_NETINET_TCP_H -DHAVE_NETINET_UDP_H -DHAVE_POLL_H -DHAVE_PWD_H -DHAVE_STDATOMIC_H -DHAVE_STDBOOL_H -DHAVE_STDINT_H -DHAVE_STRINGS_H -DHAVE_TERMIO_H -DHAVE_TERMIOS_H -DHAVE_UNISTD_H -DHAVE_UTIME_H -o CMakeFiles/cmTC_3dcf3.dir/CurlTests.c.o -c "/home/uhuj/skillbox_cpp/learn_cpp_tasks/out/build/GCC 11.3.0 x86_64-linux-gnu/_deps/curl-src/CMake/CurlTests.c"
/home/uhuj/skillbox_cpp/learn_cpp_tasks/out/build/GCC 11.3.0 x86_64-linux-gnu/_deps/curl-src/CMake/CurlTests.c: In function ‘main’:
/home/uhuj/skillbox_cpp/learn_cpp_tasks/out/build/GCC 11.3.0 x86_64-linux-gnu/_deps/curl-src/CMake/CurlTests.c:75:19: warning: initialization discards ‘const’ qualifier from pointer target type [-Wdiscarded-qualifiers]
   75 |   char *address = "example.com";
      |                   ^~~~~~~~~~~~~
/home/uhuj/skillbox_cpp/learn_cpp_tasks/out/build/GCC 11.3.0 x86_64-linux-gnu/_deps/curl-src/CMake/CurlTests.c:97:51: warning: passing argument 5 of ‘gethostbyname_r’ from incompatible pointer type [-Wincompatible-pointer-types]
   97 |   rc = gethostbyname_r(address, &h, buffer, 8192, &h_errnop);
      |                                                   ^~~~~~~~~
      |                                                   |
      |                                                   int *
In file included from /home/uhuj/skillbox_cpp/learn_cpp_tasks/out/build/GCC 11.3.0 x86_64-linux-gnu/_deps/curl-src/CMake/CurlTests.c:72:
/usr/include/netdb.h:180:57: note: expected ‘struct hostent ** restrict’ but argument is of type ‘int *’
  180 |                             struct hostent **__restrict __result,
      |                             ~~~~~~~~~~~~~~~~~~~~~~~~~~~~^~~~~~~~
/home/uhuj/skillbox_cpp/learn_cpp_tasks/out/build/GCC 11.3.0 x86_64-linux-gnu/_deps/curl-src/CMake/CurlTests.c:97:8: error: too few arguments to function ‘gethostbyname_r’
   97 |   rc = gethostbyname_r(address, &h, buffer, 8192, &h_errnop);
      |        ^~~~~~~~~~~~~~~
In file included from /home/uhuj/skillbox_cpp/learn_cpp_tasks/out/build/GCC 11.3.0 x86_64-linux-gnu/_deps/curl-src/CMake/CurlTests.c:72:
/usr/include/netdb.h:177:12: note: declared here
  177 | extern int gethostbyname_r (const char *__restrict __name,
      |            ^~~~~~~~~~~~~~~
gmake[1]: *** [CMakeFiles/cmTC_3dcf3.dir/build.make:78: CMakeFiles/cmTC_3dcf3.dir/CurlTests.c.o] Error 1
gmake[1]: Leaving directory '/home/uhuj/skillbox_cpp/learn_cpp_tasks/out/build/GCC 11.3.0 x86_64-linux-gnu/CMakeFiles/CMakeTmp'
gmake: *** [Makefile:127: cmTC_3dcf3/fast] Error 2


Performing Curl Test HAVE_GETHOSTBYNAME_R_3_REENTRANT failed with the following output:
Change Dir: /home/uhuj/skillbox_cpp/learn_cpp_tasks/out/build/GCC 11.3.0 x86_64-linux-gnu/CMakeFiles/CMakeTmp

Run Build Command(s):/usr/bin/gmake -f Makefile cmTC_80d8e/fast && /usr/bin/gmake  -f CMakeFiles/cmTC_80d8e.dir/build.make CMakeFiles/cmTC_80d8e.dir/build
gmake[1]: Entering directory '/home/uhuj/skillbox_cpp/learn_cpp_tasks/out/build/GCC 11.3.0 x86_64-linux-gnu/CMakeFiles/CMakeTmp'
Building C object CMakeFiles/cmTC_80d8e.dir/CurlTests.c.o
/usr/bin/gcc-11   -W -Wall -pedantic -Wbad-function-cast -Wconversion -Winline -Wmissing-declarations -Wmissing-prototypes -Wnested-externs -Wno-long-long -Wno-multichar -Wpointer-arith -Wshadow -Wsign-compare -Wundef -Wunused -Wwrite-strings -Wcast-align -Wdeclaration-after-statement -Wempty-body -Wendif-labels -Wfloat-equal -Wignored-qualifiers -Wno-format-nonliteral -Wno-sign-conversion -Wno-system-headers -Wstrict-prototypes -Wtype-limits -Wvla -Wmissing-parameter-type -Wold-style-declaration -Wstrict-aliasing=3 -Wformat=2 -Warray-bounds=2 -ftree-vrp -Wduplicated-cond -Wnull-dereference -fdelete-null-pointer-checks -Wshift-negative-value -Wshift-overflow=2 -Walloc-zero -Wduplicated-branches -Wformat-overflow=2 -Wformat-truncation=1 -Wrestrict -Warith-conversion -Wdouble-promotion -Wenum-conversion -Wunused-const-variable -DHAVE_GETHOSTBYNAME_R_3_REENTRANT  -DHAVE_INTTYPES_H -DHAVE_SYS_WAIT_H -DHAVE_SYS_IOCTL_H -DHAVE_SYS_PARAM_H -DHAVE_SYS_POLL_H -DHAVE_SYS_RESOURCE_H -DHAVE_SYS_SELECT_H -DHAVE_SYS_SOCKET_H -DHAVE_SYS_STAT_H -DHAVE_SYS_TIME_H -DHAVE_SYS_TYPES_H -DHAVE_SYS_UN_H -DHAVE_SYS_XATTR_H -DHAVE_ARPA_INET_H -DHAVE_FCNTL_H -DHAVE_IFADDRS_H -DHAVE_LIBGEN_H -DHAVE_LOCALE_H -DHAVE_NET_IF_H -DHAVE_NETDB_H -DHAVE_NETINET_IN_H -DHAVE_NETINET_TCP_H -DHAVE_NETINET_UDP_H -DHAVE_POLL_H -DHAVE_PWD_H -DHAVE_STDATOMIC_H -DHAVE_STDBOOL_H -DHAVE_STDINT_H -DHAVE_STRINGS_H -DHAVE_TERMIO_H -DHAVE_TERMIOS_H -DHAVE_UNISTD_H -DHAVE_UTIME_H -o CMakeFiles/cmTC_80d8e.dir/CurlTests.c.o -c "/home/uhuj/skillbox_cpp/learn_cpp_tasks/out/build/GCC 11.3.0 x86_64-linux-gnu/_deps/curl-src/CMake/CurlTests.c"
/home/uhuj/skillbox_cpp/learn_cpp_tasks/out/build/GCC 11.3.0 x86_64-linux-gnu/_deps/curl-src/CMake/CurlTests.c: In function ‘main’:
/home/uhuj/skillbox_cpp/learn_cpp_tasks/out/build/GCC 11.3.0 x86_64-linux-gnu/_deps/curl-src/CMake/CurlTests.c:75:19: warning: initialization discards ‘const’ qualifier from pointer target type [-Wdiscarded-qualifiers]
   75 |   char *address = "example.com";
      |                   ^~~~~~~~~~~~~
/home/uhuj/skillbox_cpp/learn_cpp_tasks/out/build/GCC 11.3.0 x86_64-linux-gnu/_deps/curl-src/CMake/CurlTests.c:82:23: error: storage size of ‘hdata’ isn’t known
   82 |   struct hostent_data hdata;
      |                       ^~~~~
/home/uhuj/skillbox_cpp/learn_cpp_tasks/out/build/GCC 11.3.0 x86_64-linux-gnu/_deps/curl-src/CMake/CurlTests.c:94:8: error: too few arguments to function ‘gethostbyname_r’
   94 |   rc = gethostbyname_r(address, &h, &hdata);
      |        ^~~~~~~~~~~~~~~
In file included from /home/uhuj/skillbox_cpp/learn_cpp_tasks/out/build/GCC 11.3.0 x86_64-linux-gnu/_deps/curl-src/CMake/CurlTests.c:72:
/usr/include/netdb.h:177:12: note: declared here
  177 | extern int gethostbyname_r (const char *__restrict __name,
      |            ^~~~~~~~~~~~~~~
/home/uhuj/skillbox_cpp/learn_cpp_tasks/out/build/GCC 11.3.0 x86_64-linux-gnu/_deps/curl-src/CMake/CurlTests.c:82:23: warning: unused variable ‘hdata’ [-Wunused-variable]
   82 |   struct hostent_data hdata;
      |                       ^~~~~
gmake[1]: *** [CMakeFiles/cmTC_80d8e.dir/build.make:78: CMakeFiles/cmTC_80d8e.dir/CurlTests.c.o] Error 1
gmake[1]: Leaving directory '/home/uhuj/skillbox_cpp/learn_cpp_tasks/out/build/GCC 11.3.0 x86_64-linux-gnu/CMakeFiles/CMakeTmp'
gmake: *** [Makefile:127: cmTC_80d8e/fast] Error 2


Performing Curl Test HAVE_GETHOSTBYNAME_R_5_REENTRANT failed with the following output:
Change Dir: /home/uhuj/skillbox_cpp/learn_cpp_tasks/out/build/GCC 11.3.0 x86_64-linux-gnu/CMakeFiles/CMakeTmp

Run Build Command(s):/usr/bin/gmake -f Makefile cmTC_61f0a/fast && /usr/bin/gmake  -f CMakeFiles/cmTC_61f0a.dir/build.make CMakeFiles/cmTC_61f0a.dir/build
gmake[1]: Entering directory '/home/uhuj/skillbox_cpp/learn_cpp_tasks/out/build/GCC 11.3.0 x86_64-linux-gnu/CMakeFiles/CMakeTmp'
Building C object CMakeFiles/cmTC_61f0a.dir/CurlTests.c.o
/usr/bin/gcc-11   -W -Wall -pedantic -Wbad-function-cast -Wconversion -Winline -Wmissing-declarations -Wmissing-prototypes -Wnested-externs -Wno-long-long -Wno-multichar -Wpointer-arith -Wshadow -Wsign-compare -Wundef -Wunused -Wwrite-strings -Wcast-align -Wdeclaration-after-statement -Wempty-body -Wendif-labels -Wfloat-equal -Wignored-qualifiers -Wno-format-nonliteral -Wno-sign-conversion -Wno-system-headers -Wstrict-prototypes -Wtype-limits -Wvla -Wmissing-parameter-type -Wold-style-declaration -Wstrict-aliasing=3 -Wformat=2 -Warray-bounds=2 -ftree-vrp -Wduplicated-cond -Wnull-dereference -fdelete-null-pointer-checks -Wshift-negative-value -Wshift-overflow=2 -Walloc-zero -Wduplicated-branches -Wformat-overflow=2 -Wformat-truncation=1 -Wrestrict -Warith-conversion -Wdouble-promotion -Wenum-conversion -Wunused-const-variable -DHAVE_GETHOSTBYNAME_R_5_REENTRANT  -DHAVE_INTTYPES_H -DHAVE_SYS_WAIT_H -DHAVE_SYS_IOCTL_H -DHAVE_SYS_PARAM_H -DHAVE_SYS_POLL_H -DHAVE_SYS_RESOURCE_H -DHAVE_SYS_SELECT_H -DHAVE_SYS_SOCKET_H -DHAVE_SYS_STAT_H -DHAVE_SYS_TIME_H -DHAVE_SYS_TYPES_H -DHAVE_SYS_UN_H -DHAVE_SYS_XATTR_H -DHAVE_ARPA_INET_H -DHAVE_FCNTL_H -DHAVE_IFADDRS_H -DHAVE_LIBGEN_H -DHAVE_LOCALE_H -DHAVE_NET_IF_H -DHAVE_NETDB_H -DHAVE_NETINET_IN_H -DHAVE_NETINET_TCP_H -DHAVE_NETINET_UDP_H -DHAVE_POLL_H -DHAVE_PWD_H -DHAVE_STDATOMIC_H -DHAVE_STDBOOL_H -DHAVE_STDINT_H -DHAVE_STRINGS_H -DHAVE_TERMIO_H -DHAVE_TERMIOS_H -DHAVE_UNISTD_H -DHAVE_UTIME_H -o CMakeFiles/cmTC_61f0a.dir/CurlTests.c.o -c "/home/uhuj/skillbox_cpp/learn_cpp_tasks/out/build/GCC 11.3.0 x86_64-linux-gnu/_deps/curl-src/CMake/CurlTests.c"
/home/uhuj/skillbox_cpp/learn_cpp_tasks/out/build/GCC 11.3.0 x86_64-linux-gnu/_deps/curl-src/CMake/CurlTests.c: In function ‘main’:
/home/uhuj/skillbox_cpp/learn_cpp_tasks/out/build/GCC 11.3.0 x86_64-linux-gnu/_deps/curl-src/CMake/CurlTests.c:75:19: warning: initialization discards ‘const’ qualifier from pointer target type [-Wdiscarded-qualifiers]
   75 |   char *address = "example.com";
      |                   ^~~~~~~~~~~~~
/home/uhuj/skillbox_cpp/learn_cpp_tasks/out/build/GCC 11.3.0 x86_64-linux-gnu/_deps/curl-src/CMake/CurlTests.c:97:51: warning: passing argument 5 of ‘gethostbyname_r’ from incompatible pointer type [-Wincompatible-pointer-types]
   97 |   rc = gethostbyname_r(address, &h, buffer, 8192, &h_errnop);
      |                                                   ^~~~~~~~~
      |                                                   |
      |                                                   int *
In file included from /home/uhuj/skillbox_cpp/learn_cpp_tasks/out/build/GCC 11.3.0 x86_64-linux-gnu/_deps/curl-src/CMake/CurlTests.c:72:
/usr/include/netdb.h:180:57: note: expected ‘struct hostent ** restrict’ but argument is of type ‘int *’
  180 |                             struct hostent **__restrict __result,
      |                             ~~~~~~~~~~~~~~~~~~~~~~~~~~~~^~~~~~~~
/home/uhuj/skillbox_cpp/learn_cpp_tasks/out/build/GCC 11.3.0 x86_64-linux-gnu/_deps/curl-src/CMake/CurlTests.c:97:8: error: too few arguments to function ‘gethostbyname_r’
   97 |   rc = gethostbyname_r(address, &h, buffer, 8192, &h_errnop);
      |        ^~~~~~~~~~~~~~~
In file included from /home/uhuj/skillbox_cpp/learn_cpp_tasks/out/build/GCC 11.3.0 x86_64-linux-gnu/_deps/curl-src/CMake/CurlTests.c:72:
/usr/include/netdb.h:177:12: note: declared here
  177 | extern int gethostbyname_r (const char *__restrict __name,
      |            ^~~~~~~~~~~~~~~
gmake[1]: *** [CMakeFiles/cmTC_61f0a.dir/build.make:78: CMakeFiles/cmTC_61f0a.dir/CurlTests.c.o] Error 1
gmake[1]: Leaving directory '/home/uhuj/skillbox_cpp/learn_cpp_tasks/out/build/GCC 11.3.0 x86_64-linux-gnu/CMakeFiles/CMakeTmp'
gmake: *** [Makefile:127: cmTC_61f0a/fast] Error 2


Performing Curl Test HAVE_GLIBC_STRERROR_R failed with the following output:
Change Dir: /home/uhuj/skillbox_cpp/learn_cpp_tasks/out/build/GCC 11.3.0 x86_64-linux-gnu/CMakeFiles/CMakeTmp

Run Build Command(s):/usr/bin/gmake -f Makefile cmTC_06e72/fast && /usr/bin/gmake  -f CMakeFiles/cmTC_06e72.dir/build.make CMakeFiles/cmTC_06e72.dir/build
gmake[1]: Entering directory '/home/uhuj/skillbox_cpp/learn_cpp_tasks/out/build/GCC 11.3.0 x86_64-linux-gnu/CMakeFiles/CMakeTmp'
Building C object CMakeFiles/cmTC_06e72.dir/CurlTests.c.o
/usr/bin/gcc-11   -W -Wall -pedantic -Wbad-function-cast -Wconversion -Winline -Wmissing-declarations -Wmissing-prototypes -Wnested-externs -Wno-long-long -Wno-multichar -Wpointer-arith -Wshadow -Wsign-compare -Wundef -Wunused -Wwrite-strings -Wcast-align -Wdeclaration-after-statement -Wempty-body -Wendif-labels -Wfloat-equal -Wignored-qualifiers -Wno-format-nonliteral -Wno-sign-conversion -Wno-system-headers -Wstrict-prototypes -Wtype-limits -Wvla -Wmissing-parameter-type -Wold-style-declaration -Wstrict-aliasing=3 -Wformat=2 -Warray-bounds=2 -ftree-vrp -Wduplicated-cond -Wnull-dereference -fdelete-null-pointer-checks -Wshift-negative-value -Wshift-overflow=2 -Walloc-zero -Wduplicated-branches -Wformat-overflow=2 -Wformat-truncation=1 -Wrestrict -Warith-conversion -Wdouble-promotion -Wenum-conversion -Wunused-const-variable -DHAVE_GLIBC_STRERROR_R  -DHAVE_INTTYPES_H -DHAVE_SYS_WAIT_H -DHAVE_SYS_IOCTL_H -DHAVE_SYS_PARAM_H -DHAVE_SYS_POLL_H -DHAVE_SYS_RESOURCE_H -DHAVE_SYS_SELECT_H -DHAVE_SYS_SOCKET_H -DHAVE_SYS_STAT_H -DHAVE_SYS_TIME_H -DHAVE_SYS_TYPES_H -DHAVE_SYS_UN_H -DHAVE_SYS_XATTR_H -DHAVE_ARPA_INET_H -DHAVE_FCNTL_H -DHAVE_IFADDRS_H -DHAVE_LIBGEN_H -DHAVE_LOCALE_H -DHAVE_NET_IF_H -DHAVE_NETDB_H -DHAVE_NETINET_IN_H -DHAVE_NETINET_TCP_H -DHAVE_NETINET_UDP_H -DHAVE_POLL_H -DHAVE_PWD_H -DHAVE_STDATOMIC_H -DHAVE_STDBOOL_H -DHAVE_STDINT_H -DHAVE_STRINGS_H -DHAVE_TERMIO_H -DHAVE_TERMIOS_H -DHAVE_UNISTD_H -DHAVE_UTIME_H -o CMakeFiles/cmTC_06e72.dir/CurlTests.c.o -c "/home/uhuj/skillbox_cpp/learn_cpp_tasks/out/build/GCC 11.3.0 x86_64-linux-gnu/_deps/curl-src/CMake/CurlTests.c"
/home/uhuj/skillbox_cpp/learn_cpp_tasks/out/build/GCC 11.3.0 x86_64-linux-gnu/_deps/curl-src/CMake/CurlTests.c:377:6: warning: no previous prototype for ‘check’ [-Wmissing-prototypes]
  377 | void check(char c) {}
      |      ^~~~~
/home/uhuj/skillbox_cpp/learn_cpp_tasks/out/build/GCC 11.3.0 x86_64-linux-gnu/_deps/curl-src/CMake/CurlTests.c: In function ‘check’:
/home/uhuj/skillbox_cpp/learn_cpp_tasks/out/build/GCC 11.3.0 x86_64-linux-gnu/_deps/curl-src/CMake/CurlTests.c:377:17: warning: unused parameter ‘c’ [-Wunused-parameter]
  377 | void check(char c) {}
      |            ~~~~~^
/home/uhuj/skillbox_cpp/learn_cpp_tasks/out/build/GCC 11.3.0 x86_64-linux-gnu/_deps/curl-src/CMake/CurlTests.c: At top level:
/home/uhuj/skillbox_cpp/learn_cpp_tasks/out/build/GCC 11.3.0 x86_64-linux-gnu/_deps/curl-src/CMake/CurlTests.c:380:1: warning: function declaration isn’t a prototype [-Wstrict-prototypes]
  380 | main () {
      | ^~~~
/home/uhuj/skillbox_cpp/learn_cpp_tasks/out/build/GCC 11.3.0 x86_64-linux-gnu/_deps/curl-src/CMake/CurlTests.c: In function ‘main’:
/home/uhuj/skillbox_cpp/learn_cpp_tasks/out/build/GCC 11.3.0 x86_64-linux-gnu/_deps/curl-src/CMake/CurlTests.c:383:51: error: subscripted value is neither array nor pointer nor vector
  383 |   check(strerror_r(EACCES, buffer, sizeof(buffer))[0]);
      |                                                   ^
gmake[1]: *** [CMakeFiles/cmTC_06e72.dir/build.make:78: CMakeFiles/cmTC_06e72.dir/CurlTests.c.o] Error 1
gmake[1]: Leaving directory '/home/uhuj/skillbox_cpp/learn_cpp_tasks/out/build/GCC 11.3.0 x86_64-linux-gnu/CMakeFiles/CMakeTmp'
gmake: *** [Makefile:127: cmTC_06e72/fast] Error 2


Performing Curl Test HAVE_BUILTIN_AVAILABLE failed with the following output:
Change Dir: /home/uhuj/skillbox_cpp/learn_cpp_tasks/out/build/GCC 11.3.0 x86_64-linux-gnu/CMakeFiles/CMakeTmp

Run Build Command(s):/usr/bin/gmake -f Makefile cmTC_9e7ac/fast && /usr/bin/gmake  -f CMakeFiles/cmTC_9e7ac.dir/build.make CMakeFiles/cmTC_9e7ac.dir/build
gmake[1]: Entering directory '/home/uhuj/skillbox_cpp/learn_cpp_tasks/out/build/GCC 11.3.0 x86_64-linux-gnu/CMakeFiles/CMakeTmp'
Building C object CMakeFiles/cmTC_9e7ac.dir/CurlTests.c.o
/usr/bin/gcc-11   -W -Wall -pedantic -Wbad-function-cast -Wconversion -Winline -Wmissing-declarations -Wmissing-prototypes -Wnested-externs -Wno-long-long -Wno-multichar -Wpointer-arith -Wshadow -Wsign-compare -Wundef -Wunused -Wwrite-strings -Wcast-align -Wdeclaration-after-statement -Wempty-body -Wendif-labels -Wfloat-equal -Wignored-qualifiers -Wno-format-nonliteral -Wno-sign-conversion -Wno-system-headers -Wstrict-prototypes -Wtype-limits -Wvla -Wmissing-parameter-type -Wold-style-declaration -Wstrict-aliasing=3 -Wformat=2 -Warray-bounds=2 -ftree-vrp -Wduplicated-cond -Wnull-dereference -fdelete-null-pointer-checks -Wshift-negative-value -Wshift-overflow=2 -Walloc-zero -Wduplicated-branches -Wformat-overflow=2 -Wformat-truncation=1 -Wrestrict -Warith-conversion -Wdouble-promotion -Wenum-conversion -Wunused-const-variable -DHAVE_BUILTIN_AVAILABLE  -DHAVE_INTTYPES_H -DHAVE_SYS_WAIT_H -DHAVE_SYS_IOCTL_H -DHAVE_SYS_PARAM_H -DHAVE_SYS_POLL_H -DHAVE_SYS_RESOURCE_H -DHAVE_SYS_SELECT_H -DHAVE_SYS_SOCKET_H -DHAVE_SYS_STAT_H -DHAVE_SYS_TIME_H -DHAVE_SYS_TYPES_H -DHAVE_SYS_UN_H -DHAVE_SYS_XATTR_H -DHAVE_ARPA_INET_H -DHAVE_FCNTL_H -DHAVE_IFADDRS_H -DHAVE_LIBGEN_H -DHAVE_LOCALE_H -DHAVE_NET_IF_H -DHAVE_NETDB_H -DHAVE_NETINET_IN_H -DHAVE_NETINET_TCP_H -DHAVE_NETINET_UDP_H -DHAVE_POLL_H -DHAVE_PWD_H -DHAVE_STDATOMIC_H -DHAVE_STDBOOL_H -DHAVE_STDINT_H -DHAVE_STRINGS_H -DHAVE_TERMIO_H -DHAVE_TERMIOS_H -DHAVE_UNISTD_H -DHAVE_UTIME_H -o CMakeFiles/cmTC_9e7ac.dir/CurlTests.c.o -c "/home/uhuj/skillbox_cpp/learn_cpp_tasks/out/build/GCC 11.3.0 x86_64-linux-gnu/_deps/curl-src/CMake/CurlTests.c"
/home/uhuj/skillbox_cpp/learn_cpp_tasks/out/build/GCC 11.3.0 x86_64-linux-gnu/_deps/curl-src/CMake/CurlTests.c:429:1: warning: function declaration isn’t a prototype [-Wstrict-prototypes]
  429 | main() {
      | ^~~~
/home/uhuj/skillbox_cpp/learn_cpp_tasks/out/build/GCC 11.3.0 x86_64-linux-gnu/_deps/curl-src/CMake/CurlTests.c: In function ‘main’:
/home/uhuj/skillbox_cpp/learn_cpp_tasks/out/build/GCC 11.3.0 x86_64-linux-gnu/_deps/curl-src/CMake/CurlTests.c:430:6: warning: implicit declaration of function ‘__builtin_available’; did you mean ‘__builtin_scalbl’? [-Wimplicit-function-declaration]
  430 |   if(__builtin_available(macOS 10.12, *)) {}
      |      ^~~~~~~~~~~~~~~~~~~
      |      __builtin_scalbl
/home/uhuj/skillbox_cpp/learn_cpp_tasks/out/build/GCC 11.3.0 x86_64-linux-gnu/_deps/curl-src/CMake/CurlTests.c:430:6: warning: nested extern declaration of ‘__builtin_available’ [-Wnested-externs]
/home/uhuj/skillbox_cpp/learn_cpp_tasks/out/build/GCC 11.3.0 x86_64-linux-gnu/_deps/curl-src/CMake/CurlTests.c:430:26: error: ‘macOS’ undeclared (first use in this function)
  430 |   if(__builtin_available(macOS 10.12, *)) {}
      |                          ^~~~~
/home/uhuj/skillbox_cpp/learn_cpp_tasks/out/build/GCC 11.3.0 x86_64-linux-gnu/_deps/curl-src/CMake/CurlTests.c:430:26: note: each undeclared identifier is reported only once for each function it appears in
/home/uhuj/skillbox_cpp/learn_cpp_tasks/out/build/GCC 11.3.0 x86_64-linux-gnu/_deps/curl-src/CMake/CurlTests.c:430:31: error: expected ‘)’ before numeric constant
  430 |   if(__builtin_available(macOS 10.12, *)) {}
      |                         ~     ^~~~~~
      |                               )
gmake[1]: *** [CMakeFiles/cmTC_9e7ac.dir/build.make:78: CMakeFiles/cmTC_9e7ac.dir/CurlTests.c.o] Error 1
gmake[1]: Leaving directory '/home/uhuj/skillbox_cpp/learn_cpp_tasks/out/build/GCC 11.3.0 x86_64-linux-gnu/CMakeFiles/CMakeTmp'
gmake: *** [Makefile:127: cmTC_9e7ac/fast] Error 2


Determining if the include file sys/sdt.h exists failed with the following output:
Change Dir: /home/uhuj/skillbox_cpp/learn_cpp_tasks/out/build/GCC 11.3.0 x86_64-linux-gnu/CMakeFiles/CMakeScratch/TryCompile-fgS2aN

Run Build Command(s):/usr/bin/gmake -f Makefile cmTC_11ec6/fast && /usr/bin/gmake  -f CMakeFiles/cmTC_11ec6.dir/build.make CMakeFiles/cmTC_11ec6.dir/build
gmake[1]: Entering directory '/home/uhuj/skillbox_cpp/learn_cpp_tasks/out/build/GCC 11.3.0 x86_64-linux-gnu/CMakeFiles/CMakeScratch/TryCompile-fgS2aN'
Building C object CMakeFiles/cmTC_11ec6.dir/CheckIncludeFile.c.o
/usr/bin/gcc-11   -Wall -Wno-implicit-fallthrough  -std=c99 -o CMakeFiles/cmTC_11ec6.dir/CheckIncludeFile.c.o -c "/home/uhuj/skillbox_cpp/learn_cpp_tasks/out/build/GCC 11.3.0 x86_64-linux-gnu/CMakeFiles/CMakeScratch/TryCompile-fgS2aN/CheckIncludeFile.c"
/home/uhuj/skillbox_cpp/learn_cpp_tasks/out/build/GCC 11.3.0 x86_64-linux-gnu/CMakeFiles/CMakeScratch/TryCompile-fgS2aN/CheckIncludeFile.c:1:10: fatal error: sys/sdt.h: No such file or directory
    1 | #include <sys/sdt.h>
      |          ^~~~~~~~~~~
compilation terminated.
gmake[1]: *** [CMakeFiles/cmTC_11ec6.dir/build.make:78: CMakeFiles/cmTC_11ec6.dir/CheckIncludeFile.c.o] Error 1
gmake[1]: Leaving directory '/home/uhuj/skillbox_cpp/learn_cpp_tasks/out/build/GCC 11.3.0 x86_64-linux-gnu/CMakeFiles/CMakeScratch/TryCompile-fgS2aN'
gmake: *** [Makefile:127: cmTC_11ec6/fast] Error 2



Determining if the function connect exists in the socket; failed with the following output:
Change Dir: /home/uhuj/skillbox_cpp/learn_cpp_tasks/out/build/GCC 11.3.0 x86_64-linux-gnu/CMakeFiles/CMakeScratch/TryCompile-4SCZ7k

Run Build Command(s):/usr/bin/gmake -f Makefile cmTC_6cf5a/fast && /usr/bin/gmake  -f CMakeFiles/cmTC_6cf5a.dir/build.make CMakeFiles/cmTC_6cf5a.dir/build
gmake[1]: Entering directory '/home/uhuj/skillbox_cpp/learn_cpp_tasks/out/build/GCC 11.3.0 x86_64-linux-gnu/CMakeFiles/CMakeScratch/TryCompile-4SCZ7k'
Building C object CMakeFiles/cmTC_6cf5a.dir/CheckFunctionExists.c.o
/usr/bin/gcc-11   -W -Wall -pedantic -Wbad-function-cast -Wconversion -Winline -Wmissing-declarations -Wmissing-prototypes -Wnested-externs -Wno-long-long -Wno-multichar -Wpointer-arith -Wshadow -Wsign-compare -Wundef -Wunused -Wwrite-strings -Wcast-align -Wdeclaration-after-statement -Wempty-body -Wendif-labels -Wfloat-equal -Wignored-qualifiers -Wno-format-nonliteral -Wno-sign-conversion -Wno-system-headers -Wstrict-prototypes -Wtype-limits -Wvla -Wmissing-parameter-type -Wold-style-declaration -Wstrict-aliasing=3 -Wformat=2 -Warray-bounds=2 -ftree-vrp -Wduplicated-cond -Wnull-dereference -fdelete-null-pointer-checks -Wshift-negative-value -Wshift-overflow=2 -Walloc-zero -Wduplicated-branches -Wformat-overflow=2 -Wformat-truncation=1 -Wrestrict -Warith-conversion -Wdouble-promotion -Wenum-conversion -Wunused-const-variable -DCHECK_FUNCTION_EXISTS=connect -o CMakeFiles/cmTC_6cf5a.dir/CheckFunctionExists.c.o -c "/home/uhuj/skillbox_cpp/learn_cpp_tasks/out/build/GCC 11.3.0 x86_64-linux-gnu/CMakeFiles/CMakeScratch/TryCompile-4SCZ7k/CheckFunctionExists.c"
Linking C executable cmTC_6cf5a
/usr/bin/cmake -E cmake_link_script CMakeFiles/cmTC_6cf5a.dir/link.txt --verbose=1
/usr/bin/gcc-11   -W -Wall -pedantic -Wbad-function-cast -Wconversion -Winline -Wmissing-declarations -Wmissing-prototypes -Wnested-externs -Wno-long-long -Wno-multichar -Wpointer-arith -Wshadow -Wsign-compare -Wundef -Wunused -Wwrite-strings -Wcast-align -Wdeclaration-after-statement -Wempty-body -Wendif-labels -Wfloat-equal -Wignored-qualifiers -Wno-format-nonliteral -Wno-sign-conversion -Wno-system-headers -Wstrict-prototypes -Wtype-limits -Wvla -Wmissing-parameter-type -Wold-style-declaration -Wstrict-aliasing=3 -Wformat=2 -Warray-bounds=2 -ftree-vrp -Wduplicated-cond -Wnull-dereference -fdelete-null-pointer-checks -Wshift-negative-value -Wshift-overflow=2 -Walloc-zero -Wduplicated-branches -Wformat-overflow=2 -Wformat-truncation=1 -Wrestrict -Warith-conversion -Wdouble-promotion -Wenum-conversion -Wunused-const-variable -DCHECK_FUNCTION_EXISTS=connect CMakeFiles/cmTC_6cf5a.dir/CheckFunctionExists.c.o -o cmTC_6cf5a  -lsocket 
/usr/bin/ld: cannot find -lsocket: No such file or directory
collect2: error: ld returned 1 exit status
gmake[1]: *** [CMakeFiles/cmTC_6cf5a.dir/build.make:99: cmTC_6cf5a] Error 1
gmake[1]: Leaving directory '/home/uhuj/skillbox_cpp/learn_cpp_tasks/out/build/GCC 11.3.0 x86_64-linux-gnu/CMakeFiles/CMakeScratch/TryCompile-4SCZ7k'
gmake: *** [Makefile:127: cmTC_6cf5a/fast] Error 2



Determining if the OPENSSL_IS_BORINGSSL exist failed with the following output:
Change Dir: /home/uhuj/skillbox_cpp/learn_cpp_tasks/out/build/GCC 11.3.0 x86_64-linux-gnu/CMakeFiles/CMakeScratch/TryCompile-L2qIJG

Run Build Command(s):/usr/bin/gmake -f Makefile cmTC_c0871/fast && /usr/bin/gmake  -f CMakeFiles/cmTC_c0871.dir/build.make CMakeFiles/cmTC_c0871.dir/build
gmake[1]: Entering directory '/home/uhuj/skillbox_cpp/learn_cpp_tasks/out/build/GCC 11.3.0 x86_64-linux-gnu/CMakeFiles/CMakeScratch/TryCompile-L2qIJG'
Building C object CMakeFiles/cmTC_c0871.dir/CheckSymbolExists.c.o
/usr/bin/gcc-11   -W -Wall -pedantic -Wbad-function-cast -Wconversion -Winline -Wmissing-declarations -Wmissing-prototypes -Wnested-externs -Wno-long-long -Wno-multichar -Wpointer-arith -Wshadow -Wsign-compare -Wundef -Wunused -Wwrite-strings -Wcast-align -Wdeclaration-after-statement -Wempty-body -Wendif-labels -Wfloat-equal -Wignored-qualifiers -Wno-format-nonliteral -Wno-sign-conversion -Wno-system-headers -Wstrict-prototypes -Wtype-limits -Wvla -Wmissing-parameter-type -Wold-style-declaration -Wstrict-aliasing=3 -Wformat=2 -Warray-bounds=2 -ftree-vrp -Wduplicated-cond -Wnull-dereference -fdelete-null-pointer-checks -Wshift-negative-value -Wshift-overflow=2 -Walloc-zero -Wduplicated-branches -Wformat-overflow=2 -Wformat-truncation=1 -Wrestrict -Warith-conversion -Wdouble-promotion -Wenum-conversion -Wunused-const-variable  -o CMakeFiles/cmTC_c0871.dir/CheckSymbolExists.c.o -c "/home/uhuj/skillbox_cpp/learn_cpp_tasks/out/build/GCC 11.3.0 x86_64-linux-gnu/CMakeFiles/CMakeScratch/TryCompile-L2qIJG/CheckSymbolExists.c"
/home/uhuj/skillbox_cpp/learn_cpp_tasks/out/build/GCC 11.3.0 x86_64-linux-gnu/CMakeFiles/CMakeScratch/TryCompile-L2qIJG/CheckSymbolExists.c:2:10: fatal error: openssl/base.h: No such file or directory
    2 | #include <openssl/base.h>
      |          ^~~~~~~~~~~~~~~~
compilation terminated.
gmake[1]: *** [CMakeFiles/cmTC_c0871.dir/build.make:78: CMakeFiles/cmTC_c0871.dir/CheckSymbolExists.c.o] Error 1
gmake[1]: Leaving directory '/home/uhuj/skillbox_cpp/learn_cpp_tasks/out/build/GCC 11.3.0 x86_64-linux-gnu/CMakeFiles/CMakeScratch/TryCompile-L2qIJG'
gmake: *** [Makefile:127: cmTC_c0871/fast] Error 2


File CheckSymbolExists.c:
/* */
#include <openssl/base.h>

int main(int argc, char** argv)
{
  (void)argv;
#ifndef OPENSSL_IS_BORINGSSL
  return ((int*)(&OPENSSL_IS_BORINGSSL))[argc];
#else
  (void)argc;
  return 0;
#endif
}
Determining if the OPENSSL_IS_AWSLC exist failed with the following output:
Change Dir: /home/uhuj/skillbox_cpp/learn_cpp_tasks/out/build/GCC 11.3.0 x86_64-linux-gnu/CMakeFiles/CMakeScratch/TryCompile-jKozI2

Run Build Command(s):/usr/bin/gmake -f Makefile cmTC_6f3a0/fast && /usr/bin/gmake  -f CMakeFiles/cmTC_6f3a0.dir/build.make CMakeFiles/cmTC_6f3a0.dir/build
gmake[1]: Entering directory '/home/uhuj/skillbox_cpp/learn_cpp_tasks/out/build/GCC 11.3.0 x86_64-linux-gnu/CMakeFiles/CMakeScratch/TryCompile-jKozI2'
Building C object CMakeFiles/cmTC_6f3a0.dir/CheckSymbolExists.c.o
/usr/bin/gcc-11   -W -Wall -pedantic -Wbad-function-cast -Wconversion -Winline -Wmissing-declarations -Wmissing-prototypes -Wnested-externs -Wno-long-long -Wno-multichar -Wpointer-arith -Wshadow -Wsign-compare -Wundef -Wunused -Wwrite-strings -Wcast-align -Wdeclaration-after-statement -Wempty-body -Wendif-labels -Wfloat-equal -Wignored-qualifiers -Wno-format-nonliteral -Wno-sign-conversion -Wno-system-headers -Wstrict-prototypes -Wtype-limits -Wvla -Wmissing-parameter-type -Wold-style-declaration -Wstrict-aliasing=3 -Wformat=2 -Warray-bounds=2 -ftree-vrp -Wduplicated-cond -Wnull-dereference -fdelete-null-pointer-checks -Wshift-negative-value -Wshift-overflow=2 -Walloc-zero -Wduplicated-branches -Wformat-overflow=2 -Wformat-truncation=1 -Wrestrict -Warith-conversion -Wdouble-promotion -Wenum-conversion -Wunused-const-variable  -o CMakeFiles/cmTC_6f3a0.dir/CheckSymbolExists.c.o -c "/home/uhuj/skillbox_cpp/learn_cpp_tasks/out/build/GCC 11.3.0 x86_64-linux-gnu/CMakeFiles/CMakeScratch/TryCompile-jKozI2/CheckSymbolExists.c"
/home/uhuj/skillbox_cpp/learn_cpp_tasks/out/build/GCC 11.3.0 x86_64-linux-gnu/CMakeFiles/CMakeScratch/TryCompile-jKozI2/CheckSymbolExists.c:2:10: fatal error: openssl/base.h: No such file or directory
    2 | #include <openssl/base.h>
      |          ^~~~~~~~~~~~~~~~
compilation terminated.
gmake[1]: *** [CMakeFiles/cmTC_6f3a0.dir/build.make:78: CMakeFiles/cmTC_6f3a0.dir/CheckSymbolExists.c.o] Error 1
gmake[1]: Leaving directory '/home/uhuj/skillbox_cpp/learn_cpp_tasks/out/build/GCC 11.3.0 x86_64-linux-gnu/CMakeFiles/CMakeScratch/TryCompile-jKozI2'
gmake: *** [Makefile:127: cmTC_6f3a0/fast] Error 2


File CheckSymbolExists.c:
/* */
#include <openssl/base.h>

int main(int argc, char** argv)
{
  (void)argv;
#ifndef OPENSSL_IS_AWSLC
  return ((int*)(&OPENSSL_IS_AWSLC))[argc];
#else
  (void)argc;
  return 0;
#endif
}
Determining if the function idn2_lookup_ul exists in the idn2;OpenSSL::SSL;OpenSSL::Crypto;ZLIB::ZLIB failed with the following output:
Change Dir: /home/uhuj/skillbox_cpp/learn_cpp_tasks/out/build/GCC 11.3.0 x86_64-linux-gnu/CMakeFiles/CMakeScratch/TryCompile-SlvoKH

Run Build Command(s):/usr/bin/gmake -f Makefile cmTC_f853b/fast && /usr/bin/gmake  -f CMakeFiles/cmTC_f853b.dir/build.make CMakeFiles/cmTC_f853b.dir/build
gmake[1]: Entering directory '/home/uhuj/skillbox_cpp/learn_cpp_tasks/out/build/GCC 11.3.0 x86_64-linux-gnu/CMakeFiles/CMakeScratch/TryCompile-SlvoKH'
Building C object CMakeFiles/cmTC_f853b.dir/CheckFunctionExists.c.o
/usr/bin/gcc-11   -W -Wall -pedantic -Wbad-function-cast -Wconversion -Winline -Wmissing-declarations -Wmissing-prototypes -Wnested-externs -Wno-long-long -Wno-multichar -Wpointer-arith -Wshadow -Wsign-compare -Wundef -Wunused -Wwrite-strings -Wcast-align -Wdeclaration-after-statement -Wempty-body -Wendif-labels -Wfloat-equal -Wignored-qualifiers -Wno-format-nonliteral -Wno-sign-conversion -Wno-system-headers -Wstrict-prototypes -Wtype-limits -Wvla -Wmissing-parameter-type -Wold-style-declaration -Wstrict-aliasing=3 -Wformat=2 -Warray-bounds=2 -ftree-vrp -Wduplicated-cond -Wnull-dereference -fdelete-null-pointer-checks -Wshift-negative-value -Wshift-overflow=2 -Walloc-zero -Wduplicated-branches -Wformat-overflow=2 -Wformat-truncation=1 -Wrestrict -Warith-conversion -Wdouble-promotion -Wenum-conversion -Wunused-const-variable -DCHECK_FUNCTION_EXISTS=idn2_lookup_ul -o CMakeFiles/cmTC_f853b.dir/CheckFunctionExists.c.o -c "/home/uhuj/skillbox_cpp/learn_cpp_tasks/out/build/GCC 11.3.0 x86_64-linux-gnu/CMakeFiles/CMakeScratch/TryCompile-SlvoKH/CheckFunctionExists.c"
Linking C executable cmTC_f853b
/usr/bin/cmake -E cmake_link_script CMakeFiles/cmTC_f853b.dir/link.txt --verbose=1
/usr/bin/gcc-11   -W -Wall -pedantic -Wbad-function-cast -Wconversion -Winline -Wmissing-declarations -Wmissing-prototypes -Wnested-externs -Wno-long-long -Wno-multichar -Wpointer-arith -Wshadow -Wsign-compare -Wundef -Wunused -Wwrite-strings -Wcast-align -Wdeclaration-after-statement -Wempty-body -Wendif-labels -Wfloat-equal -Wignored-qualifiers -Wno-format-nonliteral -Wno-sign-conversion -Wno-system-headers -Wstrict-prototypes -Wtype-limits -Wvla -Wmissing-parameter-type -Wold-style-declaration -Wstrict-aliasing=3 -Wformat=2 -Warray-bounds=2 -ftree-vrp -Wduplicated-cond -Wnull-dereference -fdelete-null-pointer-checks -Wshift-negative-value -Wshift-overflow=2 -Walloc-zero -Wduplicated-branches -Wformat-overflow=2 -Wformat-truncation=1 -Wrestrict -Warith-conversion -Wdouble-promotion -Wenum-conversion -Wunused-const-variable -DCHECK_FUNCTION_EXISTS=idn2_lookup_ul CMakeFiles/cmTC_f853b.dir/CheckFunctionExists.c.o -o cmTC_f853b  -lidn2 /usr/lib/x86_64-linux-gnu/libssl.so /usr/lib/x86_64-linux-gnu/libcrypto.so /usr/lib/x86_64-linux-gnu/libz.so 
/usr/bin/ld: cannot find -lidn2: No such file or directory
collect2: error: ld returned 1 exit status
gmake[1]: *** [CMakeFiles/cmTC_f853b.dir/build.make:102: cmTC_f853b] Error 1
gmake[1]: Leaving directory '/home/uhuj/skillbox_cpp/learn_cpp_tasks/out/build/GCC 11.3.0 x86_64-linux-gnu/CMakeFiles/CMakeScratch/TryCompile-SlvoKH'
gmake: *** [Makefile:127: cmTC_f853b/fast] Error 2



Determining if files inttypes.h;sys/filio.h exist failed with the following output:
Change Dir: /home/uhuj/skillbox_cpp/learn_cpp_tasks/out/build/GCC 11.3.0 x86_64-linux-gnu/CMakeFiles/CMakeScratch/TryCompile-5Ml6hW

Run Build Command(s):/usr/bin/gmake -f Makefile cmTC_bb81e/fast && /usr/bin/gmake  -f CMakeFiles/cmTC_bb81e.dir/build.make CMakeFiles/cmTC_bb81e.dir/build
gmake[1]: Entering directory '/home/uhuj/skillbox_cpp/learn_cpp_tasks/out/build/GCC 11.3.0 x86_64-linux-gnu/CMakeFiles/CMakeScratch/TryCompile-5Ml6hW'
Building C object CMakeFiles/cmTC_bb81e.dir/HAVE_SYS_FILIO_H.c.o
/usr/bin/gcc-11   -W -Wall -pedantic -Wbad-function-cast -Wconversion -Winline -Wmissing-declarations -Wmissing-prototypes -Wnested-externs -Wno-long-long -Wno-multichar -Wpointer-arith -Wshadow -Wsign-compare -Wundef -Wunused -Wwrite-strings -Wcast-align -Wdeclaration-after-statement -Wempty-body -Wendif-labels -Wfloat-equal -Wignored-qualifiers -Wno-format-nonliteral -Wno-sign-conversion -Wno-system-headers -Wstrict-prototypes -Wtype-limits -Wvla -Wmissing-parameter-type -Wold-style-declaration -Wstrict-aliasing=3 -Wformat=2 -Warray-bounds=2 -ftree-vrp -Wduplicated-cond -Wnull-dereference -fdelete-null-pointer-checks -Wshift-negative-value -Wshift-overflow=2 -Walloc-zero -Wduplicated-branches -Wformat-overflow=2 -Wformat-truncation=1 -Wrestrict -Warith-conversion -Wdouble-promotion -Wenum-conversion -Wunused-const-variable  -o CMakeFiles/cmTC_bb81e.dir/HAVE_SYS_FILIO_H.c.o -c "/home/uhuj/skillbox_cpp/learn_cpp_tasks/out/build/GCC 11.3.0 x86_64-linux-gnu/CMakeFiles/CMakeScratch/TryCompile-5Ml6hW/HAVE_SYS_FILIO_H.c"
/home/uhuj/skillbox_cpp/learn_cpp_tasks/out/build/GCC 11.3.0 x86_64-linux-gnu/CMakeFiles/CMakeScratch/TryCompile-5Ml6hW/HAVE_SYS_FILIO_H.c:3:10: fatal error: sys/filio.h: No such file or directory
    3 | #include <sys/filio.h>
      |          ^~~~~~~~~~~~~
compilation terminated.
gmake[1]: *** [CMakeFiles/cmTC_bb81e.dir/build.make:78: CMakeFiles/cmTC_bb81e.dir/HAVE_SYS_FILIO_H.c.o] Error 1
gmake[1]: Leaving directory '/home/uhuj/skillbox_cpp/learn_cpp_tasks/out/build/GCC 11.3.0 x86_64-linux-gnu/CMakeFiles/CMakeScratch/TryCompile-5Ml6hW'
gmake: *** [Makefile:127: cmTC_bb81e/fast] Error 2


Source:
/* */
#include <inttypes.h>
#include <sys/filio.h>


int main(void){return 0;}

Determining if files inttypes.h;sys/wait.h;sys/ioctl.h;sys/param.h;sys/poll.h;sys/resource.h;sys/select.h;sys/socket.h;sys/sockio.h exist failed with the following output:
Change Dir: /home/uhuj/skillbox_cpp/learn_cpp_tasks/out/build/GCC 11.3.0 x86_64-linux-gnu/CMakeFiles/CMakeScratch/TryCompile-347pMt

Run Build Command(s):/usr/bin/gmake -f Makefile cmTC_60bb5/fast && /usr/bin/gmake  -f CMakeFiles/cmTC_60bb5.dir/build.make CMakeFiles/cmTC_60bb5.dir/build
gmake[1]: Entering directory '/home/uhuj/skillbox_cpp/learn_cpp_tasks/out/build/GCC 11.3.0 x86_64-linux-gnu/CMakeFiles/CMakeScratch/TryCompile-347pMt'
Building C object CMakeFiles/cmTC_60bb5.dir/HAVE_SYS_SOCKIO_H.c.o
/usr/bin/gcc-11   -W -Wall -pedantic -Wbad-function-cast -Wconversion -Winline -Wmissing-declarations -Wmissing-prototypes -Wnested-externs -Wno-long-long -Wno-multichar -Wpointer-arith -Wshadow -Wsign-compare -Wundef -Wunused -Wwrite-strings -Wcast-align -Wdeclaration-after-statement -Wempty-body -Wendif-labels -Wfloat-equal -Wignored-qualifiers -Wno-format-nonliteral -Wno-sign-conversion -Wno-system-headers -Wstrict-prototypes -Wtype-limits -Wvla -Wmissing-parameter-type -Wold-style-declaration -Wstrict-aliasing=3 -Wformat=2 -Warray-bounds=2 -ftree-vrp -Wduplicated-cond -Wnull-dereference -fdelete-null-pointer-checks -Wshift-negative-value -Wshift-overflow=2 -Walloc-zero -Wduplicated-branches -Wformat-overflow=2 -Wformat-truncation=1 -Wrestrict -Warith-conversion -Wdouble-promotion -Wenum-conversion -Wunused-const-variable  -o CMakeFiles/cmTC_60bb5.dir/HAVE_SYS_SOCKIO_H.c.o -c "/home/uhuj/skillbox_cpp/learn_cpp_tasks/out/build/GCC 11.3.0 x86_64-linux-gnu/CMakeFiles/CMakeScratch/TryCompile-347pMt/HAVE_SYS_SOCKIO_H.c"
/home/uhuj/skillbox_cpp/learn_cpp_tasks/out/build/GCC 11.3.0 x86_64-linux-gnu/CMakeFiles/CMakeScratch/TryCompile-347pMt/HAVE_SYS_SOCKIO_H.c:10:10: fatal error: sys/sockio.h: No such file or directory
   10 | #include <sys/sockio.h>
      |          ^~~~~~~~~~~~~~
compilation terminated.
gmake[1]: *** [CMakeFiles/cmTC_60bb5.dir/build.make:78: CMakeFiles/cmTC_60bb5.dir/HAVE_SYS_SOCKIO_H.c.o] Error 1
gmake[1]: Leaving directory '/home/uhuj/skillbox_cpp/learn_cpp_tasks/out/build/GCC 11.3.0 x86_64-linux-gnu/CMakeFiles/CMakeScratch/TryCompile-347pMt'
gmake: *** [Makefile:127: cmTC_60bb5/fast] Error 2


Source:
/* */
#include <inttypes.h>
#include <sys/wait.h>
#include <sys/ioctl.h>
#include <sys/param.h>
#include <sys/poll.h>
#include <sys/resource.h>
#include <sys/select.h>
#include <sys/socket.h>
#include <sys/sockio.h>


int main(void){return 0;}

Determining if files inttypes.h;sys/wait.h;sys/ioctl.h;sys/param.h;sys/poll.h;sys/resource.h;sys/select.h;sys/socket.h;sys/stat.h;sys/time.h;sys/types.h;sys/un.h;sys/utime.h exist failed with the following output:
Change Dir: /home/uhuj/skillbox_cpp/learn_cpp_tasks/out/build/GCC 11.3.0 x86_64-linux-gnu/CMakeFiles/CMakeScratch/TryCompile-GCsmVM

Run Build Command(s):/usr/bin/gmake -f Makefile cmTC_758a2/fast && /usr/bin/gmake  -f CMakeFiles/cmTC_758a2.dir/build.make CMakeFiles/cmTC_758a2.dir/build
gmake[1]: Entering directory '/home/uhuj/skillbox_cpp/learn_cpp_tasks/out/build/GCC 11.3.0 x86_64-linux-gnu/CMakeFiles/CMakeScratch/TryCompile-GCsmVM'
Building C object CMakeFiles/cmTC_758a2.dir/HAVE_SYS_UTIME_H.c.o
/usr/bin/gcc-11   -W -Wall -pedantic -Wbad-function-cast -Wconversion -Winline -Wmissing-declarations -Wmissing-prototypes -Wnested-externs -Wno-long-long -Wno-multichar -Wpointer-arith -Wshadow -Wsign-compare -Wundef -Wunused -Wwrite-strings -Wcast-align -Wdeclaration-after-statement -Wempty-body -Wendif-labels -Wfloat-equal -Wignored-qualifiers -Wno-format-nonliteral -Wno-sign-conversion -Wno-system-headers -Wstrict-prototypes -Wtype-limits -Wvla -Wmissing-parameter-type -Wold-style-declaration -Wstrict-aliasing=3 -Wformat=2 -Warray-bounds=2 -ftree-vrp -Wduplicated-cond -Wnull-dereference -fdelete-null-pointer-checks -Wshift-negative-value -Wshift-overflow=2 -Walloc-zero -Wduplicated-branches -Wformat-overflow=2 -Wformat-truncation=1 -Wrestrict -Warith-conversion -Wdouble-promotion -Wenum-conversion -Wunused-const-variable  -o CMakeFiles/cmTC_758a2.dir/HAVE_SYS_UTIME_H.c.o -c "/home/uhuj/skillbox_cpp/learn_cpp_tasks/out/build/GCC 11.3.0 x86_64-linux-gnu/CMakeFiles/CMakeScratch/TryCompile-GCsmVM/HAVE_SYS_UTIME_H.c"
/home/uhuj/skillbox_cpp/learn_cpp_tasks/out/build/GCC 11.3.0 x86_64-linux-gnu/CMakeFiles/CMakeScratch/TryCompile-GCsmVM/HAVE_SYS_UTIME_H.c:14:10: fatal error: sys/utime.h: No such file or directory
   14 | #include <sys/utime.h>
      |          ^~~~~~~~~~~~~
compilation terminated.
gmake[1]: *** [CMakeFiles/cmTC_758a2.dir/build.make:78: CMakeFiles/cmTC_758a2.dir/HAVE_SYS_UTIME_H.c.o] Error 1
gmake[1]: Leaving directory '/home/uhuj/skillbox_cpp/learn_cpp_tasks/out/build/GCC 11.3.0 x86_64-linux-gnu/CMakeFiles/CMakeScratch/TryCompile-GCsmVM'
gmake: *** [Makefile:127: cmTC_758a2/fast] Error 2


Source:
/* */
#include <inttypes.h>
#include <sys/wait.h>
#include <sys/ioctl.h>
#include <sys/param.h>
#include <sys/poll.h>
#include <sys/resource.h>
#include <sys/select.h>
#include <sys/socket.h>
#include <sys/stat.h>
#include <sys/time.h>
#include <sys/types.h>
#include <sys/un.h>
#include <sys/utime.h>


int main(void){return 0;}

Determining if files inttypes.h;sys/wait.h;sys/ioctl.h;sys/param.h;sys/poll.h;sys/resource.h;sys/select.h;sys/socket.h;sys/stat.h;sys/time.h;sys/types.h;sys/un.h;sys/xattr.h;arpa/inet.h;fcntl.h;idn2.h exist failed with the following output:
Change Dir: /home/uhuj/skillbox_cpp/learn_cpp_tasks/out/build/GCC 11.3.0 x86_64-linux-gnu/CMakeFiles/CMakeScratch/TryCompile-1Umxau

Run Build Command(s):/usr/bin/gmake -f Makefile cmTC_3272c/fast && /usr/bin/gmake  -f CMakeFiles/cmTC_3272c.dir/build.make CMakeFiles/cmTC_3272c.dir/build
gmake[1]: Entering directory '/home/uhuj/skillbox_cpp/learn_cpp_tasks/out/build/GCC 11.3.0 x86_64-linux-gnu/CMakeFiles/CMakeScratch/TryCompile-1Umxau'
Building C object CMakeFiles/cmTC_3272c.dir/HAVE_IDN2_H.c.o
/usr/bin/gcc-11   -W -Wall -pedantic -Wbad-function-cast -Wconversion -Winline -Wmissing-declarations -Wmissing-prototypes -Wnested-externs -Wno-long-long -Wno-multichar -Wpointer-arith -Wshadow -Wsign-compare -Wundef -Wunused -Wwrite-strings -Wcast-align -Wdeclaration-after-statement -Wempty-body -Wendif-labels -Wfloat-equal -Wignored-qualifiers -Wno-format-nonliteral -Wno-sign-conversion -Wno-system-headers -Wstrict-prototypes -Wtype-limits -Wvla -Wmissing-parameter-type -Wold-style-declaration -Wstrict-aliasing=3 -Wformat=2 -Warray-bounds=2 -ftree-vrp -Wduplicated-cond -Wnull-dereference -fdelete-null-pointer-checks -Wshift-negative-value -Wshift-overflow=2 -Walloc-zero -Wduplicated-branches -Wformat-overflow=2 -Wformat-truncation=1 -Wrestrict -Warith-conversion -Wdouble-promotion -Wenum-conversion -Wunused-const-variable  -o CMakeFiles/cmTC_3272c.dir/HAVE_IDN2_H.c.o -c "/home/uhuj/skillbox_cpp/learn_cpp_tasks/out/build/GCC 11.3.0 x86_64-linux-gnu/CMakeFiles/CMakeScratch/TryCompile-1Umxau/HAVE_IDN2_H.c"
/home/uhuj/skillbox_cpp/learn_cpp_tasks/out/build/GCC 11.3.0 x86_64-linux-gnu/CMakeFiles/CMakeScratch/TryCompile-1Umxau/HAVE_IDN2_H.c:17:10: fatal error: idn2.h: No such file or directory
   17 | #include <idn2.h>
      |          ^~~~~~~~
compilation terminated.
gmake[1]: *** [CMakeFiles/cmTC_3272c.dir/build.make:78: CMakeFiles/cmTC_3272c.dir/HAVE_IDN2_H.c.o] Error 1
gmake[1]: Leaving directory '/home/uhuj/skillbox_cpp/learn_cpp_tasks/out/build/GCC 11.3.0 x86_64-linux-gnu/CMakeFiles/CMakeScratch/TryCompile-1Umxau'
gmake: *** [Makefile:127: cmTC_3272c/fast] Error 2


Source:
/* */
#include <inttypes.h>
#include <sys/wait.h>
#include <sys/ioctl.h>
#include <sys/param.h>
#include <sys/poll.h>
#include <sys/resource.h>
#include <sys/select.h>
#include <sys/socket.h>
#include <sys/stat.h>
#include <sys/time.h>
#include <sys/types.h>
#include <sys/un.h>
#include <sys/xattr.h>
#include <arpa/inet.h>
#include <fcntl.h>
#include <idn2.h>


int main(void){return 0;}

Determining if files inttypes.h;sys/wait.h;sys/ioctl.h;sys/param.h;sys/poll.h;sys/resource.h;sys/select.h;sys/socket.h;sys/stat.h;sys/time.h;sys/types.h;sys/un.h;sys/xattr.h;arpa/inet.h;fcntl.h;ifaddrs.h;io.h exist failed with the following output:
Change Dir: /home/uhuj/skillbox_cpp/learn_cpp_tasks/out/build/GCC 11.3.0 x86_64-linux-gnu/CMakeFiles/CMakeScratch/TryCompile-MqJFwz

Run Build Command(s):/usr/bin/gmake -f Makefile cmTC_ab700/fast && /usr/bin/gmake  -f CMakeFiles/cmTC_ab700.dir/build.make CMakeFiles/cmTC_ab700.dir/build
gmake[1]: Entering directory '/home/uhuj/skillbox_cpp/learn_cpp_tasks/out/build/GCC 11.3.0 x86_64-linux-gnu/CMakeFiles/CMakeScratch/TryCompile-MqJFwz'
Building C object CMakeFiles/cmTC_ab700.dir/HAVE_IO_H.c.o
/usr/bin/gcc-11   -W -Wall -pedantic -Wbad-function-cast -Wconversion -Winline -Wmissing-declarations -Wmissing-prototypes -Wnested-externs -Wno-long-long -Wno-multichar -Wpointer-arith -Wshadow -Wsign-compare -Wundef -Wunused -Wwrite-strings -Wcast-align -Wdeclaration-after-statement -Wempty-body -Wendif-labels -Wfloat-equal -Wignored-qualifiers -Wno-format-nonliteral -Wno-sign-conversion -Wno-system-headers -Wstrict-prototypes -Wtype-limits -Wvla -Wmissing-parameter-type -Wold-style-declaration -Wstrict-aliasing=3 -Wformat=2 -Warray-bounds=2 -ftree-vrp -Wduplicated-cond -Wnull-dereference -fdelete-null-pointer-checks -Wshift-negative-value -Wshift-overflow=2 -Walloc-zero -Wduplicated-branches -Wformat-overflow=2 -Wformat-truncation=1 -Wrestrict -Warith-conversion -Wdouble-promotion -Wenum-conversion -Wunused-const-variable  -o CMakeFiles/cmTC_ab700.dir/HAVE_IO_H.c.o -c "/home/uhuj/skillbox_cpp/learn_cpp_tasks/out/build/GCC 11.3.0 x86_64-linux-gnu/CMakeFiles/CMakeScratch/TryCompile-MqJFwz/HAVE_IO_H.c"
/home/uhuj/skillbox_cpp/learn_cpp_tasks/out/build/GCC 11.3.0 x86_64-linux-gnu/CMakeFiles/CMakeScratch/TryCompile-MqJFwz/HAVE_IO_H.c:18:10: fatal error: io.h: No such file or directory
   18 | #include <io.h>
      |          ^~~~~~
compilation terminated.
gmake[1]: *** [CMakeFiles/cmTC_ab700.dir/build.make:78: CMakeFiles/cmTC_ab700.dir/HAVE_IO_H.c.o] Error 1
gmake[1]: Leaving directory '/home/uhuj/skillbox_cpp/learn_cpp_tasks/out/build/GCC 11.3.0 x86_64-linux-gnu/CMakeFiles/CMakeScratch/TryCompile-MqJFwz'
gmake: *** [Makefile:127: cmTC_ab700/fast] Error 2


Source:
/* */
#include <inttypes.h>
#include <sys/wait.h>
#include <sys/ioctl.h>
#include <sys/param.h>
#include <sys/poll.h>
#include <sys/resource.h>
#include <sys/select.h>
#include <sys/socket.h>
#include <sys/stat.h>
#include <sys/time.h>
#include <sys/types.h>
#include <sys/un.h>
#include <sys/xattr.h>
#include <arpa/inet.h>
#include <fcntl.h>
#include <ifaddrs.h>
#include <io.h>


int main(void){return 0;}

Determining if files inttypes.h;sys/wait.h;sys/ioctl.h;sys/param.h;sys/poll.h;sys/resource.h;sys/select.h;sys/socket.h;sys/stat.h;sys/time.h;sys/types.h;sys/un.h;sys/xattr.h;arpa/inet.h;fcntl.h;ifaddrs.h;libgen.h;locale.h;net/if.h;netdb.h;netinet/in.h;netinet/tcp.h;netinet/udp.h;poll.h;pwd.h;stdatomic.h;stdbool.h;stdint.h;strings.h;stropts.h exist failed with the following output:
Change Dir: /home/uhuj/skillbox_cpp/learn_cpp_tasks/out/build/GCC 11.3.0 x86_64-linux-gnu/CMakeFiles/CMakeScratch/TryCompile-RLAH96

Run Build Command(s):/usr/bin/gmake -f Makefile cmTC_d9f35/fast && /usr/bin/gmake  -f CMakeFiles/cmTC_d9f35.dir/build.make CMakeFiles/cmTC_d9f35.dir/build
gmake[1]: Entering directory '/home/uhuj/skillbox_cpp/learn_cpp_tasks/out/build/GCC 11.3.0 x86_64-linux-gnu/CMakeFiles/CMakeScratch/TryCompile-RLAH96'
Building C object CMakeFiles/cmTC_d9f35.dir/HAVE_STROPTS_H.c.o
/usr/bin/gcc-11   -W -Wall -pedantic -Wbad-function-cast -Wconversion -Winline -Wmissing-declarations -Wmissing-prototypes -Wnested-externs -Wno-long-long -Wno-multichar -Wpointer-arith -Wshadow -Wsign-compare -Wundef -Wunused -Wwrite-strings -Wcast-align -Wdeclaration-after-statement -Wempty-body -Wendif-labels -Wfloat-equal -Wignored-qualifiers -Wno-format-nonliteral -Wno-sign-conversion -Wno-system-headers -Wstrict-prototypes -Wtype-limits -Wvla -Wmissing-parameter-type -Wold-style-declaration -Wstrict-aliasing=3 -Wformat=2 -Warray-bounds=2 -ftree-vrp -Wduplicated-cond -Wnull-dereference -fdelete-null-pointer-checks -Wshift-negative-value -Wshift-overflow=2 -Walloc-zero -Wduplicated-branches -Wformat-overflow=2 -Wformat-truncation=1 -Wrestrict -Warith-conversion -Wdouble-promotion -Wenum-conversion -Wunused-const-variable  -o CMakeFiles/cmTC_d9f35.dir/HAVE_STROPTS_H.c.o -c "/home/uhuj/skillbox_cpp/learn_cpp_tasks/out/build/GCC 11.3.0 x86_64-linux-gnu/CMakeFiles/CMakeScratch/TryCompile-RLAH96/HAVE_STROPTS_H.c"
/home/uhuj/skillbox_cpp/learn_cpp_tasks/out/build/GCC 11.3.0 x86_64-linux-gnu/CMakeFiles/CMakeScratch/TryCompile-RLAH96/HAVE_STROPTS_H.c:31:10: fatal error: stropts.h: No such file or directory
   31 | #include <stropts.h>
      |          ^~~~~~~~~~~
compilation terminated.
gmake[1]: *** [CMakeFiles/cmTC_d9f35.dir/build.make:78: CMakeFiles/cmTC_d9f35.dir/HAVE_STROPTS_H.c.o] Error 1
gmake[1]: Leaving directory '/home/uhuj/skillbox_cpp/learn_cpp_tasks/out/build/GCC 11.3.0 x86_64-linux-gnu/CMakeFiles/CMakeScratch/TryCompile-RLAH96'
gmake: *** [Makefile:127: cmTC_d9f35/fast] Error 2


Source:
/* */
#include <inttypes.h>
#include <sys/wait.h>
#include <sys/ioctl.h>
#include <sys/param.h>
#include <sys/poll.h>
#include <sys/resource.h>
#include <sys/select.h>
#include <sys/socket.h>
#include <sys/stat.h>
#include <sys/time.h>
#include <sys/types.h>
#include <sys/un.h>
#include <sys/xattr.h>
#include <arpa/inet.h>
#include <fcntl.h>
#include <ifaddrs.h>
#include <libgen.h>
#include <locale.h>
#include <net/if.h>
#include <netdb.h>
#include <netinet/in.h>
#include <netinet/tcp.h>
#include <netinet/udp.h>
#include <poll.h>
#include <pwd.h>
#include <stdatomic.h>
#include <stdbool.h>
#include <stdint.h>
#include <strings.h>
#include <stropts.h>


int main(void){return 0;}

Determining size of __int64 failed with the following output:
Change Dir: /home/uhuj/skillbox_cpp/learn_cpp_tasks/out/build/GCC 11.3.0 x86_64-linux-gnu/CMakeFiles/CMakeScratch/TryCompile-vTVEmT

Run Build Command(s):/usr/bin/gmake -f Makefile cmTC_2c7a6/fast && /usr/bin/gmake  -f CMakeFiles/cmTC_2c7a6.dir/build.make CMakeFiles/cmTC_2c7a6.dir/build
gmake[1]: Entering directory '/home/uhuj/skillbox_cpp/learn_cpp_tasks/out/build/GCC 11.3.0 x86_64-linux-gnu/CMakeFiles/CMakeScratch/TryCompile-vTVEmT'
Building C object CMakeFiles/cmTC_2c7a6.dir/SIZEOF___INT64.c.o
/usr/bin/gcc-11   -W -Wall -pedantic -Wbad-function-cast -Wconversion -Winline -Wmissing-declarations -Wmissing-prototypes -Wnested-externs -Wno-long-long -Wno-multichar -Wpointer-arith -Wshadow -Wsign-compare -Wundef -Wunused -Wwrite-strings -Wcast-align -Wdeclaration-after-statement -Wempty-body -Wendif-labels -Wfloat-equal -Wignored-qualifiers -Wno-format-nonliteral -Wno-sign-conversion -Wno-system-headers -Wstrict-prototypes -Wtype-limits -Wvla -Wmissing-parameter-type -Wold-style-declaration -Wstrict-aliasing=3 -Wformat=2 -Warray-bounds=2 -ftree-vrp -Wduplicated-cond -Wnull-dereference -fdelete-null-pointer-checks -Wshift-negative-value -Wshift-overflow=2 -Walloc-zero -Wduplicated-branches -Wformat-overflow=2 -Wformat-truncation=1 -Wrestrict -Warith-conversion -Wdouble-promotion -Wenum-conversion -Wunused-const-variable  -o CMakeFiles/cmTC_2c7a6.dir/SIZEOF___INT64.c.o -c "/home/uhuj/skillbox_cpp/learn_cpp_tasks/out/build/GCC 11.3.0 x86_64-linux-gnu/CMakeFiles/CMakeScratch/TryCompile-vTVEmT/SIZEOF___INT64.c"
/home/uhuj/skillbox_cpp/learn_cpp_tasks/out/build/GCC 11.3.0 x86_64-linux-gnu/CMakeFiles/CMakeScratch/TryCompile-vTVEmT/SIZEOF___INT64.c:27:22: error: ‘__int64’ undeclared here (not in a function); did you mean ‘__int64_t’?
   27 | #define SIZE (sizeof(__int64))
      |                      ^~~~~~~
/home/uhuj/skillbox_cpp/learn_cpp_tasks/out/build/GCC 11.3.0 x86_64-linux-gnu/CMakeFiles/CMakeScratch/TryCompile-vTVEmT/SIZEOF___INT64.c:29:12: note: in expansion of macro ‘SIZE’
   29 |   ('0' + ((SIZE / 10000)%10)),
      |            ^~~~
gmake[1]: *** [CMakeFiles/cmTC_2c7a6.dir/build.make:78: CMakeFiles/cmTC_2c7a6.dir/SIZEOF___INT64.c.o] Error 1
gmake[1]: Leaving directory '/home/uhuj/skillbox_cpp/learn_cpp_tasks/out/build/GCC 11.3.0 x86_64-linux-gnu/CMakeFiles/CMakeScratch/TryCompile-vTVEmT'
gmake: *** [Makefile:127: cmTC_2c7a6/fast] Error 2


SIZEOF___INT64.c:
#include <sys/types.h>
#include <stdint.h>
#include <stddef.h>


#undef KEY
#if defined(__i386)
# define KEY '_','_','i','3','8','6'
#elif defined(__x86_64)
# define KEY '_','_','x','8','6','_','6','4'
#elif defined(__PPC64__)
# define KEY '_','_','P','P','C','6','4','_','_'
#elif defined(__ppc64__)
# define KEY '_','_','p','p','c','6','4','_','_'
#elif defined(__PPC__)
# define KEY '_','_','P','P','C','_','_'
#elif defined(__ppc__)
# define KEY '_','_','p','p','c','_','_'
#elif defined(__aarch64__)
# define KEY '_','_','a','a','r','c','h','6','4','_','_'
#elif defined(__ARM_ARCH_7A__)
# define KEY '_','_','A','R','M','_','A','R','C','H','_','7','A','_','_'
#elif defined(__ARM_ARCH_7S__)
# define KEY '_','_','A','R','M','_','A','R','C','H','_','7','S','_','_'
#endif

#define SIZE (sizeof(__int64))
static char info_size[] =  {'I', 'N', 'F', 'O', ':', 's','i','z','e','[',
  ('0' + ((SIZE / 10000)%10)),
  ('0' + ((SIZE / 1000)%10)),
  ('0' + ((SIZE / 100)%10)),
  ('0' + ((SIZE / 10)%10)),
  ('0' +  (SIZE    % 10)),
  ']',
#ifdef KEY
  ' ','k','e','y','[', KEY, ']',
#endif
  '\0'};

#ifdef __CLASSIC_C__
int main(argc, argv) int argc; char *argv[];
#else
int main(int argc, char *argv[])
#endif
{
  int require = 0;
  require += info_size[argc];
  (void)argv;
  return require;
}


Determining if the stricmp exist failed with the following output:
Change Dir: /home/uhuj/skillbox_cpp/learn_cpp_tasks/out/build/GCC 11.3.0 x86_64-linux-gnu/CMakeFiles/CMakeScratch/TryCompile-J7TRSD

Run Build Command(s):/usr/bin/gmake -f Makefile cmTC_6536a/fast && /usr/bin/gmake  -f CMakeFiles/cmTC_6536a.dir/build.make CMakeFiles/cmTC_6536a.dir/build
gmake[1]: Entering directory '/home/uhuj/skillbox_cpp/learn_cpp_tasks/out/build/GCC 11.3.0 x86_64-linux-gnu/CMakeFiles/CMakeScratch/TryCompile-J7TRSD'
Building C object CMakeFiles/cmTC_6536a.dir/CheckSymbolExists.c.o
/usr/bin/gcc-11   -W -Wall -pedantic -Wbad-function-cast -Wconversion -Winline -Wmissing-declarations -Wmissing-prototypes -Wnested-externs -Wno-long-long -Wno-multichar -Wpointer-arith -Wshadow -Wsign-compare -Wundef -Wunused -Wwrite-strings -Wcast-align -Wdeclaration-after-statement -Wempty-body -Wendif-labels -Wfloat-equal -Wignored-qualifiers -Wno-format-nonliteral -Wno-sign-conversion -Wno-system-headers -Wstrict-prototypes -Wtype-limits -Wvla -Wmissing-parameter-type -Wold-style-declaration -Wstrict-aliasing=3 -Wformat=2 -Warray-bounds=2 -ftree-vrp -Wduplicated-cond -Wnull-dereference -fdelete-null-pointer-checks -Wshift-negative-value -Wshift-overflow=2 -Walloc-zero -Wduplicated-branches -Wformat-overflow=2 -Wformat-truncation=1 -Wrestrict -Warith-conversion -Wdouble-promotion -Wenum-conversion -Wunused-const-variable  -o CMakeFiles/cmTC_6536a.dir/CheckSymbolExists.c.o -c "/home/uhuj/skillbox_cpp/learn_cpp_tasks/out/build/GCC 11.3.0 x86_64-linux-gnu/CMakeFiles/CMakeScratch/TryCompile-J7TRSD/CheckSymbolExists.c"
/home/uhuj/skillbox_cpp/learn_cpp_tasks/out/build/GCC 11.3.0 x86_64-linux-gnu/CMakeFiles/CMakeScratch/TryCompile-J7TRSD/CheckSymbolExists.c: In function ‘main’:
/home/uhuj/skillbox_cpp/learn_cpp_tasks/out/build/GCC 11.3.0 x86_64-linux-gnu/CMakeFiles/CMakeScratch/TryCompile-J7TRSD/CheckSymbolExists.c:41:19: error: ‘stricmp’ undeclared (first use in this function); did you mean ‘strncmp’?
   41 |   return ((int*)(&stricmp))[argc];
      |                   ^~~~~~~
      |                   strncmp
/home/uhuj/skillbox_cpp/learn_cpp_tasks/out/build/GCC 11.3.0 x86_64-linux-gnu/CMakeFiles/CMakeScratch/TryCompile-J7TRSD/CheckSymbolExists.c:41:19: note: each undeclared identifier is reported only once for each function it appears in
/home/uhuj/skillbox_cpp/learn_cpp_tasks/out/build/GCC 11.3.0 x86_64-linux-gnu/CMakeFiles/CMakeScratch/TryCompile-J7TRSD/CheckSymbolExists.c:37:14: warning: parameter ‘argc’ set but not used [-Wunused-but-set-parameter]
   37 | int main(int argc, char** argv)
      |          ~~~~^~~~
gmake[1]: *** [CMakeFiles/cmTC_6536a.dir/build.make:78: CMakeFiles/cmTC_6536a.dir/CheckSymbolExists.c.o] Error 1
gmake[1]: Leaving directory '/home/uhuj/skillbox_cpp/learn_cpp_tasks/out/build/GCC 11.3.0 x86_64-linux-gnu/CMakeFiles/CMakeScratch/TryCompile-J7TRSD'
gmake: *** [Makefile:127: cmTC_6536a/fast] Error 2


File CheckSymbolExists.c:
/* */
#include <inttypes.h>
#include <sys/wait.h>
#include <sys/ioctl.h>
#include <sys/param.h>
#include <sys/poll.h>
#include <sys/resource.h>
#include <sys/select.h>
#include <sys/socket.h>
#include <sys/stat.h>
#include <sys/time.h>
#include <sys/types.h>
#include <sys/un.h>
#include <sys/xattr.h>
#include <arpa/inet.h>
#include <fcntl.h>
#include <ifaddrs.h>
#include <libgen.h>
#include <locale.h>
#include <net/if.h>
#include <netdb.h>
#include <netinet/in.h>
#include <netinet/tcp.h>
#include <netinet/udp.h>
#include <poll.h>
#include <pwd.h>
#include <stdatomic.h>
#include <stdbool.h>
#include <stdint.h>
#include <strings.h>
#include <termio.h>
#include <termios.h>
#include <unistd.h>
#include <utime.h>
#include <string.h>

int main(int argc, char** argv)
{
  (void)argv;
#ifndef stricmp
  return ((int*)(&stricmp))[argc];
#else
  (void)argc;
  return 0;
#endif
}
Determining if the strcmpi exist failed with the following output:
Change Dir: /home/uhuj/skillbox_cpp/learn_cpp_tasks/out/build/GCC 11.3.0 x86_64-linux-gnu/CMakeFiles/CMakeScratch/TryCompile-6V4Amm

Run Build Command(s):/usr/bin/gmake -f Makefile cmTC_762be/fast && /usr/bin/gmake  -f CMakeFiles/cmTC_762be.dir/build.make CMakeFiles/cmTC_762be.dir/build
gmake[1]: Entering directory '/home/uhuj/skillbox_cpp/learn_cpp_tasks/out/build/GCC 11.3.0 x86_64-linux-gnu/CMakeFiles/CMakeScratch/TryCompile-6V4Amm'
Building C object CMakeFiles/cmTC_762be.dir/CheckSymbolExists.c.o
/usr/bin/gcc-11   -W -Wall -pedantic -Wbad-function-cast -Wconversion -Winline -Wmissing-declarations -Wmissing-prototypes -Wnested-externs -Wno-long-long -Wno-multichar -Wpointer-arith -Wshadow -Wsign-compare -Wundef -Wunused -Wwrite-strings -Wcast-align -Wdeclaration-after-statement -Wempty-body -Wendif-labels -Wfloat-equal -Wignored-qualifiers -Wno-format-nonliteral -Wno-sign-conversion -Wno-system-headers -Wstrict-prototypes -Wtype-limits -Wvla -Wmissing-parameter-type -Wold-style-declaration -Wstrict-aliasing=3 -Wformat=2 -Warray-bounds=2 -ftree-vrp -Wduplicated-cond -Wnull-dereference -fdelete-null-pointer-checks -Wshift-negative-value -Wshift-overflow=2 -Walloc-zero -Wduplicated-branches -Wformat-overflow=2 -Wformat-truncation=1 -Wrestrict -Warith-conversion -Wdouble-promotion -Wenum-conversion -Wunused-const-variable  -o CMakeFiles/cmTC_762be.dir/CheckSymbolExists.c.o -c "/home/uhuj/skillbox_cpp/learn_cpp_tasks/out/build/GCC 11.3.0 x86_64-linux-gnu/CMakeFiles/CMakeScratch/TryCompile-6V4Amm/CheckSymbolExists.c"
/home/uhuj/skillbox_cpp/learn_cpp_tasks/out/build/GCC 11.3.0 x86_64-linux-gnu/CMakeFiles/CMakeScratch/TryCompile-6V4Amm/CheckSymbolExists.c: In function ‘main’:
/home/uhuj/skillbox_cpp/learn_cpp_tasks/out/build/GCC 11.3.0 x86_64-linux-gnu/CMakeFiles/CMakeScratch/TryCompile-6V4Amm/CheckSymbolExists.c:41:19: error: ‘strcmpi’ undeclared (first use in this function); did you mean ‘strcmp’?
   41 |   return ((int*)(&strcmpi))[argc];
      |                   ^~~~~~~
      |                   strcmp
/home/uhuj/skillbox_cpp/learn_cpp_tasks/out/build/GCC 11.3.0 x86_64-linux-gnu/CMakeFiles/CMakeScratch/TryCompile-6V4Amm/CheckSymbolExists.c:41:19: note: each undeclared identifier is reported only once for each function it appears in
/home/uhuj/skillbox_cpp/learn_cpp_tasks/out/build/GCC 11.3.0 x86_64-linux-gnu/CMakeFiles/CMakeScratch/TryCompile-6V4Amm/CheckSymbolExists.c:37:14: warning: parameter ‘argc’ set but not used [-Wunused-but-set-parameter]
   37 | int main(int argc, char** argv)
      |          ~~~~^~~~
gmake[1]: *** [CMakeFiles/cmTC_762be.dir/build.make:78: CMakeFiles/cmTC_762be.dir/CheckSymbolExists.c.o] Error 1
gmake[1]: Leaving directory '/home/uhuj/skillbox_cpp/learn_cpp_tasks/out/build/GCC 11.3.0 x86_64-linux-gnu/CMakeFiles/CMakeScratch/TryCompile-6V4Amm'
gmake: *** [Makefile:127: cmTC_762be/fast] Error 2


File CheckSymbolExists.c:
/* */
#include <inttypes.h>
#include <sys/wait.h>
#include <sys/ioctl.h>
#include <sys/param.h>
#include <sys/poll.h>
#include <sys/resource.h>
#include <sys/select.h>
#include <sys/socket.h>
#include <sys/stat.h>
#include <sys/time.h>
#include <sys/types.h>
#include <sys/un.h>
#include <sys/xattr.h>
#include <arpa/inet.h>
#include <fcntl.h>
#include <ifaddrs.h>
#include <libgen.h>
#include <locale.h>
#include <net/if.h>
#include <netdb.h>
#include <netinet/in.h>
#include <netinet/tcp.h>
#include <netinet/udp.h>
#include <poll.h>
#include <pwd.h>
#include <stdatomic.h>
#include <stdbool.h>
#include <stdint.h>
#include <strings.h>
#include <termio.h>
#include <termios.h>
#include <unistd.h>
#include <utime.h>
#include <string.h>

int main(int argc, char** argv)
{
  (void)argv;
#ifndef strcmpi
  return ((int*)(&strcmpi))[argc];
#else
  (void)argc;
  return 0;
#endif
}
Determining if the memrchr exist failed with the following output:
Change Dir: /home/uhuj/skillbox_cpp/learn_cpp_tasks/out/build/GCC 11.3.0 x86_64-linux-gnu/CMakeFiles/CMakeScratch/TryCompile-4p3Usk

Run Build Command(s):/usr/bin/gmake -f Makefile cmTC_980bb/fast && /usr/bin/gmake  -f CMakeFiles/cmTC_980bb.dir/build.make CMakeFiles/cmTC_980bb.dir/build
gmake[1]: Entering directory '/home/uhuj/skillbox_cpp/learn_cpp_tasks/out/build/GCC 11.3.0 x86_64-linux-gnu/CMakeFiles/CMakeScratch/TryCompile-4p3Usk'
Building C object CMakeFiles/cmTC_980bb.dir/CheckSymbolExists.c.o
/usr/bin/gcc-11   -W -Wall -pedantic -Wbad-function-cast -Wconversion -Winline -Wmissing-declarations -Wmissing-prototypes -Wnested-externs -Wno-long-long -Wno-multichar -Wpointer-arith -Wshadow -Wsign-compare -Wundef -Wunused -Wwrite-strings -Wcast-align -Wdeclaration-after-statement -Wempty-body -Wendif-labels -Wfloat-equal -Wignored-qualifiers -Wno-format-nonliteral -Wno-sign-conversion -Wno-system-headers -Wstrict-prototypes -Wtype-limits -Wvla -Wmissing-parameter-type -Wold-style-declaration -Wstrict-aliasing=3 -Wformat=2 -Warray-bounds=2 -ftree-vrp -Wduplicated-cond -Wnull-dereference -fdelete-null-pointer-checks -Wshift-negative-value -Wshift-overflow=2 -Walloc-zero -Wduplicated-branches -Wformat-overflow=2 -Wformat-truncation=1 -Wrestrict -Warith-conversion -Wdouble-promotion -Wenum-conversion -Wunused-const-variable  -o CMakeFiles/cmTC_980bb.dir/CheckSymbolExists.c.o -c "/home/uhuj/skillbox_cpp/learn_cpp_tasks/out/build/GCC 11.3.0 x86_64-linux-gnu/CMakeFiles/CMakeScratch/TryCompile-4p3Usk/CheckSymbolExists.c"
/home/uhuj/skillbox_cpp/learn_cpp_tasks/out/build/GCC 11.3.0 x86_64-linux-gnu/CMakeFiles/CMakeScratch/TryCompile-4p3Usk/CheckSymbolExists.c: In function ‘main’:
/home/uhuj/skillbox_cpp/learn_cpp_tasks/out/build/GCC 11.3.0 x86_64-linux-gnu/CMakeFiles/CMakeScratch/TryCompile-4p3Usk/CheckSymbolExists.c:41:19: error: ‘memrchr’ undeclared (first use in this function); did you mean ‘memchr’?
   41 |   return ((int*)(&memrchr))[argc];
      |                   ^~~~~~~
      |                   memchr
/home/uhuj/skillbox_cpp/learn_cpp_tasks/out/build/GCC 11.3.0 x86_64-linux-gnu/CMakeFiles/CMakeScratch/TryCompile-4p3Usk/CheckSymbolExists.c:41:19: note: each undeclared identifier is reported only once for each function it appears in
/home/uhuj/skillbox_cpp/learn_cpp_tasks/out/build/GCC 11.3.0 x86_64-linux-gnu/CMakeFiles/CMakeScratch/TryCompile-4p3Usk/CheckSymbolExists.c:37:14: warning: parameter ‘argc’ set but not used [-Wunused-but-set-parameter]
   37 | int main(int argc, char** argv)
      |          ~~~~^~~~
gmake[1]: *** [CMakeFiles/cmTC_980bb.dir/build.make:78: CMakeFiles/cmTC_980bb.dir/CheckSymbolExists.c.o] Error 1
gmake[1]: Leaving directory '/home/uhuj/skillbox_cpp/learn_cpp_tasks/out/build/GCC 11.3.0 x86_64-linux-gnu/CMakeFiles/CMakeScratch/TryCompile-4p3Usk'
gmake: *** [Makefile:127: cmTC_980bb/fast] Error 2


File CheckSymbolExists.c:
/* */
#include <inttypes.h>
#include <sys/wait.h>
#include <sys/ioctl.h>
#include <sys/param.h>
#include <sys/poll.h>
#include <sys/resource.h>
#include <sys/select.h>
#include <sys/socket.h>
#include <sys/stat.h>
#include <sys/time.h>
#include <sys/types.h>
#include <sys/un.h>
#include <sys/xattr.h>
#include <arpa/inet.h>
#include <fcntl.h>
#include <ifaddrs.h>
#include <libgen.h>
#include <locale.h>
#include <net/if.h>
#include <netdb.h>
#include <netinet/in.h>
#include <netinet/tcp.h>
#include <netinet/udp.h>
#include <poll.h>
#include <pwd.h>
#include <stdatomic.h>
#include <stdbool.h>
#include <stdint.h>
#include <strings.h>
#include <termio.h>
#include <termios.h>
#include <unistd.h>
#include <utime.h>
#include <string.h>

int main(int argc, char** argv)
{
  (void)argv;
#ifndef memrchr
  return ((int*)(&memrchr))[argc];
#else
  (void)argc;
  return 0;
#endif
}
Determining if the closesocket exist failed with the following output:
Change Dir: /home/uhuj/skillbox_cpp/learn_cpp_tasks/out/build/GCC 11.3.0 x86_64-linux-gnu/CMakeFiles/CMakeScratch/TryCompile-N1lmcJ

Run Build Command(s):/usr/bin/gmake -f Makefile cmTC_8effb/fast && /usr/bin/gmake  -f CMakeFiles/cmTC_8effb.dir/build.make CMakeFiles/cmTC_8effb.dir/build
gmake[1]: Entering directory '/home/uhuj/skillbox_cpp/learn_cpp_tasks/out/build/GCC 11.3.0 x86_64-linux-gnu/CMakeFiles/CMakeScratch/TryCompile-N1lmcJ'
Building C object CMakeFiles/cmTC_8effb.dir/CheckSymbolExists.c.o
/usr/bin/gcc-11   -W -Wall -pedantic -Wbad-function-cast -Wconversion -Winline -Wmissing-declarations -Wmissing-prototypes -Wnested-externs -Wno-long-long -Wno-multichar -Wpointer-arith -Wshadow -Wsign-compare -Wundef -Wunused -Wwrite-strings -Wcast-align -Wdeclaration-after-statement -Wempty-body -Wendif-labels -Wfloat-equal -Wignored-qualifiers -Wno-format-nonliteral -Wno-sign-conversion -Wno-system-headers -Wstrict-prototypes -Wtype-limits -Wvla -Wmissing-parameter-type -Wold-style-declaration -Wstrict-aliasing=3 -Wformat=2 -Warray-bounds=2 -ftree-vrp -Wduplicated-cond -Wnull-dereference -fdelete-null-pointer-checks -Wshift-negative-value -Wshift-overflow=2 -Walloc-zero -Wduplicated-branches -Wformat-overflow=2 -Wformat-truncation=1 -Wrestrict -Warith-conversion -Wdouble-promotion -Wenum-conversion -Wunused-const-variable  -o CMakeFiles/cmTC_8effb.dir/CheckSymbolExists.c.o -c "/home/uhuj/skillbox_cpp/learn_cpp_tasks/out/build/GCC 11.3.0 x86_64-linux-gnu/CMakeFiles/CMakeScratch/TryCompile-N1lmcJ/CheckSymbolExists.c"
/home/uhuj/skillbox_cpp/learn_cpp_tasks/out/build/GCC 11.3.0 x86_64-linux-gnu/CMakeFiles/CMakeScratch/TryCompile-N1lmcJ/CheckSymbolExists.c: In function ‘main’:
/home/uhuj/skillbox_cpp/learn_cpp_tasks/out/build/GCC 11.3.0 x86_64-linux-gnu/CMakeFiles/CMakeScratch/TryCompile-N1lmcJ/CheckSymbolExists.c:40:19: error: ‘closesocket’ undeclared (first use in this function)
   40 |   return ((int*)(&closesocket))[argc];
      |                   ^~~~~~~~~~~
/home/uhuj/skillbox_cpp/learn_cpp_tasks/out/build/GCC 11.3.0 x86_64-linux-gnu/CMakeFiles/CMakeScratch/TryCompile-N1lmcJ/CheckSymbolExists.c:40:19: note: each undeclared identifier is reported only once for each function it appears in
/home/uhuj/skillbox_cpp/learn_cpp_tasks/out/build/GCC 11.3.0 x86_64-linux-gnu/CMakeFiles/CMakeScratch/TryCompile-N1lmcJ/CheckSymbolExists.c:36:14: warning: parameter ‘argc’ set but not used [-Wunused-but-set-parameter]
   36 | int main(int argc, char** argv)
      |          ~~~~^~~~
gmake[1]: *** [CMakeFiles/cmTC_8effb.dir/build.make:78: CMakeFiles/cmTC_8effb.dir/CheckSymbolExists.c.o] Error 1
gmake[1]: Leaving directory '/home/uhuj/skillbox_cpp/learn_cpp_tasks/out/build/GCC 11.3.0 x86_64-linux-gnu/CMakeFiles/CMakeScratch/TryCompile-N1lmcJ'
gmake: *** [Makefile:127: cmTC_8effb/fast] Error 2


File CheckSymbolExists.c:
/* */
#include <inttypes.h>
#include <sys/wait.h>
#include <sys/ioctl.h>
#include <sys/param.h>
#include <sys/poll.h>
#include <sys/resource.h>
#include <sys/select.h>
#include <sys/socket.h>
#include <sys/stat.h>
#include <sys/time.h>
#include <sys/types.h>
#include <sys/un.h>
#include <sys/xattr.h>
#include <arpa/inet.h>
#include <fcntl.h>
#include <ifaddrs.h>
#include <libgen.h>
#include <locale.h>
#include <net/if.h>
#include <netdb.h>
#include <netinet/in.h>
#include <netinet/tcp.h>
#include <netinet/udp.h>
#include <poll.h>
#include <pwd.h>
#include <stdatomic.h>
#include <stdbool.h>
#include <stdint.h>
#include <strings.h>
#include <termio.h>
#include <termios.h>
#include <unistd.h>
#include <utime.h>

int main(int argc, char** argv)
{
  (void)argv;
#ifndef closesocket
  return ((int*)(&closesocket))[argc];
#else
  (void)argc;
  return 0;
#endif
}
Determining if the getpass_r exist failed with the following output:
Change Dir: /home/uhuj/skillbox_cpp/learn_cpp_tasks/out/build/GCC 11.3.0 x86_64-linux-gnu/CMakeFiles/CMakeScratch/TryCompile-GPjJzV

Run Build Command(s):/usr/bin/gmake -f Makefile cmTC_fffa3/fast && /usr/bin/gmake  -f CMakeFiles/cmTC_fffa3.dir/build.make CMakeFiles/cmTC_fffa3.dir/build
gmake[1]: Entering directory '/home/uhuj/skillbox_cpp/learn_cpp_tasks/out/build/GCC 11.3.0 x86_64-linux-gnu/CMakeFiles/CMakeScratch/TryCompile-GPjJzV'
Building C object CMakeFiles/cmTC_fffa3.dir/CheckSymbolExists.c.o
/usr/bin/gcc-11   -W -Wall -pedantic -Wbad-function-cast -Wconversion -Winline -Wmissing-declarations -Wmissing-prototypes -Wnested-externs -Wno-long-long -Wno-multichar -Wpointer-arith -Wshadow -Wsign-compare -Wundef -Wunused -Wwrite-strings -Wcast-align -Wdeclaration-after-statement -Wempty-body -Wendif-labels -Wfloat-equal -Wignored-qualifiers -Wno-format-nonliteral -Wno-sign-conversion -Wno-system-headers -Wstrict-prototypes -Wtype-limits -Wvla -Wmissing-parameter-type -Wold-style-declaration -Wstrict-aliasing=3 -Wformat=2 -Warray-bounds=2 -ftree-vrp -Wduplicated-cond -Wnull-dereference -fdelete-null-pointer-checks -Wshift-negative-value -Wshift-overflow=2 -Walloc-zero -Wduplicated-branches -Wformat-overflow=2 -Wformat-truncation=1 -Wrestrict -Warith-conversion -Wdouble-promotion -Wenum-conversion -Wunused-const-variable  -o CMakeFiles/cmTC_fffa3.dir/CheckSymbolExists.c.o -c "/home/uhuj/skillbox_cpp/learn_cpp_tasks/out/build/GCC 11.3.0 x86_64-linux-gnu/CMakeFiles/CMakeScratch/TryCompile-GPjJzV/CheckSymbolExists.c"
/home/uhuj/skillbox_cpp/learn_cpp_tasks/out/build/GCC 11.3.0 x86_64-linux-gnu/CMakeFiles/CMakeScratch/TryCompile-GPjJzV/CheckSymbolExists.c: In function ‘main’:
/home/uhuj/skillbox_cpp/learn_cpp_tasks/out/build/GCC 11.3.0 x86_64-linux-gnu/CMakeFiles/CMakeScratch/TryCompile-GPjJzV/CheckSymbolExists.c:40:19: error: ‘getpass_r’ undeclared (first use in this function); did you mean ‘getpass’?
   40 |   return ((int*)(&getpass_r))[argc];
      |                   ^~~~~~~~~
      |                   getpass
/home/uhuj/skillbox_cpp/learn_cpp_tasks/out/build/GCC 11.3.0 x86_64-linux-gnu/CMakeFiles/CMakeScratch/TryCompile-GPjJzV/CheckSymbolExists.c:40:19: note: each undeclared identifier is reported only once for each function it appears in
/home/uhuj/skillbox_cpp/learn_cpp_tasks/out/build/GCC 11.3.0 x86_64-linux-gnu/CMakeFiles/CMakeScratch/TryCompile-GPjJzV/CheckSymbolExists.c:36:14: warning: parameter ‘argc’ set but not used [-Wunused-but-set-parameter]
   36 | int main(int argc, char** argv)
      |          ~~~~^~~~
gmake[1]: *** [CMakeFiles/cmTC_fffa3.dir/build.make:78: CMakeFiles/cmTC_fffa3.dir/CheckSymbolExists.c.o] Error 1
gmake[1]: Leaving directory '/home/uhuj/skillbox_cpp/learn_cpp_tasks/out/build/GCC 11.3.0 x86_64-linux-gnu/CMakeFiles/CMakeScratch/TryCompile-GPjJzV'
gmake: *** [Makefile:127: cmTC_fffa3/fast] Error 2


File CheckSymbolExists.c:
/* */
#include <inttypes.h>
#include <sys/wait.h>
#include <sys/ioctl.h>
#include <sys/param.h>
#include <sys/poll.h>
#include <sys/resource.h>
#include <sys/select.h>
#include <sys/socket.h>
#include <sys/stat.h>
#include <sys/time.h>
#include <sys/types.h>
#include <sys/un.h>
#include <sys/xattr.h>
#include <arpa/inet.h>
#include <fcntl.h>
#include <ifaddrs.h>
#include <libgen.h>
#include <locale.h>
#include <net/if.h>
#include <netdb.h>
#include <netinet/in.h>
#include <netinet/tcp.h>
#include <netinet/udp.h>
#include <poll.h>
#include <pwd.h>
#include <stdatomic.h>
#include <stdbool.h>
#include <stdint.h>
#include <strings.h>
#include <termio.h>
#include <termios.h>
#include <unistd.h>
#include <utime.h>

int main(int argc, char** argv)
{
  (void)argv;
#ifndef getpass_r
  return ((int*)(&getpass_r))[argc];
#else
  (void)argc;
  return 0;
#endif
}
Determining if the _fseeki64 exist failed with the following output:
Change Dir: /home/uhuj/skillbox_cpp/learn_cpp_tasks/out/build/GCC 11.3.0 x86_64-linux-gnu/CMakeFiles/CMakeScratch/TryCompile-Xb7BzF

Run Build Command(s):/usr/bin/gmake -f Makefile cmTC_41d8d/fast && /usr/bin/gmake  -f CMakeFiles/cmTC_41d8d.dir/build.make CMakeFiles/cmTC_41d8d.dir/build
gmake[1]: Entering directory '/home/uhuj/skillbox_cpp/learn_cpp_tasks/out/build/GCC 11.3.0 x86_64-linux-gnu/CMakeFiles/CMakeScratch/TryCompile-Xb7BzF'
Building C object CMakeFiles/cmTC_41d8d.dir/CheckSymbolExists.c.o
/usr/bin/gcc-11   -W -Wall -pedantic -Wbad-function-cast -Wconversion -Winline -Wmissing-declarations -Wmissing-prototypes -Wnested-externs -Wno-long-long -Wno-multichar -Wpointer-arith -Wshadow -Wsign-compare -Wundef -Wunused -Wwrite-strings -Wcast-align -Wdeclaration-after-statement -Wempty-body -Wendif-labels -Wfloat-equal -Wignored-qualifiers -Wno-format-nonliteral -Wno-sign-conversion -Wno-system-headers -Wstrict-prototypes -Wtype-limits -Wvla -Wmissing-parameter-type -Wold-style-declaration -Wstrict-aliasing=3 -Wformat=2 -Warray-bounds=2 -ftree-vrp -Wduplicated-cond -Wnull-dereference -fdelete-null-pointer-checks -Wshift-negative-value -Wshift-overflow=2 -Walloc-zero -Wduplicated-branches -Wformat-overflow=2 -Wformat-truncation=1 -Wrestrict -Warith-conversion -Wdouble-promotion -Wenum-conversion -Wunused-const-variable  -o CMakeFiles/cmTC_41d8d.dir/CheckSymbolExists.c.o -c "/home/uhuj/skillbox_cpp/learn_cpp_tasks/out/build/GCC 11.3.0 x86_64-linux-gnu/CMakeFiles/CMakeScratch/TryCompile-Xb7BzF/CheckSymbolExists.c"
/home/uhuj/skillbox_cpp/learn_cpp_tasks/out/build/GCC 11.3.0 x86_64-linux-gnu/CMakeFiles/CMakeScratch/TryCompile-Xb7BzF/CheckSymbolExists.c: In function ‘main’:
/home/uhuj/skillbox_cpp/learn_cpp_tasks/out/build/GCC 11.3.0 x86_64-linux-gnu/CMakeFiles/CMakeScratch/TryCompile-Xb7BzF/CheckSymbolExists.c:41:19: error: ‘_fseeki64’ undeclared (first use in this function)
   41 |   return ((int*)(&_fseeki64))[argc];
      |                   ^~~~~~~~~
/home/uhuj/skillbox_cpp/learn_cpp_tasks/out/build/GCC 11.3.0 x86_64-linux-gnu/CMakeFiles/CMakeScratch/TryCompile-Xb7BzF/CheckSymbolExists.c:41:19: note: each undeclared identifier is reported only once for each function it appears in
/home/uhuj/skillbox_cpp/learn_cpp_tasks/out/build/GCC 11.3.0 x86_64-linux-gnu/CMakeFiles/CMakeScratch/TryCompile-Xb7BzF/CheckSymbolExists.c:37:14: warning: parameter ‘argc’ set but not used [-Wunused-but-set-parameter]
   37 | int main(int argc, char** argv)
      |          ~~~~^~~~
gmake[1]: *** [CMakeFiles/cmTC_41d8d.dir/build.make:78: CMakeFiles/cmTC_41d8d.dir/CheckSymbolExists.c.o] Error 1
gmake[1]: Leaving directory '/home/uhuj/skillbox_cpp/learn_cpp_tasks/out/build/GCC 11.3.0 x86_64-linux-gnu/CMakeFiles/CMakeScratch/TryCompile-Xb7BzF'
gmake: *** [Makefile:127: cmTC_41d8d/fast] Error 2


File CheckSymbolExists.c:
/* */
#include <inttypes.h>
#include <sys/wait.h>
#include <sys/ioctl.h>
#include <sys/param.h>
#include <sys/poll.h>
#include <sys/resource.h>
#include <sys/select.h>
#include <sys/socket.h>
#include <sys/stat.h>
#include <sys/time.h>
#include <sys/types.h>
#include <sys/un.h>
#include <sys/xattr.h>
#include <arpa/inet.h>
#include <fcntl.h>
#include <ifaddrs.h>
#include <libgen.h>
#include <locale.h>
#include <net/if.h>
#include <netdb.h>
#include <netinet/in.h>
#include <netinet/tcp.h>
#include <netinet/udp.h>
#include <poll.h>
#include <pwd.h>
#include <stdatomic.h>
#include <stdbool.h>
#include <stdint.h>
#include <strings.h>
#include <termio.h>
#include <termios.h>
#include <unistd.h>
#include <utime.h>
#include <stdio.h>

int main(int argc, char** argv)
{
  (void)argv;
#ifndef _fseeki64
  return ((int*)(&_fseeki64))[argc];
#else
  (void)argc;
  return 0;
#endif
}
Determining if the setmode exist failed with the following output:
Change Dir: /home/uhuj/skillbox_cpp/learn_cpp_tasks/out/build/GCC 11.3.0 x86_64-linux-gnu/CMakeFiles/CMakeScratch/TryCompile-ssN4WG

Run Build Command(s):/usr/bin/gmake -f Makefile cmTC_672d3/fast && /usr/bin/gmake  -f CMakeFiles/cmTC_672d3.dir/build.make CMakeFiles/cmTC_672d3.dir/build
gmake[1]: Entering directory '/home/uhuj/skillbox_cpp/learn_cpp_tasks/out/build/GCC 11.3.0 x86_64-linux-gnu/CMakeFiles/CMakeScratch/TryCompile-ssN4WG'
Building C object CMakeFiles/cmTC_672d3.dir/CheckSymbolExists.c.o
/usr/bin/gcc-11   -W -Wall -pedantic -Wbad-function-cast -Wconversion -Winline -Wmissing-declarations -Wmissing-prototypes -Wnested-externs -Wno-long-long -Wno-multichar -Wpointer-arith -Wshadow -Wsign-compare -Wundef -Wunused -Wwrite-strings -Wcast-align -Wdeclaration-after-statement -Wempty-body -Wendif-labels -Wfloat-equal -Wignored-qualifiers -Wno-format-nonliteral -Wno-sign-conversion -Wno-system-headers -Wstrict-prototypes -Wtype-limits -Wvla -Wmissing-parameter-type -Wold-style-declaration -Wstrict-aliasing=3 -Wformat=2 -Warray-bounds=2 -ftree-vrp -Wduplicated-cond -Wnull-dereference -fdelete-null-pointer-checks -Wshift-negative-value -Wshift-overflow=2 -Walloc-zero -Wduplicated-branches -Wformat-overflow=2 -Wformat-truncation=1 -Wrestrict -Warith-conversion -Wdouble-promotion -Wenum-conversion -Wunused-const-variable  -o CMakeFiles/cmTC_672d3.dir/CheckSymbolExists.c.o -c "/home/uhuj/skillbox_cpp/learn_cpp_tasks/out/build/GCC 11.3.0 x86_64-linux-gnu/CMakeFiles/CMakeScratch/TryCompile-ssN4WG/CheckSymbolExists.c"
/home/uhuj/skillbox_cpp/learn_cpp_tasks/out/build/GCC 11.3.0 x86_64-linux-gnu/CMakeFiles/CMakeScratch/TryCompile-ssN4WG/CheckSymbolExists.c: In function ‘main’:
/home/uhuj/skillbox_cpp/learn_cpp_tasks/out/build/GCC 11.3.0 x86_64-linux-gnu/CMakeFiles/CMakeScratch/TryCompile-ssN4WG/CheckSymbolExists.c:40:19: error: ‘setmode’ undeclared (first use in this function)
   40 |   return ((int*)(&setmode))[argc];
      |                   ^~~~~~~
/home/uhuj/skillbox_cpp/learn_cpp_tasks/out/build/GCC 11.3.0 x86_64-linux-gnu/CMakeFiles/CMakeScratch/TryCompile-ssN4WG/CheckSymbolExists.c:40:19: note: each undeclared identifier is reported only once for each function it appears in
/home/uhuj/skillbox_cpp/learn_cpp_tasks/out/build/GCC 11.3.0 x86_64-linux-gnu/CMakeFiles/CMakeScratch/TryCompile-ssN4WG/CheckSymbolExists.c:36:14: warning: parameter ‘argc’ set but not used [-Wunused-but-set-parameter]
   36 | int main(int argc, char** argv)
      |          ~~~~^~~~
gmake[1]: *** [CMakeFiles/cmTC_672d3.dir/build.make:78: CMakeFiles/cmTC_672d3.dir/CheckSymbolExists.c.o] Error 1
gmake[1]: Leaving directory '/home/uhuj/skillbox_cpp/learn_cpp_tasks/out/build/GCC 11.3.0 x86_64-linux-gnu/CMakeFiles/CMakeScratch/TryCompile-ssN4WG'
gmake: *** [Makefile:127: cmTC_672d3/fast] Error 2


File CheckSymbolExists.c:
/* */
#include <inttypes.h>
#include <sys/wait.h>
#include <sys/ioctl.h>
#include <sys/param.h>
#include <sys/poll.h>
#include <sys/resource.h>
#include <sys/select.h>
#include <sys/socket.h>
#include <sys/stat.h>
#include <sys/time.h>
#include <sys/types.h>
#include <sys/un.h>
#include <sys/xattr.h>
#include <arpa/inet.h>
#include <fcntl.h>
#include <ifaddrs.h>
#include <libgen.h>
#include <locale.h>
#include <net/if.h>
#include <netdb.h>
#include <netinet/in.h>
#include <netinet/tcp.h>
#include <netinet/udp.h>
#include <poll.h>
#include <pwd.h>
#include <stdatomic.h>
#include <stdbool.h>
#include <stdint.h>
#include <strings.h>
#include <termio.h>
#include <termios.h>
#include <unistd.h>
#include <utime.h>

int main(int argc, char** argv)
{
  (void)argv;
#ifndef setmode
  return ((int*)(&setmode))[argc];
#else
  (void)argc;
  return 0;
#endif
}
Determining if the function mach_absolute_time exists failed with the following output:
Change Dir: /home/uhuj/skillbox_cpp/learn_cpp_tasks/out/build/GCC 11.3.0 x86_64-linux-gnu/CMakeFiles/CMakeScratch/TryCompile-IN06PE

Run Build Command(s):/usr/bin/gmake -f Makefile cmTC_b1822/fast && /usr/bin/gmake  -f CMakeFiles/cmTC_b1822.dir/build.make CMakeFiles/cmTC_b1822.dir/build
gmake[1]: Entering directory '/home/uhuj/skillbox_cpp/learn_cpp_tasks/out/build/GCC 11.3.0 x86_64-linux-gnu/CMakeFiles/CMakeScratch/TryCompile-IN06PE'
Building C object CMakeFiles/cmTC_b1822.dir/CheckFunctionExists.c.o
/usr/bin/gcc-11   -W -Wall -pedantic -Wbad-function-cast -Wconversion -Winline -Wmissing-declarations -Wmissing-prototypes -Wnested-externs -Wno-long-long -Wno-multichar -Wpointer-arith -Wshadow -Wsign-compare -Wundef -Wunused -Wwrite-strings -Wcast-align -Wdeclaration-after-statement -Wempty-body -Wendif-labels -Wfloat-equal -Wignored-qualifiers -Wno-format-nonliteral -Wno-sign-conversion -Wno-system-headers -Wstrict-prototypes -Wtype-limits -Wvla -Wmissing-parameter-type -Wold-style-declaration -Wstrict-aliasing=3 -Wformat=2 -Warray-bounds=2 -ftree-vrp -Wduplicated-cond -Wnull-dereference -fdelete-null-pointer-checks -Wshift-negative-value -Wshift-overflow=2 -Walloc-zero -Wduplicated-branches -Wformat-overflow=2 -Wformat-truncation=1 -Wrestrict -Warith-conversion -Wdouble-promotion -Wenum-conversion -Wunused-const-variable -DCHECK_FUNCTION_EXISTS=mach_absolute_time -o CMakeFiles/cmTC_b1822.dir/CheckFunctionExists.c.o -c "/home/uhuj/skillbox_cpp/learn_cpp_tasks/out/build/GCC 11.3.0 x86_64-linux-gnu/CMakeFiles/CMakeScratch/TryCompile-IN06PE/CheckFunctionExists.c"
Linking C executable cmTC_b1822
/usr/bin/cmake -E cmake_link_script CMakeFiles/cmTC_b1822.dir/link.txt --verbose=1
/usr/bin/gcc-11   -W -Wall -pedantic -Wbad-function-cast -Wconversion -Winline -Wmissing-declarations -Wmissing-prototypes -Wnested-externs -Wno-long-long -Wno-multichar -Wpointer-arith -Wshadow -Wsign-compare -Wundef -Wunused -Wwrite-strings -Wcast-align -Wdeclaration-after-statement -Wempty-body -Wendif-labels -Wfloat-equal -Wignored-qualifiers -Wno-format-nonliteral -Wno-sign-conversion -Wno-system-headers -Wstrict-prototypes -Wtype-limits -Wvla -Wmissing-parameter-type -Wold-style-declaration -Wstrict-aliasing=3 -Wformat=2 -Warray-bounds=2 -ftree-vrp -Wduplicated-cond -Wnull-dereference -fdelete-null-pointer-checks -Wshift-negative-value -Wshift-overflow=2 -Walloc-zero -Wduplicated-branches -Wformat-overflow=2 -Wformat-truncation=1 -Wrestrict -Warith-conversion -Wdouble-promotion -Wenum-conversion -Wunused-const-variable -DCHECK_FUNCTION_EXISTS=mach_absolute_time CMakeFiles/cmTC_b1822.dir/CheckFunctionExists.c.o -o cmTC_b1822 
/usr/bin/ld: CMakeFiles/cmTC_b1822.dir/CheckFunctionExists.c.o: in function `main':
CheckFunctionExists.c:(.text+0x10): undefined reference to `mach_absolute_time'
collect2: error: ld returned 1 exit status
gmake[1]: *** [CMakeFiles/cmTC_b1822.dir/build.make:99: cmTC_b1822] Error 1
gmake[1]: Leaving directory '/home/uhuj/skillbox_cpp/learn_cpp_tasks/out/build/GCC 11.3.0 x86_64-linux-gnu/CMakeFiles/CMakeScratch/TryCompile-IN06PE'
gmake: *** [Makefile:127: cmTC_b1822/fast] Error 2



Performing Curl Test HAVE_FSETXATTR_6 failed with the following output:
Change Dir: /home/uhuj/skillbox_cpp/learn_cpp_tasks/out/build/GCC 11.3.0 x86_64-linux-gnu/CMakeFiles/CMakeTmp

Run Build Command(s):/usr/bin/gmake -f Makefile cmTC_b97d2/fast && /usr/bin/gmake  -f CMakeFiles/cmTC_b97d2.dir/build.make CMakeFiles/cmTC_b97d2.dir/build
gmake[1]: Entering directory '/home/uhuj/skillbox_cpp/learn_cpp_tasks/out/build/GCC 11.3.0 x86_64-linux-gnu/CMakeFiles/CMakeTmp'
Building C object CMakeFiles/cmTC_b97d2.dir/CurlTests.c.o
/usr/bin/gcc-11   -W -Wall -pedantic -Wbad-function-cast -Wconversion -Winline -Wmissing-declarations -Wmissing-prototypes -Wnested-externs -Wno-long-long -Wno-multichar -Wpointer-arith -Wshadow -Wsign-compare -Wundef -Wunused -Wwrite-strings -Wcast-align -Wdeclaration-after-statement -Wempty-body -Wendif-labels -Wfloat-equal -Wignored-qualifiers -Wno-format-nonliteral -Wno-sign-conversion -Wno-system-headers -Wstrict-prototypes -Wtype-limits -Wvla -Wmissing-parameter-type -Wold-style-declaration -Wstrict-aliasing=3 -Wformat=2 -Warray-bounds=2 -ftree-vrp -Wduplicated-cond -Wnull-dereference -fdelete-null-pointer-checks -Wshift-negative-value -Wshift-overflow=2 -Walloc-zero -Wduplicated-branches -Wformat-overflow=2 -Wformat-truncation=1 -Wrestrict -Warith-conversion -Wdouble-promotion -Wenum-conversion -Wunused-const-variable -DHAVE_FSETXATTR_6  -DHAVE_INTTYPES_H -DHAVE_SYS_WAIT_H -DHAVE_SYS_IOCTL_H -DHAVE_SYS_PARAM_H -DHAVE_SYS_POLL_H -DHAVE_SYS_RESOURCE_H -DHAVE_SYS_SELECT_H -DHAVE_SYS_SOCKET_H -DHAVE_SYS_STAT_H -DHAVE_SYS_TIME_H -DHAVE_SYS_TYPES_H -DHAVE_SYS_UN_H -DHAVE_SYS_XATTR_H -DHAVE_ARPA_INET_H -DHAVE_FCNTL_H -DHAVE_IFADDRS_H -DHAVE_LIBGEN_H -DHAVE_LOCALE_H -DHAVE_NET_IF_H -DHAVE_NETDB_H -DHAVE_NETINET_IN_H -DHAVE_NETINET_TCP_H -DHAVE_NETINET_UDP_H -DHAVE_POLL_H -DHAVE_PWD_H -DHAVE_STDATOMIC_H -DHAVE_STDBOOL_H -DHAVE_STDINT_H -DHAVE_STRINGS_H -DHAVE_TERMIO_H -DHAVE_TERMIOS_H -DHAVE_UNISTD_H -DHAVE_UTIME_H -o CMakeFiles/cmTC_b97d2.dir/CurlTests.c.o -c "/home/uhuj/skillbox_cpp/learn_cpp_tasks/out/build/GCC 11.3.0 x86_64-linux-gnu/_deps/curl-src/CMake/CurlTests.c"
/home/uhuj/skillbox_cpp/learn_cpp_tasks/out/build/GCC 11.3.0 x86_64-linux-gnu/_deps/curl-src/CMake/CurlTests.c:405:1: warning: function declaration isn’t a prototype [-Wstrict-prototypes]
  405 | main() {
      | ^~~~
/home/uhuj/skillbox_cpp/learn_cpp_tasks/out/build/GCC 11.3.0 x86_64-linux-gnu/_deps/curl-src/CMake/CurlTests.c: In function ‘main’:
/home/uhuj/skillbox_cpp/learn_cpp_tasks/out/build/GCC 11.3.0 x86_64-linux-gnu/_deps/curl-src/CMake/CurlTests.c:406:3: error: too many arguments to function ‘fsetxattr’
  406 |   fsetxattr(0, 0, 0, 0, 0, 0);
      |   ^~~~~~~~~
In file included from /home/uhuj/skillbox_cpp/learn_cpp_tasks/out/build/GCC 11.3.0 x86_64-linux-gnu/_deps/curl-src/CMake/CurlTests.c:403:
/usr/include/x86_64-linux-gnu/sys/xattr.h:54:12: note: declared here
   54 | extern int fsetxattr (int __fd, const char *__name, const void *__value,
      |            ^~~~~~~~~
gmake[1]: *** [CMakeFiles/cmTC_b97d2.dir/build.make:78: CMakeFiles/cmTC_b97d2.dir/CurlTests.c.o] Error 1
gmake[1]: Leaving directory '/home/uhuj/skillbox_cpp/learn_cpp_tasks/out/build/GCC 11.3.0 x86_64-linux-gnu/CMakeFiles/CMakeTmp'
gmake: *** [Makefile:127: cmTC_b97d2/fast] Error 2


Determining size of ADDRESS_FAMILY failed with the following output:
Change Dir: /home/uhuj/skillbox_cpp/learn_cpp_tasks/out/build/GCC 11.3.0 x86_64-linux-gnu/CMakeFiles/CMakeScratch/TryCompile-9EBPTn

Run Build Command(s):/usr/bin/gmake -f Makefile cmTC_6ba96/fast && /usr/bin/gmake  -f CMakeFiles/cmTC_6ba96.dir/build.make CMakeFiles/cmTC_6ba96.dir/build
gmake[1]: Entering directory '/home/uhuj/skillbox_cpp/learn_cpp_tasks/out/build/GCC 11.3.0 x86_64-linux-gnu/CMakeFiles/CMakeScratch/TryCompile-9EBPTn'
Building C object CMakeFiles/cmTC_6ba96.dir/SIZEOF_ADDRESS_FAMILY.c.o
/usr/bin/gcc-11   -W -Wall -pedantic -Wbad-function-cast -Wconversion -Winline -Wmissing-declarations -Wmissing-prototypes -Wnested-externs -Wno-long-long -Wno-multichar -Wpointer-arith -Wshadow -Wsign-compare -Wundef -Wunused -Wwrite-strings -Wcast-align -Wdeclaration-after-statement -Wempty-body -Wendif-labels -Wfloat-equal -Wignored-qualifiers -Wno-format-nonliteral -Wno-sign-conversion -Wno-system-headers -Wstrict-prototypes -Wtype-limits -Wvla -Wmissing-parameter-type -Wold-style-declaration -Wstrict-aliasing=3 -Wformat=2 -Warray-bounds=2 -ftree-vrp -Wduplicated-cond -Wnull-dereference -fdelete-null-pointer-checks -Wshift-negative-value -Wshift-overflow=2 -Walloc-zero -Wduplicated-branches -Wformat-overflow=2 -Wformat-truncation=1 -Wrestrict -Warith-conversion -Wdouble-promotion -Wenum-conversion -Wunused-const-variable  -o CMakeFiles/cmTC_6ba96.dir/SIZEOF_ADDRESS_FAMILY.c.o -c "/home/uhuj/skillbox_cpp/learn_cpp_tasks/out/build/GCC 11.3.0 x86_64-linux-gnu/CMakeFiles/CMakeScratch/TryCompile-9EBPTn/SIZEOF_ADDRESS_FAMILY.c"
/home/uhuj/skillbox_cpp/learn_cpp_tasks/out/build/GCC 11.3.0 x86_64-linux-gnu/CMakeFiles/CMakeScratch/TryCompile-9EBPTn/SIZEOF_ADDRESS_FAMILY.c:4:10: fatal error: ws2def.h: No such file or directory
    4 | #include "ws2def.h"
      |          ^~~~~~~~~~
compilation terminated.
gmake[1]: *** [CMakeFiles/cmTC_6ba96.dir/build.make:78: CMakeFiles/cmTC_6ba96.dir/SIZEOF_ADDRESS_FAMILY.c.o] Error 1
gmake[1]: Leaving directory '/home/uhuj/skillbox_cpp/learn_cpp_tasks/out/build/GCC 11.3.0 x86_64-linux-gnu/CMakeFiles/CMakeScratch/TryCompile-9EBPTn'
gmake: *** [Makefile:127: cmTC_6ba96/fast] Error 2


SIZEOF_ADDRESS_FAMILY.c:
#include <sys/types.h>
#include <stdint.h>
#include <stddef.h>
#include "ws2def.h"


#undef KEY
#if defined(__i386)
# define KEY '_','_','i','3','8','6'
#elif defined(__x86_64)
# define KEY '_','_','x','8','6','_','6','4'
#elif defined(__PPC64__)
# define KEY '_','_','P','P','C','6','4','_','_'
#elif defined(__ppc64__)
# define KEY '_','_','p','p','c','6','4','_','_'
#elif defined(__PPC__)
# define KEY '_','_','P','P','C','_','_'
#elif defined(__ppc__)
# define KEY '_','_','p','p','c','_','_'
#elif defined(__aarch64__)
# define KEY '_','_','a','a','r','c','h','6','4','_','_'
#elif defined(__ARM_ARCH_7A__)
# define KEY '_','_','A','R','M','_','A','R','C','H','_','7','A','_','_'
#elif defined(__ARM_ARCH_7S__)
# define KEY '_','_','A','R','M','_','A','R','C','H','_','7','S','_','_'
#endif

#define SIZE (sizeof(ADDRESS_FAMILY))
static char info_size[] =  {'I', 'N', 'F', 'O', ':', 's','i','z','e','[',
  ('0' + ((SIZE / 10000)%10)),
  ('0' + ((SIZE / 1000)%10)),
  ('0' + ((SIZE / 100)%10)),
  ('0' + ((SIZE / 10)%10)),
  ('0' +  (SIZE    % 10)),
  ']',
#ifdef KEY
  ' ','k','e','y','[', KEY, ']',
#endif
  '\0'};

#ifdef __CLASSIC_C__
int main(argc, argv) int argc; char *argv[];
#else
int main(int argc, char *argv[])
#endif
{
  int require = 0;
  require += info_size[argc];
  (void)argv;
  return require;
}


Performing Curl Test HAVE_IOCTLSOCKET failed with the following output:
Change Dir: /home/uhuj/skillbox_cpp/learn_cpp_tasks/out/build/GCC 11.3.0 x86_64-linux-gnu/CMakeFiles/CMakeTmp

Run Build Command(s):/usr/bin/gmake -f Makefile cmTC_6a9ee/fast && /usr/bin/gmake  -f CMakeFiles/cmTC_6a9ee.dir/build.make CMakeFiles/cmTC_6a9ee.dir/build
gmake[1]: Entering directory '/home/uhuj/skillbox_cpp/learn_cpp_tasks/out/build/GCC 11.3.0 x86_64-linux-gnu/CMakeFiles/CMakeTmp'
Building C object CMakeFiles/cmTC_6a9ee.dir/CurlTests.c.o
/usr/bin/gcc-11   -W -Wall -pedantic -Wbad-function-cast -Wconversion -Winline -Wmissing-declarations -Wmissing-prototypes -Wnested-externs -Wno-long-long -Wno-multichar -Wpointer-arith -Wshadow -Wsign-compare -Wundef -Wunused -Wwrite-strings -Wcast-align -Wdeclaration-after-statement -Wempty-body -Wendif-labels -Wfloat-equal -Wignored-qualifiers -Wno-format-nonliteral -Wno-sign-conversion -Wno-system-headers -Wstrict-prototypes -Wtype-limits -Wvla -Wmissing-parameter-type -Wold-style-declaration -Wstrict-aliasing=3 -Wformat=2 -Warray-bounds=2 -ftree-vrp -Wduplicated-cond -Wnull-dereference -fdelete-null-pointer-checks -Wshift-negative-value -Wshift-overflow=2 -Walloc-zero -Wduplicated-branches -Wformat-overflow=2 -Wformat-truncation=1 -Wrestrict -Warith-conversion -Wdouble-promotion -Wenum-conversion -Wunused-const-variable -DHAVE_IOCTLSOCKET  -DHAVE_INTTYPES_H -DHAVE_SYS_WAIT_H -DHAVE_SYS_IOCTL_H -DHAVE_SYS_PARAM_H -DHAVE_SYS_POLL_H -DHAVE_SYS_RESOURCE_H -DHAVE_SYS_SELECT_H -DHAVE_SYS_SOCKET_H -DHAVE_SYS_STAT_H -DHAVE_SYS_TIME_H -DHAVE_SYS_TYPES_H -DHAVE_SYS_UN_H -DHAVE_SYS_XATTR_H -DHAVE_ARPA_INET_H -DHAVE_FCNTL_H -DHAVE_IFADDRS_H -DHAVE_LIBGEN_H -DHAVE_LOCALE_H -DHAVE_NET_IF_H -DHAVE_NETDB_H -DHAVE_NETINET_IN_H -DHAVE_NETINET_TCP_H -DHAVE_NETINET_UDP_H -DHAVE_POLL_H -DHAVE_PWD_H -DHAVE_STDATOMIC_H -DHAVE_STDBOOL_H -DHAVE_STDINT_H -DHAVE_STRINGS_H -DHAVE_TERMIO_H -DHAVE_TERMIOS_H -DHAVE_UNISTD_H -DHAVE_UTIME_H -o CMakeFiles/cmTC_6a9ee.dir/CurlTests.c.o -c "/home/uhuj/skillbox_cpp/learn_cpp_tasks/out/build/GCC 11.3.0 x86_64-linux-gnu/_deps/curl-src/CMake/CurlTests.c"
/home/uhuj/skillbox_cpp/learn_cpp_tasks/out/build/GCC 11.3.0 x86_64-linux-gnu/_deps/curl-src/CMake/CurlTests.c:199:1: warning: function declaration isn’t a prototype [-Wstrict-prototypes]
  199 | main ()
      | ^~~~
/home/uhuj/skillbox_cpp/learn_cpp_tasks/out/build/GCC 11.3.0 x86_64-linux-gnu/_deps/curl-src/CMake/CurlTests.c: In function ‘main’:
/home/uhuj/skillbox_cpp/learn_cpp_tasks/out/build/GCC 11.3.0 x86_64-linux-gnu/_deps/curl-src/CMake/CurlTests.c:204:24: warning: implicit declaration of function ‘ioctlsocket’ [-Wimplicit-function-declaration]
  204 |  unsigned long flags = ioctlsocket(socket, FIONBIO, &flags);
      |                        ^~~~~~~~~~~
/home/uhuj/skillbox_cpp/learn_cpp_tasks/out/build/GCC 11.3.0 x86_64-linux-gnu/_deps/curl-src/CMake/CurlTests.c:204:24: warning: nested extern declaration of ‘ioctlsocket’ [-Wnested-externs]
/home/uhuj/skillbox_cpp/learn_cpp_tasks/out/build/GCC 11.3.0 x86_64-linux-gnu/_deps/curl-src/CMake/CurlTests.c:204:44: error: ‘FIONBIO’ undeclared (first use in this function)
  204 |  unsigned long flags = ioctlsocket(socket, FIONBIO, &flags);
      |                                            ^~~~~~~
/home/uhuj/skillbox_cpp/learn_cpp_tasks/out/build/GCC 11.3.0 x86_64-linux-gnu/_deps/curl-src/CMake/CurlTests.c:204:44: note: each undeclared identifier is reported only once for each function it appears in
gmake[1]: *** [CMakeFiles/cmTC_6a9ee.dir/build.make:78: CMakeFiles/cmTC_6a9ee.dir/CurlTests.c.o] Error 1
gmake[1]: Leaving directory '/home/uhuj/skillbox_cpp/learn_cpp_tasks/out/build/GCC 11.3.0 x86_64-linux-gnu/CMakeFiles/CMakeTmp'
gmake: *** [Makefile:127: cmTC_6a9ee/fast] Error 2


Performing Curl Test HAVE_IOCTLSOCKET_CAMEL failed with the following output:
Change Dir: /home/uhuj/skillbox_cpp/learn_cpp_tasks/out/build/GCC 11.3.0 x86_64-linux-gnu/CMakeFiles/CMakeTmp

Run Build Command(s):/usr/bin/gmake -f Makefile cmTC_10cbd/fast && /usr/bin/gmake  -f CMakeFiles/cmTC_10cbd.dir/build.make CMakeFiles/cmTC_10cbd.dir/build
gmake[1]: Entering directory '/home/uhuj/skillbox_cpp/learn_cpp_tasks/out/build/GCC 11.3.0 x86_64-linux-gnu/CMakeFiles/CMakeTmp'
Building C object CMakeFiles/cmTC_10cbd.dir/CurlTests.c.o
/usr/bin/gcc-11   -W -Wall -pedantic -Wbad-function-cast -Wconversion -Winline -Wmissing-declarations -Wmissing-prototypes -Wnested-externs -Wno-long-long -Wno-multichar -Wpointer-arith -Wshadow -Wsign-compare -Wundef -Wunused -Wwrite-strings -Wcast-align -Wdeclaration-after-statement -Wempty-body -Wendif-labels -Wfloat-equal -Wignored-qualifiers -Wno-format-nonliteral -Wno-sign-conversion -Wno-system-headers -Wstrict-prototypes -Wtype-limits -Wvla -Wmissing-parameter-type -Wold-style-declaration -Wstrict-aliasing=3 -Wformat=2 -Warray-bounds=2 -ftree-vrp -Wduplicated-cond -Wnull-dereference -fdelete-null-pointer-checks -Wshift-negative-value -Wshift-overflow=2 -Walloc-zero -Wduplicated-branches -Wformat-overflow=2 -Wformat-truncation=1 -Wrestrict -Warith-conversion -Wdouble-promotion -Wenum-conversion -Wunused-const-variable -DHAVE_IOCTLSOCKET_CAMEL  -DHAVE_INTTYPES_H -DHAVE_SYS_WAIT_H -DHAVE_SYS_IOCTL_H -DHAVE_SYS_PARAM_H -DHAVE_SYS_POLL_H -DHAVE_SYS_RESOURCE_H -DHAVE_SYS_SELECT_H -DHAVE_SYS_SOCKET_H -DHAVE_SYS_STAT_H -DHAVE_SYS_TIME_H -DHAVE_SYS_TYPES_H -DHAVE_SYS_UN_H -DHAVE_SYS_XATTR_H -DHAVE_ARPA_INET_H -DHAVE_FCNTL_H -DHAVE_IFADDRS_H -DHAVE_LIBGEN_H -DHAVE_LOCALE_H -DHAVE_NET_IF_H -DHAVE_NETDB_H -DHAVE_NETINET_IN_H -DHAVE_NETINET_TCP_H -DHAVE_NETINET_UDP_H -DHAVE_POLL_H -DHAVE_PWD_H -DHAVE_STDATOMIC_H -DHAVE_STDBOOL_H -DHAVE_STDINT_H -DHAVE_STRINGS_H -DHAVE_TERMIO_H -DHAVE_TERMIOS_H -DHAVE_UNISTD_H -DHAVE_UTIME_H -o CMakeFiles/cmTC_10cbd.dir/CurlTests.c.o -c "/home/uhuj/skillbox_cpp/learn_cpp_tasks/out/build/GCC 11.3.0 x86_64-linux-gnu/_deps/curl-src/CMake/CurlTests.c"
/home/uhuj/skillbox_cpp/learn_cpp_tasks/out/build/GCC 11.3.0 x86_64-linux-gnu/_deps/curl-src/CMake/CurlTests.c:224:1: warning: function declaration isn’t a prototype [-Wstrict-prototypes]
  224 | main ()
      | ^~~~
/home/uhuj/skillbox_cpp/learn_cpp_tasks/out/build/GCC 11.3.0 x86_64-linux-gnu/_deps/curl-src/CMake/CurlTests.c: In function ‘main’:
/home/uhuj/skillbox_cpp/learn_cpp_tasks/out/build/GCC 11.3.0 x86_64-linux-gnu/_deps/curl-src/CMake/CurlTests.c:228:13: warning: implicit declaration of function ‘IoctlSocket’ [-Wimplicit-function-declaration]
  228 |     if(0 != IoctlSocket(0, 0, 0))
      |             ^~~~~~~~~~~
/home/uhuj/skillbox_cpp/learn_cpp_tasks/out/build/GCC 11.3.0 x86_64-linux-gnu/_deps/curl-src/CMake/CurlTests.c:228:13: warning: nested extern declaration of ‘IoctlSocket’ [-Wnested-externs]
Linking C executable cmTC_10cbd
/usr/bin/cmake -E cmake_link_script CMakeFiles/cmTC_10cbd.dir/link.txt --verbose=1
/usr/bin/gcc-11   -W -Wall -pedantic -Wbad-function-cast -Wconversion -Winline -Wmissing-declarations -Wmissing-prototypes -Wnested-externs -Wno-long-long -Wno-multichar -Wpointer-arith -Wshadow -Wsign-compare -Wundef -Wunused -Wwrite-strings -Wcast-align -Wdeclaration-after-statement -Wempty-body -Wendif-labels -Wfloat-equal -Wignored-qualifiers -Wno-format-nonliteral -Wno-sign-conversion -Wno-system-headers -Wstrict-prototypes -Wtype-limits -Wvla -Wmissing-parameter-type -Wold-style-declaration -Wstrict-aliasing=3 -Wformat=2 -Warray-bounds=2 -ftree-vrp -Wduplicated-cond -Wnull-dereference -fdelete-null-pointer-checks -Wshift-negative-value -Wshift-overflow=2 -Walloc-zero -Wduplicated-branches -Wformat-overflow=2 -Wformat-truncation=1 -Wrestrict -Warith-conversion -Wdouble-promotion -Wenum-conversion -Wunused-const-variable -DHAVE_IOCTLSOCKET_CAMEL  -DHAVE_INTTYPES_H -DHAVE_SYS_WAIT_H -DHAVE_SYS_IOCTL_H -DHAVE_SYS_PARAM_H -DHAVE_SYS_POLL_H -DHAVE_SYS_RESOURCE_H -DHAVE_SYS_SELECT_H -DHAVE_SYS_SOCKET_H -DHAVE_SYS_STAT_H -DHAVE_SYS_TIME_H -DHAVE_SYS_TYPES_H -DHAVE_SYS_UN_H -DHAVE_SYS_XATTR_H -DHAVE_ARPA_INET_H -DHAVE_FCNTL_H -DHAVE_IFADDRS_H -DHAVE_LIBGEN_H -DHAVE_LOCALE_H -DHAVE_NET_IF_H -DHAVE_NETDB_H -DHAVE_NETINET_IN_H -DHAVE_NETINET_TCP_H -DHAVE_NETINET_UDP_H -DHAVE_POLL_H -DHAVE_PWD_H -DHAVE_STDATOMIC_H -DHAVE_STDBOOL_H -DHAVE_STDINT_H -DHAVE_STRINGS_H -DHAVE_TERMIO_H -DHAVE_TERMIOS_H -DHAVE_UNISTD_H -DHAVE_UTIME_H CMakeFiles/cmTC_10cbd.dir/CurlTests.c.o -o cmTC_10cbd 
/usr/bin/ld: CMakeFiles/cmTC_10cbd.dir/CurlTests.c.o: in function `main':
CurlTests.c:(.text+0x19): undefined reference to `IoctlSocket'
collect2: error: ld returned 1 exit status
gmake[1]: *** [CMakeFiles/cmTC_10cbd.dir/build.make:99: cmTC_10cbd] Error 1
gmake[1]: Leaving directory '/home/uhuj/skillbox_cpp/learn_cpp_tasks/out/build/GCC 11.3.0 x86_64-linux-gnu/CMakeFiles/CMakeTmp'
gmake: *** [Makefile:127: cmTC_10cbd/fast] Error 2


Performing Curl Test HAVE_IOCTLSOCKET_CAMEL_FIONBIO failed with the following output:
Change Dir: /home/uhuj/skillbox_cpp/learn_cpp_tasks/out/build/GCC 11.3.0 x86_64-linux-gnu/CMakeFiles/CMakeTmp

Run Build Command(s):/usr/bin/gmake -f Makefile cmTC_cca3b/fast && /usr/bin/gmake  -f CMakeFiles/cmTC_cca3b.dir/build.make CMakeFiles/cmTC_cca3b.dir/build
gmake[1]: Entering directory '/home/uhuj/skillbox_cpp/learn_cpp_tasks/out/build/GCC 11.3.0 x86_64-linux-gnu/CMakeFiles/CMakeTmp'
Building C object CMakeFiles/cmTC_cca3b.dir/CurlTests.c.o
/usr/bin/gcc-11   -W -Wall -pedantic -Wbad-function-cast -Wconversion -Winline -Wmissing-declarations -Wmissing-prototypes -Wnested-externs -Wno-long-long -Wno-multichar -Wpointer-arith -Wshadow -Wsign-compare -Wundef -Wunused -Wwrite-strings -Wcast-align -Wdeclaration-after-statement -Wempty-body -Wendif-labels -Wfloat-equal -Wignored-qualifiers -Wno-format-nonliteral -Wno-sign-conversion -Wno-system-headers -Wstrict-prototypes -Wtype-limits -Wvla -Wmissing-parameter-type -Wold-style-declaration -Wstrict-aliasing=3 -Wformat=2 -Warray-bounds=2 -ftree-vrp -Wduplicated-cond -Wnull-dereference -fdelete-null-pointer-checks -Wshift-negative-value -Wshift-overflow=2 -Walloc-zero -Wduplicated-branches -Wformat-overflow=2 -Wformat-truncation=1 -Wrestrict -Warith-conversion -Wdouble-promotion -Wenum-conversion -Wunused-const-variable -DHAVE_IOCTLSOCKET_CAMEL_FIONBIO  -DHAVE_INTTYPES_H -DHAVE_SYS_WAIT_H -DHAVE_SYS_IOCTL_H -DHAVE_SYS_PARAM_H -DHAVE_SYS_POLL_H -DHAVE_SYS_RESOURCE_H -DHAVE_SYS_SELECT_H -DHAVE_SYS_SOCKET_H -DHAVE_SYS_STAT_H -DHAVE_SYS_TIME_H -DHAVE_SYS_TYPES_H -DHAVE_SYS_UN_H -DHAVE_SYS_XATTR_H -DHAVE_ARPA_INET_H -DHAVE_FCNTL_H -DHAVE_IFADDRS_H -DHAVE_LIBGEN_H -DHAVE_LOCALE_H -DHAVE_NET_IF_H -DHAVE_NETDB_H -DHAVE_NETINET_IN_H -DHAVE_NETINET_TCP_H -DHAVE_NETINET_UDP_H -DHAVE_POLL_H -DHAVE_PWD_H -DHAVE_STDATOMIC_H -DHAVE_STDBOOL_H -DHAVE_STDINT_H -DHAVE_STRINGS_H -DHAVE_TERMIO_H -DHAVE_TERMIOS_H -DHAVE_UNISTD_H -DHAVE_UTIME_H -o CMakeFiles/cmTC_cca3b.dir/CurlTests.c.o -c "/home/uhuj/skillbox_cpp/learn_cpp_tasks/out/build/GCC 11.3.0 x86_64-linux-gnu/_deps/curl-src/CMake/CurlTests.c"
/home/uhuj/skillbox_cpp/learn_cpp_tasks/out/build/GCC 11.3.0 x86_64-linux-gnu/_deps/curl-src/CMake/CurlTests.c:247:1: warning: function declaration isn’t a prototype [-Wstrict-prototypes]
  247 | main ()
      | ^~~~
/home/uhuj/skillbox_cpp/learn_cpp_tasks/out/build/GCC 11.3.0 x86_64-linux-gnu/_deps/curl-src/CMake/CurlTests.c: In function ‘main’:
/home/uhuj/skillbox_cpp/learn_cpp_tasks/out/build/GCC 11.3.0 x86_64-linux-gnu/_deps/curl-src/CMake/CurlTests.c:252:17: warning: implicit declaration of function ‘IoctlSocket’ [-Wimplicit-function-declaration]
  252 |         if(0 != IoctlSocket(0, FIONBIO, &flags))
      |                 ^~~~~~~~~~~
/home/uhuj/skillbox_cpp/learn_cpp_tasks/out/build/GCC 11.3.0 x86_64-linux-gnu/_deps/curl-src/CMake/CurlTests.c:252:17: warning: nested extern declaration of ‘IoctlSocket’ [-Wnested-externs]
/home/uhuj/skillbox_cpp/learn_cpp_tasks/out/build/GCC 11.3.0 x86_64-linux-gnu/_deps/curl-src/CMake/CurlTests.c:252:32: error: ‘FIONBIO’ undeclared (first use in this function)
  252 |         if(0 != IoctlSocket(0, FIONBIO, &flags))
      |                                ^~~~~~~
/home/uhuj/skillbox_cpp/learn_cpp_tasks/out/build/GCC 11.3.0 x86_64-linux-gnu/_deps/curl-src/CMake/CurlTests.c:252:32: note: each undeclared identifier is reported only once for each function it appears in
gmake[1]: *** [CMakeFiles/cmTC_cca3b.dir/build.make:78: CMakeFiles/cmTC_cca3b.dir/CurlTests.c.o] Error 1
gmake[1]: Leaving directory '/home/uhuj/skillbox_cpp/learn_cpp_tasks/out/build/GCC 11.3.0 x86_64-linux-gnu/CMakeFiles/CMakeTmp'
gmake: *** [Makefile:127: cmTC_cca3b/fast] Error 2


Performing Curl Test HAVE_IOCTLSOCKET_FIONBIO failed with the following output:
Change Dir: /home/uhuj/skillbox_cpp/learn_cpp_tasks/out/build/GCC 11.3.0 x86_64-linux-gnu/CMakeFiles/CMakeTmp

Run Build Command(s):/usr/bin/gmake -f Makefile cmTC_c7d26/fast && /usr/bin/gmake  -f CMakeFiles/cmTC_c7d26.dir/build.make CMakeFiles/cmTC_c7d26.dir/build
gmake[1]: Entering directory '/home/uhuj/skillbox_cpp/learn_cpp_tasks/out/build/GCC 11.3.0 x86_64-linux-gnu/CMakeFiles/CMakeTmp'
Building C object CMakeFiles/cmTC_c7d26.dir/CurlTests.c.o
/usr/bin/gcc-11   -W -Wall -pedantic -Wbad-function-cast -Wconversion -Winline -Wmissing-declarations -Wmissing-prototypes -Wnested-externs -Wno-long-long -Wno-multichar -Wpointer-arith -Wshadow -Wsign-compare -Wundef -Wunused -Wwrite-strings -Wcast-align -Wdeclaration-after-statement -Wempty-body -Wendif-labels -Wfloat-equal -Wignored-qualifiers -Wno-format-nonliteral -Wno-sign-conversion -Wno-system-headers -Wstrict-prototypes -Wtype-limits -Wvla -Wmissing-parameter-type -Wold-style-declaration -Wstrict-aliasing=3 -Wformat=2 -Warray-bounds=2 -ftree-vrp -Wduplicated-cond -Wnull-dereference -fdelete-null-pointer-checks -Wshift-negative-value -Wshift-overflow=2 -Walloc-zero -Wduplicated-branches -Wformat-overflow=2 -Wformat-truncation=1 -Wrestrict -Warith-conversion -Wdouble-promotion -Wenum-conversion -Wunused-const-variable -DHAVE_IOCTLSOCKET_FIONBIO  -DHAVE_INTTYPES_H -DHAVE_SYS_WAIT_H -DHAVE_SYS_IOCTL_H -DHAVE_SYS_PARAM_H -DHAVE_SYS_POLL_H -DHAVE_SYS_RESOURCE_H -DHAVE_SYS_SELECT_H -DHAVE_SYS_SOCKET_H -DHAVE_SYS_STAT_H -DHAVE_SYS_TIME_H -DHAVE_SYS_TYPES_H -DHAVE_SYS_UN_H -DHAVE_SYS_XATTR_H -DHAVE_ARPA_INET_H -DHAVE_FCNTL_H -DHAVE_IFADDRS_H -DHAVE_LIBGEN_H -DHAVE_LOCALE_H -DHAVE_NET_IF_H -DHAVE_NETDB_H -DHAVE_NETINET_IN_H -DHAVE_NETINET_TCP_H -DHAVE_NETINET_UDP_H -DHAVE_POLL_H -DHAVE_PWD_H -DHAVE_STDATOMIC_H -DHAVE_STDBOOL_H -DHAVE_STDINT_H -DHAVE_STRINGS_H -DHAVE_TERMIO_H -DHAVE_TERMIOS_H -DHAVE_UNISTD_H -DHAVE_UTIME_H -o CMakeFiles/cmTC_c7d26.dir/CurlTests.c.o -c "/home/uhuj/skillbox_cpp/learn_cpp_tasks/out/build/GCC 11.3.0 x86_64-linux-gnu/_deps/curl-src/CMake/CurlTests.c"
/home/uhuj/skillbox_cpp/learn_cpp_tasks/out/build/GCC 11.3.0 x86_64-linux-gnu/_deps/curl-src/CMake/CurlTests.c:271:1: warning: function declaration isn’t a prototype [-Wstrict-prototypes]
  271 | main ()
      | ^~~~
/home/uhuj/skillbox_cpp/learn_cpp_tasks/out/build/GCC 11.3.0 x86_64-linux-gnu/_deps/curl-src/CMake/CurlTests.c: In function ‘main’:
/home/uhuj/skillbox_cpp/learn_cpp_tasks/out/build/GCC 11.3.0 x86_64-linux-gnu/_deps/curl-src/CMake/CurlTests.c:275:17: warning: implicit declaration of function ‘ioctlsocket’ [-Wimplicit-function-declaration]
  275 |         if(0 != ioctlsocket(0, FIONBIO, &flags))
      |                 ^~~~~~~~~~~
/home/uhuj/skillbox_cpp/learn_cpp_tasks/out/build/GCC 11.3.0 x86_64-linux-gnu/_deps/curl-src/CMake/CurlTests.c:275:17: warning: nested extern declaration of ‘ioctlsocket’ [-Wnested-externs]
/home/uhuj/skillbox_cpp/learn_cpp_tasks/out/build/GCC 11.3.0 x86_64-linux-gnu/_deps/curl-src/CMake/CurlTests.c:275:32: error: ‘FIONBIO’ undeclared (first use in this function)
  275 |         if(0 != ioctlsocket(0, FIONBIO, &flags))
      |                                ^~~~~~~
/home/uhuj/skillbox_cpp/learn_cpp_tasks/out/build/GCC 11.3.0 x86_64-linux-gnu/_deps/curl-src/CMake/CurlTests.c:275:32: note: each undeclared identifier is reported only once for each function it appears in
gmake[1]: *** [CMakeFiles/cmTC_c7d26.dir/build.make:78: CMakeFiles/cmTC_c7d26.dir/CurlTests.c.o] Error 1
gmake[1]: Leaving directory '/home/uhuj/skillbox_cpp/learn_cpp_tasks/out/build/GCC 11.3.0 x86_64-linux-gnu/CMakeFiles/CMakeTmp'
gmake: *** [Makefile:127: cmTC_c7d26/fast] Error 2


Performing Curl Test HAVE_SETSOCKOPT_SO_NONBLOCK failed with the following output:
Change Dir: /home/uhuj/skillbox_cpp/learn_cpp_tasks/out/build/GCC 11.3.0 x86_64-linux-gnu/CMakeFiles/CMakeTmp

Run Build Command(s):/usr/bin/gmake -f Makefile cmTC_52088/fast && /usr/bin/gmake  -f CMakeFiles/cmTC_52088.dir/build.make CMakeFiles/cmTC_52088.dir/build
gmake[1]: Entering directory '/home/uhuj/skillbox_cpp/learn_cpp_tasks/out/build/GCC 11.3.0 x86_64-linux-gnu/CMakeFiles/CMakeTmp'
Building C object CMakeFiles/cmTC_52088.dir/CurlTests.c.o
/usr/bin/gcc-11   -W -Wall -pedantic -Wbad-function-cast -Wconversion -Winline -Wmissing-declarations -Wmissing-prototypes -Wnested-externs -Wno-long-long -Wno-multichar -Wpointer-arith -Wshadow -Wsign-compare -Wundef -Wunused -Wwrite-strings -Wcast-align -Wdeclaration-after-statement -Wempty-body -Wendif-labels -Wfloat-equal -Wignored-qualifiers -Wno-format-nonliteral -Wno-sign-conversion -Wno-system-headers -Wstrict-prototypes -Wtype-limits -Wvla -Wmissing-parameter-type -Wold-style-declaration -Wstrict-aliasing=3 -Wformat=2 -Warray-bounds=2 -ftree-vrp -Wduplicated-cond -Wnull-dereference -fdelete-null-pointer-checks -Wshift-negative-value -Wshift-overflow=2 -Walloc-zero -Wduplicated-branches -Wformat-overflow=2 -Wformat-truncation=1 -Wrestrict -Warith-conversion -Wdouble-promotion -Wenum-conversion -Wunused-const-variable -DHAVE_SETSOCKOPT_SO_NONBLOCK  -DHAVE_INTTYPES_H -DHAVE_SYS_WAIT_H -DHAVE_SYS_IOCTL_H -DHAVE_SYS_PARAM_H -DHAVE_SYS_POLL_H -DHAVE_SYS_RESOURCE_H -DHAVE_SYS_SELECT_H -DHAVE_SYS_SOCKET_H -DHAVE_SYS_STAT_H -DHAVE_SYS_TIME_H -DHAVE_SYS_TYPES_H -DHAVE_SYS_UN_H -DHAVE_SYS_XATTR_H -DHAVE_ARPA_INET_H -DHAVE_FCNTL_H -DHAVE_IFADDRS_H -DHAVE_LIBGEN_H -DHAVE_LOCALE_H -DHAVE_NET_IF_H -DHAVE_NETDB_H -DHAVE_NETINET_IN_H -DHAVE_NETINET_TCP_H -DHAVE_NETINET_UDP_H -DHAVE_POLL_H -DHAVE_PWD_H -DHAVE_STDATOMIC_H -DHAVE_STDBOOL_H -DHAVE_STDINT_H -DHAVE_STRINGS_H -DHAVE_TERMIO_H -DHAVE_TERMIOS_H -DHAVE_UNISTD_H -DHAVE_UTIME_H -o CMakeFiles/cmTC_52088.dir/CurlTests.c.o -c "/home/uhuj/skillbox_cpp/learn_cpp_tasks/out/build/GCC 11.3.0 x86_64-linux-gnu/_deps/curl-src/CMake/CurlTests.c"
/home/uhuj/skillbox_cpp/learn_cpp_tasks/out/build/GCC 11.3.0 x86_64-linux-gnu/_deps/curl-src/CMake/CurlTests.c:365:1: warning: function declaration isn’t a prototype [-Wstrict-prototypes]
  365 | main ()
      | ^~~~
/home/uhuj/skillbox_cpp/learn_cpp_tasks/out/build/GCC 11.3.0 x86_64-linux-gnu/_deps/curl-src/CMake/CurlTests.c: In function ‘main’:
/home/uhuj/skillbox_cpp/learn_cpp_tasks/out/build/GCC 11.3.0 x86_64-linux-gnu/_deps/curl-src/CMake/CurlTests.c:367:43: error: ‘SO_NONBLOCK’ undeclared (first use in this function); did you mean ‘SOCK_NONBLOCK’?
  367 |         if(0 != setsockopt(0, SOL_SOCKET, SO_NONBLOCK, 0, 0))
      |                                           ^~~~~~~~~~~
      |                                           SOCK_NONBLOCK
/home/uhuj/skillbox_cpp/learn_cpp_tasks/out/build/GCC 11.3.0 x86_64-linux-gnu/_deps/curl-src/CMake/CurlTests.c:367:43: note: each undeclared identifier is reported only once for each function it appears in
gmake[1]: *** [CMakeFiles/cmTC_52088.dir/build.make:78: CMakeFiles/cmTC_52088.dir/CurlTests.c.o] Error 1
gmake[1]: Leaving directory '/home/uhuj/skillbox_cpp/learn_cpp_tasks/out/build/GCC 11.3.0 x86_64-linux-gnu/CMakeFiles/CMakeTmp'
gmake: *** [Makefile:127: cmTC_52088/fast] Error 2


Performing Curl Test HAVE_O_NONBLOCK failed with the following output:
Change Dir: /home/uhuj/skillbox_cpp/learn_cpp_tasks/out/build/GCC 11.3.0 x86_64-linux-gnu/CMakeFiles/CMakeTmp

Run Build Command(s):/usr/bin/gmake -f Makefile cmTC_104da/fast && /usr/bin/gmake  -f CMakeFiles/cmTC_104da.dir/build.make CMakeFiles/cmTC_104da.dir/build
gmake[1]: Entering directory '/home/uhuj/skillbox_cpp/learn_cpp_tasks/out/build/GCC 11.3.0 x86_64-linux-gnu/CMakeFiles/CMakeTmp'
Building C object CMakeFiles/cmTC_104da.dir/CurlTests.c.o
/usr/bin/gcc-11   -W -Wall -pedantic -Wbad-function-cast -Wconversion -Winline -Wmissing-declarations -Wmissing-prototypes -Wnested-externs -Wno-long-long -Wno-multichar -Wpointer-arith -Wshadow -Wsign-compare -Wundef -Wunused -Wwrite-strings -Wcast-align -Wdeclaration-after-statement -Wempty-body -Wendif-labels -Wfloat-equal -Wignored-qualifiers -Wno-format-nonliteral -Wno-sign-conversion -Wno-system-headers -Wstrict-prototypes -Wtype-limits -Wvla -Wmissing-parameter-type -Wold-style-declaration -Wstrict-aliasing=3 -Wformat=2 -Warray-bounds=2 -ftree-vrp -Wduplicated-cond -Wnull-dereference -fdelete-null-pointer-checks -Wshift-negative-value -Wshift-overflow=2 -Walloc-zero -Wduplicated-branches -Wformat-overflow=2 -Wformat-truncation=1 -Wrestrict -Warith-conversion -Wdouble-promotion -Wenum-conversion -Wunused-const-variable -DHAVE_O_NONBLOCK  -DHAVE_INTTYPES_H -DHAVE_SYS_WAIT_H -DHAVE_SYS_IOCTL_H -DHAVE_SYS_PARAM_H -DHAVE_SYS_POLL_H -DHAVE_SYS_RESOURCE_H -DHAVE_SYS_SELECT_H -DHAVE_SYS_SOCKET_H -DHAVE_SYS_STAT_H -DHAVE_SYS_TIME_H -DHAVE_SYS_TYPES_H -DHAVE_SYS_UN_H -DHAVE_SYS_XATTR_H -DHAVE_ARPA_INET_H -DHAVE_FCNTL_H -DHAVE_IFADDRS_H -DHAVE_LIBGEN_H -DHAVE_LOCALE_H -DHAVE_NET_IF_H -DHAVE_NETDB_H -DHAVE_NETINET_IN_H -DHAVE_NETINET_TCP_H -DHAVE_NETINET_UDP_H -DHAVE_POLL_H -DHAVE_PWD_H -DHAVE_STDATOMIC_H -DHAVE_STDBOOL_H -DHAVE_STDINT_H -DHAVE_STRINGS_H -DHAVE_TERMIO_H -DHAVE_TERMIOS_H -DHAVE_UNISTD_H -DHAVE_UTIME_H -o CMakeFiles/cmTC_104da.dir/CurlTests.c.o -c "/home/uhuj/skillbox_cpp/learn_cpp_tasks/out/build/GCC 11.3.0 x86_64-linux-gnu/_deps/curl-src/CMake/CurlTests.c"
/home/uhuj/skillbox_cpp/learn_cpp_tasks/out/build/GCC 11.3.0 x86_64-linux-gnu/_deps/curl-src/CMake/CurlTests.c:516: warning: ISO C forbids an empty translation unit [-Wpedantic]
Linking C executable cmTC_104da
/usr/bin/cmake -E cmake_link_script CMakeFiles/cmTC_104da.dir/link.txt --verbose=1
/usr/bin/gcc-11   -W -Wall -pedantic -Wbad-function-cast -Wconversion -Winline -Wmissing-declarations -Wmissing-prototypes -Wnested-externs -Wno-long-long -Wno-multichar -Wpointer-arith -Wshadow -Wsign-compare -Wundef -Wunused -Wwrite-strings -Wcast-align -Wdeclaration-after-statement -Wempty-body -Wendif-labels -Wfloat-equal -Wignored-qualifiers -Wno-format-nonliteral -Wno-sign-conversion -Wno-system-headers -Wstrict-prototypes -Wtype-limits -Wvla -Wmissing-parameter-type -Wold-style-declaration -Wstrict-aliasing=3 -Wformat=2 -Warray-bounds=2 -ftree-vrp -Wduplicated-cond -Wnull-dereference -fdelete-null-pointer-checks -Wshift-negative-value -Wshift-overflow=2 -Walloc-zero -Wduplicated-branches -Wformat-overflow=2 -Wformat-truncation=1 -Wrestrict -Warith-conversion -Wdouble-promotion -Wenum-conversion -Wunused-const-variable -DHAVE_O_NONBLOCK  -DHAVE_INTTYPES_H -DHAVE_SYS_WAIT_H -DHAVE_SYS_IOCTL_H -DHAVE_SYS_PARAM_H -DHAVE_SYS_POLL_H -DHAVE_SYS_RESOURCE_H -DHAVE_SYS_SELECT_H -DHAVE_SYS_SOCKET_H -DHAVE_SYS_STAT_H -DHAVE_SYS_TIME_H -DHAVE_SYS_TYPES_H -DHAVE_SYS_UN_H -DHAVE_SYS_XATTR_H -DHAVE_ARPA_INET_H -DHAVE_FCNTL_H -DHAVE_IFADDRS_H -DHAVE_LIBGEN_H -DHAVE_LOCALE_H -DHAVE_NET_IF_H -DHAVE_NETDB_H -DHAVE_NETINET_IN_H -DHAVE_NETINET_TCP_H -DHAVE_NETINET_UDP_H -DHAVE_POLL_H -DHAVE_PWD_H -DHAVE_STDATOMIC_H -DHAVE_STDBOOL_H -DHAVE_STDINT_H -DHAVE_STRINGS_H -DHAVE_TERMIO_H -DHAVE_TERMIOS_H -DHAVE_UNISTD_H -DHAVE_UTIME_H CMakeFiles/cmTC_104da.dir/CurlTests.c.o -o cmTC_104da 
/usr/bin/ld: /usr/lib/gcc/x86_64-linux-gnu/11/../../../x86_64-linux-gnu/Scrt1.o: in function `_start':
(.text+0x17): undefined reference to `main'
collect2: error: ld returned 1 exit status
gmake[1]: *** [CMakeFiles/cmTC_104da.dir/build.make:99: cmTC_104da] Error 1
gmake[1]: Leaving directory '/home/uhuj/skillbox_cpp/learn_cpp_tasks/out/build/GCC 11.3.0 x86_64-linux-gnu/CMakeFiles/CMakeTmp'
gmake: *** [Makefile:127: cmTC_104da/fast] Error 2


Performing Curl Test HAVE_GETHOSTBYNAME_R_3 failed with the following output:
Change Dir: /home/uhuj/skillbox_cpp/learn_cpp_tasks/out/build/GCC 11.3.0 x86_64-linux-gnu/CMakeFiles/CMakeTmp

Run Build Command(s):/usr/bin/gmake -f Makefile cmTC_83a66/fast && /usr/bin/gmake  -f CMakeFiles/cmTC_83a66.dir/build.make CMakeFiles/cmTC_83a66.dir/build
gmake[1]: Entering directory '/home/uhuj/skillbox_cpp/learn_cpp_tasks/out/build/GCC 11.3.0 x86_64-linux-gnu/CMakeFiles/CMakeTmp'
Building C object CMakeFiles/cmTC_83a66.dir/CurlTests.c.o
/usr/bin/gcc-11   -W -Wall -pedantic -Wbad-function-cast -Wconversion -Winline -Wmissing-declarations -Wmissing-prototypes -Wnested-externs -Wno-long-long -Wno-multichar -Wpointer-arith -Wshadow -Wsign-compare -Wundef -Wunused -Wwrite-strings -Wcast-align -Wdeclaration-after-statement -Wempty-body -Wendif-labels -Wfloat-equal -Wignored-qualifiers -Wno-format-nonliteral -Wno-sign-conversion -Wno-system-headers -Wstrict-prototypes -Wtype-limits -Wvla -Wmissing-parameter-type -Wold-style-declaration -Wstrict-aliasing=3 -Wformat=2 -Warray-bounds=2 -ftree-vrp -Wduplicated-cond -Wnull-dereference -fdelete-null-pointer-checks -Wshift-negative-value -Wshift-overflow=2 -Walloc-zero -Wduplicated-branches -Wformat-overflow=2 -Wformat-truncation=1 -Wrestrict -Warith-conversion -Wdouble-promotion -Wenum-conversion -Wunused-const-variable -DHAVE_GETHOSTBYNAME_R_3  -DHAVE_INTTYPES_H -DHAVE_SYS_WAIT_H -DHAVE_SYS_IOCTL_H -DHAVE_SYS_PARAM_H -DHAVE_SYS_POLL_H -DHAVE_SYS_RESOURCE_H -DHAVE_SYS_SELECT_H -DHAVE_SYS_SOCKET_H -DHAVE_SYS_STAT_H -DHAVE_SYS_TIME_H -DHAVE_SYS_TYPES_H -DHAVE_SYS_UN_H -DHAVE_SYS_XATTR_H -DHAVE_ARPA_INET_H -DHAVE_FCNTL_H -DHAVE_IFADDRS_H -DHAVE_LIBGEN_H -DHAVE_LOCALE_H -DHAVE_NET_IF_H -DHAVE_NETDB_H -DHAVE_NETINET_IN_H -DHAVE_NETINET_TCP_H -DHAVE_NETINET_UDP_H -DHAVE_POLL_H -DHAVE_PWD_H -DHAVE_STDATOMIC_H -DHAVE_STDBOOL_H -DHAVE_STDINT_H -DHAVE_STRINGS_H -DHAVE_TERMIO_H -DHAVE_TERMIOS_H -DHAVE_UNISTD_H -DHAVE_UTIME_H -o CMakeFiles/cmTC_83a66.dir/CurlTests.c.o -c "/home/uhuj/skillbox_cpp/learn_cpp_tasks/out/build/GCC 11.3.0 x86_64-linux-gnu/_deps/curl-src/CMake/CurlTests.c"
/home/uhuj/skillbox_cpp/learn_cpp_tasks/out/build/GCC 11.3.0 x86_64-linux-gnu/_deps/curl-src/CMake/CurlTests.c: In function ‘main’:
/home/uhuj/skillbox_cpp/learn_cpp_tasks/out/build/GCC 11.3.0 x86_64-linux-gnu/_deps/curl-src/CMake/CurlTests.c:75:19: warning: initialization discards ‘const’ qualifier from pointer target type [-Wdiscarded-qualifiers]
   75 |   char *address = "example.com";
      |                   ^~~~~~~~~~~~~
/home/uhuj/skillbox_cpp/learn_cpp_tasks/out/build/GCC 11.3.0 x86_64-linux-gnu/_deps/curl-src/CMake/CurlTests.c:82:23: error: storage size of ‘hdata’ isn’t known
   82 |   struct hostent_data hdata;
      |                       ^~~~~
/home/uhuj/skillbox_cpp/learn_cpp_tasks/out/build/GCC 11.3.0 x86_64-linux-gnu/_deps/curl-src/CMake/CurlTests.c:94:8: error: too few arguments to function ‘gethostbyname_r’
   94 |   rc = gethostbyname_r(address, &h, &hdata);
      |        ^~~~~~~~~~~~~~~
In file included from /home/uhuj/skillbox_cpp/learn_cpp_tasks/out/build/GCC 11.3.0 x86_64-linux-gnu/_deps/curl-src/CMake/CurlTests.c:72:
/usr/include/netdb.h:177:12: note: declared here
  177 | extern int gethostbyname_r (const char *__restrict __name,
      |            ^~~~~~~~~~~~~~~
/home/uhuj/skillbox_cpp/learn_cpp_tasks/out/build/GCC 11.3.0 x86_64-linux-gnu/_deps/curl-src/CMake/CurlTests.c:82:23: warning: unused variable ‘hdata’ [-Wunused-variable]
   82 |   struct hostent_data hdata;
      |                       ^~~~~
gmake[1]: *** [CMakeFiles/cmTC_83a66.dir/build.make:78: CMakeFiles/cmTC_83a66.dir/CurlTests.c.o] Error 1
gmake[1]: Leaving directory '/home/uhuj/skillbox_cpp/learn_cpp_tasks/out/build/GCC 11.3.0 x86_64-linux-gnu/CMakeFiles/CMakeTmp'
gmake: *** [Makefile:127: cmTC_83a66/fast] Error 2


Performing Curl Test HAVE_GETHOSTBYNAME_R_5 failed with the following output:
Change Dir: /home/uhuj/skillbox_cpp/learn_cpp_tasks/out/build/GCC 11.3.0 x86_64-linux-gnu/CMakeFiles/CMakeTmp

Run Build Command(s):/usr/bin/gmake -f Makefile cmTC_70147/fast && /usr/bin/gmake  -f CMakeFiles/cmTC_70147.dir/build.make CMakeFiles/cmTC_70147.dir/build
gmake[1]: Entering directory '/home/uhuj/skillbox_cpp/learn_cpp_tasks/out/build/GCC 11.3.0 x86_64-linux-gnu/CMakeFiles/CMakeTmp'
Building C object CMakeFiles/cmTC_70147.dir/CurlTests.c.o
/usr/bin/gcc-11   -W -Wall -pedantic -Wbad-function-cast -Wconversion -Winline -Wmissing-declarations -Wmissing-prototypes -Wnested-externs -Wno-long-long -Wno-multichar -Wpointer-arith -Wshadow -Wsign-compare -Wundef -Wunused -Wwrite-strings -Wcast-align -Wdeclaration-after-statement -Wempty-body -Wendif-labels -Wfloat-equal -Wignored-qualifiers -Wno-format-nonliteral -Wno-sign-conversion -Wno-system-headers -Wstrict-prototypes -Wtype-limits -Wvla -Wmissing-parameter-type -Wold-style-declaration -Wstrict-aliasing=3 -Wformat=2 -Warray-bounds=2 -ftree-vrp -Wduplicated-cond -Wnull-dereference -fdelete-null-pointer-checks -Wshift-negative-value -Wshift-overflow=2 -Walloc-zero -Wduplicated-branches -Wformat-overflow=2 -Wformat-truncation=1 -Wrestrict -Warith-conversion -Wdouble-promotion -Wenum-conversion -Wunused-const-variable -DHAVE_GETHOSTBYNAME_R_5  -DHAVE_INTTYPES_H -DHAVE_SYS_WAIT_H -DHAVE_SYS_IOCTL_H -DHAVE_SYS_PARAM_H -DHAVE_SYS_POLL_H -DHAVE_SYS_RESOURCE_H -DHAVE_SYS_SELECT_H -DHAVE_SYS_SOCKET_H -DHAVE_SYS_STAT_H -DHAVE_SYS_TIME_H -DHAVE_SYS_TYPES_H -DHAVE_SYS_UN_H -DHAVE_SYS_XATTR_H -DHAVE_ARPA_INET_H -DHAVE_FCNTL_H -DHAVE_IFADDRS_H -DHAVE_LIBGEN_H -DHAVE_LOCALE_H -DHAVE_NET_IF_H -DHAVE_NETDB_H -DHAVE_NETINET_IN_H -DHAVE_NETINET_TCP_H -DHAVE_NETINET_UDP_H -DHAVE_POLL_H -DHAVE_PWD_H -DHAVE_STDATOMIC_H -DHAVE_STDBOOL_H -DHAVE_STDINT_H -DHAVE_STRINGS_H -DHAVE_TERMIO_H -DHAVE_TERMIOS_H -DHAVE_UNISTD_H -DHAVE_UTIME_H -o CMakeFiles/cmTC_70147.dir/CurlTests.c.o -c "/home/uhuj/skillbox_cpp/learn_cpp_tasks/out/build/GCC 11.3.0 x86_64-linux-gnu/_deps/curl-src/CMake/CurlTests.c"
/home/uhuj/skillbox_cpp/learn_cpp_tasks/out/build/GCC 11.3.0 x86_64-linux-gnu/_deps/curl-src/CMake/CurlTests.c: In function ‘main’:
/home/uhuj/skillbox_cpp/learn_cpp_tasks/out/build/GCC 11.3.0 x86_64-linux-gnu/_deps/curl-src/CMake/CurlTests.c:75:19: warning: initialization discards ‘const’ qualifier from pointer target type [-Wdiscarded-qualifiers]
   75 |   char *address = "example.com";
      |                   ^~~~~~~~~~~~~
/home/uhuj/skillbox_cpp/learn_cpp_tasks/out/build/GCC 11.3.0 x86_64-linux-gnu/_deps/curl-src/CMake/CurlTests.c:97:51: warning: passing argument 5 of ‘gethostbyname_r’ from incompatible pointer type [-Wincompatible-pointer-types]
   97 |   rc = gethostbyname_r(address, &h, buffer, 8192, &h_errnop);
      |                                                   ^~~~~~~~~
      |                                                   |
      |                                                   int *
In file included from /home/uhuj/skillbox_cpp/learn_cpp_tasks/out/build/GCC 11.3.0 x86_64-linux-gnu/_deps/curl-src/CMake/CurlTests.c:72:
/usr/include/netdb.h:180:57: note: expected ‘struct hostent ** restrict’ but argument is of type ‘int *’
  180 |                             struct hostent **__restrict __result,
      |                             ~~~~~~~~~~~~~~~~~~~~~~~~~~~~^~~~~~~~
/home/uhuj/skillbox_cpp/learn_cpp_tasks/out/build/GCC 11.3.0 x86_64-linux-gnu/_deps/curl-src/CMake/CurlTests.c:97:8: error: too few arguments to function ‘gethostbyname_r’
   97 |   rc = gethostbyname_r(address, &h, buffer, 8192, &h_errnop);
      |        ^~~~~~~~~~~~~~~
In file included from /home/uhuj/skillbox_cpp/learn_cpp_tasks/out/build/GCC 11.3.0 x86_64-linux-gnu/_deps/curl-src/CMake/CurlTests.c:72:
/usr/include/netdb.h:177:12: note: declared here
  177 | extern int gethostbyname_r (const char *__restrict __name,
      |            ^~~~~~~~~~~~~~~
gmake[1]: *** [CMakeFiles/cmTC_70147.dir/build.make:78: CMakeFiles/cmTC_70147.dir/CurlTests.c.o] Error 1
gmake[1]: Leaving directory '/home/uhuj/skillbox_cpp/learn_cpp_tasks/out/build/GCC 11.3.0 x86_64-linux-gnu/CMakeFiles/CMakeTmp'
gmake: *** [Makefile:127: cmTC_70147/fast] Error 2


Performing Curl Test HAVE_GETHOSTBYNAME_R_3_REENTRANT failed with the following output:
Change Dir: /home/uhuj/skillbox_cpp/learn_cpp_tasks/out/build/GCC 11.3.0 x86_64-linux-gnu/CMakeFiles/CMakeTmp

Run Build Command(s):/usr/bin/gmake -f Makefile cmTC_38c35/fast && /usr/bin/gmake  -f CMakeFiles/cmTC_38c35.dir/build.make CMakeFiles/cmTC_38c35.dir/build
gmake[1]: Entering directory '/home/uhuj/skillbox_cpp/learn_cpp_tasks/out/build/GCC 11.3.0 x86_64-linux-gnu/CMakeFiles/CMakeTmp'
Building C object CMakeFiles/cmTC_38c35.dir/CurlTests.c.o
/usr/bin/gcc-11   -W -Wall -pedantic -Wbad-function-cast -Wconversion -Winline -Wmissing-declarations -Wmissing-prototypes -Wnested-externs -Wno-long-long -Wno-multichar -Wpointer-arith -Wshadow -Wsign-compare -Wundef -Wunused -Wwrite-strings -Wcast-align -Wdeclaration-after-statement -Wempty-body -Wendif-labels -Wfloat-equal -Wignored-qualifiers -Wno-format-nonliteral -Wno-sign-conversion -Wno-system-headers -Wstrict-prototypes -Wtype-limits -Wvla -Wmissing-parameter-type -Wold-style-declaration -Wstrict-aliasing=3 -Wformat=2 -Warray-bounds=2 -ftree-vrp -Wduplicated-cond -Wnull-dereference -fdelete-null-pointer-checks -Wshift-negative-value -Wshift-overflow=2 -Walloc-zero -Wduplicated-branches -Wformat-overflow=2 -Wformat-truncation=1 -Wrestrict -Warith-conversion -Wdouble-promotion -Wenum-conversion -Wunused-const-variable -DHAVE_GETHOSTBYNAME_R_3_REENTRANT  -DHAVE_INTTYPES_H -DHAVE_SYS_WAIT_H -DHAVE_SYS_IOCTL_H -DHAVE_SYS_PARAM_H -DHAVE_SYS_POLL_H -DHAVE_SYS_RESOURCE_H -DHAVE_SYS_SELECT_H -DHAVE_SYS_SOCKET_H -DHAVE_SYS_STAT_H -DHAVE_SYS_TIME_H -DHAVE_SYS_TYPES_H -DHAVE_SYS_UN_H -DHAVE_SYS_XATTR_H -DHAVE_ARPA_INET_H -DHAVE_FCNTL_H -DHAVE_IFADDRS_H -DHAVE_LIBGEN_H -DHAVE_LOCALE_H -DHAVE_NET_IF_H -DHAVE_NETDB_H -DHAVE_NETINET_IN_H -DHAVE_NETINET_TCP_H -DHAVE_NETINET_UDP_H -DHAVE_POLL_H -DHAVE_PWD_H -DHAVE_STDATOMIC_H -DHAVE_STDBOOL_H -DHAVE_STDINT_H -DHAVE_STRINGS_H -DHAVE_TERMIO_H -DHAVE_TERMIOS_H -DHAVE_UNISTD_H -DHAVE_UTIME_H -o CMakeFiles/cmTC_38c35.dir/CurlTests.c.o -c "/home/uhuj/skillbox_cpp/learn_cpp_tasks/out/build/GCC 11.3.0 x86_64-linux-gnu/_deps/curl-src/CMake/CurlTests.c"
/home/uhuj/skillbox_cpp/learn_cpp_tasks/out/build/GCC 11.3.0 x86_64-linux-gnu/_deps/curl-src/CMake/CurlTests.c: In function ‘main’:
/home/uhuj/skillbox_cpp/learn_cpp_tasks/out/build/GCC 11.3.0 x86_64-linux-gnu/_deps/curl-src/CMake/CurlTests.c:75:19: warning: initialization discards ‘const’ qualifier from pointer target type [-Wdiscarded-qualifiers]
   75 |   char *address = "example.com";
      |                   ^~~~~~~~~~~~~
/home/uhuj/skillbox_cpp/learn_cpp_tasks/out/build/GCC 11.3.0 x86_64-linux-gnu/_deps/curl-src/CMake/CurlTests.c:82:23: error: storage size of ‘hdata’ isn’t known
   82 |   struct hostent_data hdata;
      |                       ^~~~~
/home/uhuj/skillbox_cpp/learn_cpp_tasks/out/build/GCC 11.3.0 x86_64-linux-gnu/_deps/curl-src/CMake/CurlTests.c:94:8: error: too few arguments to function ‘gethostbyname_r’
   94 |   rc = gethostbyname_r(address, &h, &hdata);
      |        ^~~~~~~~~~~~~~~
In file included from /home/uhuj/skillbox_cpp/learn_cpp_tasks/out/build/GCC 11.3.0 x86_64-linux-gnu/_deps/curl-src/CMake/CurlTests.c:72:
/usr/include/netdb.h:177:12: note: declared here
  177 | extern int gethostbyname_r (const char *__restrict __name,
      |            ^~~~~~~~~~~~~~~
/home/uhuj/skillbox_cpp/learn_cpp_tasks/out/build/GCC 11.3.0 x86_64-linux-gnu/_deps/curl-src/CMake/CurlTests.c:82:23: warning: unused variable ‘hdata’ [-Wunused-variable]
   82 |   struct hostent_data hdata;
      |                       ^~~~~
gmake[1]: *** [CMakeFiles/cmTC_38c35.dir/build.make:78: CMakeFiles/cmTC_38c35.dir/CurlTests.c.o] Error 1
gmake[1]: Leaving directory '/home/uhuj/skillbox_cpp/learn_cpp_tasks/out/build/GCC 11.3.0 x86_64-linux-gnu/CMakeFiles/CMakeTmp'
gmake: *** [Makefile:127: cmTC_38c35/fast] Error 2


Performing Curl Test HAVE_GETHOSTBYNAME_R_5_REENTRANT failed with the following output:
Change Dir: /home/uhuj/skillbox_cpp/learn_cpp_tasks/out/build/GCC 11.3.0 x86_64-linux-gnu/CMakeFiles/CMakeTmp

Run Build Command(s):/usr/bin/gmake -f Makefile cmTC_71d77/fast && /usr/bin/gmake  -f CMakeFiles/cmTC_71d77.dir/build.make CMakeFiles/cmTC_71d77.dir/build
gmake[1]: Entering directory '/home/uhuj/skillbox_cpp/learn_cpp_tasks/out/build/GCC 11.3.0 x86_64-linux-gnu/CMakeFiles/CMakeTmp'
Building C object CMakeFiles/cmTC_71d77.dir/CurlTests.c.o
/usr/bin/gcc-11   -W -Wall -pedantic -Wbad-function-cast -Wconversion -Winline -Wmissing-declarations -Wmissing-prototypes -Wnested-externs -Wno-long-long -Wno-multichar -Wpointer-arith -Wshadow -Wsign-compare -Wundef -Wunused -Wwrite-strings -Wcast-align -Wdeclaration-after-statement -Wempty-body -Wendif-labels -Wfloat-equal -Wignored-qualifiers -Wno-format-nonliteral -Wno-sign-conversion -Wno-system-headers -Wstrict-prototypes -Wtype-limits -Wvla -Wmissing-parameter-type -Wold-style-declaration -Wstrict-aliasing=3 -Wformat=2 -Warray-bounds=2 -ftree-vrp -Wduplicated-cond -Wnull-dereference -fdelete-null-pointer-checks -Wshift-negative-value -Wshift-overflow=2 -Walloc-zero -Wduplicated-branches -Wformat-overflow=2 -Wformat-truncation=1 -Wrestrict -Warith-conversion -Wdouble-promotion -Wenum-conversion -Wunused-const-variable -DHAVE_GETHOSTBYNAME_R_5_REENTRANT  -DHAVE_INTTYPES_H -DHAVE_SYS_WAIT_H -DHAVE_SYS_IOCTL_H -DHAVE_SYS_PARAM_H -DHAVE_SYS_POLL_H -DHAVE_SYS_RESOURCE_H -DHAVE_SYS_SELECT_H -DHAVE_SYS_SOCKET_H -DHAVE_SYS_STAT_H -DHAVE_SYS_TIME_H -DHAVE_SYS_TYPES_H -DHAVE_SYS_UN_H -DHAVE_SYS_XATTR_H -DHAVE_ARPA_INET_H -DHAVE_FCNTL_H -DHAVE_IFADDRS_H -DHAVE_LIBGEN_H -DHAVE_LOCALE_H -DHAVE_NET_IF_H -DHAVE_NETDB_H -DHAVE_NETINET_IN_H -DHAVE_NETINET_TCP_H -DHAVE_NETINET_UDP_H -DHAVE_POLL_H -DHAVE_PWD_H -DHAVE_STDATOMIC_H -DHAVE_STDBOOL_H -DHAVE_STDINT_H -DHAVE_STRINGS_H -DHAVE_TERMIO_H -DHAVE_TERMIOS_H -DHAVE_UNISTD_H -DHAVE_UTIME_H -o CMakeFiles/cmTC_71d77.dir/CurlTests.c.o -c "/home/uhuj/skillbox_cpp/learn_cpp_tasks/out/build/GCC 11.3.0 x86_64-linux-gnu/_deps/curl-src/CMake/CurlTests.c"
/home/uhuj/skillbox_cpp/learn_cpp_tasks/out/build/GCC 11.3.0 x86_64-linux-gnu/_deps/curl-src/CMake/CurlTests.c: In function ‘main’:
/home/uhuj/skillbox_cpp/learn_cpp_tasks/out/build/GCC 11.3.0 x86_64-linux-gnu/_deps/curl-src/CMake/CurlTests.c:75:19: warning: initialization discards ‘const’ qualifier from pointer target type [-Wdiscarded-qualifiers]
   75 |   char *address = "example.com";
      |                   ^~~~~~~~~~~~~
/home/uhuj/skillbox_cpp/learn_cpp_tasks/out/build/GCC 11.3.0 x86_64-linux-gnu/_deps/curl-src/CMake/CurlTests.c:97:51: warning: passing argument 5 of ‘gethostbyname_r’ from incompatible pointer type [-Wincompatible-pointer-types]
   97 |   rc = gethostbyname_r(address, &h, buffer, 8192, &h_errnop);
      |                                                   ^~~~~~~~~
      |                                                   |
      |                                                   int *
In file included from /home/uhuj/skillbox_cpp/learn_cpp_tasks/out/build/GCC 11.3.0 x86_64-linux-gnu/_deps/curl-src/CMake/CurlTests.c:72:
/usr/include/netdb.h:180:57: note: expected ‘struct hostent ** restrict’ but argument is of type ‘int *’
  180 |                             struct hostent **__restrict __result,
      |                             ~~~~~~~~~~~~~~~~~~~~~~~~~~~~^~~~~~~~
/home/uhuj/skillbox_cpp/learn_cpp_tasks/out/build/GCC 11.3.0 x86_64-linux-gnu/_deps/curl-src/CMake/CurlTests.c:97:8: error: too few arguments to function ‘gethostbyname_r’
   97 |   rc = gethostbyname_r(address, &h, buffer, 8192, &h_errnop);
      |        ^~~~~~~~~~~~~~~
In file included from /home/uhuj/skillbox_cpp/learn_cpp_tasks/out/build/GCC 11.3.0 x86_64-linux-gnu/_deps/curl-src/CMake/CurlTests.c:72:
/usr/include/netdb.h:177:12: note: declared here
  177 | extern int gethostbyname_r (const char *__restrict __name,
      |            ^~~~~~~~~~~~~~~
gmake[1]: *** [CMakeFiles/cmTC_71d77.dir/build.make:78: CMakeFiles/cmTC_71d77.dir/CurlTests.c.o] Error 1
gmake[1]: Leaving directory '/home/uhuj/skillbox_cpp/learn_cpp_tasks/out/build/GCC 11.3.0 x86_64-linux-gnu/CMakeFiles/CMakeTmp'
gmake: *** [Makefile:127: cmTC_71d77/fast] Error 2


Performing Curl Test HAVE_GLIBC_STRERROR_R failed with the following output:
Change Dir: /home/uhuj/skillbox_cpp/learn_cpp_tasks/out/build/GCC 11.3.0 x86_64-linux-gnu/CMakeFiles/CMakeTmp

Run Build Command(s):/usr/bin/gmake -f Makefile cmTC_6b1e0/fast && /usr/bin/gmake  -f CMakeFiles/cmTC_6b1e0.dir/build.make CMakeFiles/cmTC_6b1e0.dir/build
gmake[1]: Entering directory '/home/uhuj/skillbox_cpp/learn_cpp_tasks/out/build/GCC 11.3.0 x86_64-linux-gnu/CMakeFiles/CMakeTmp'
Building C object CMakeFiles/cmTC_6b1e0.dir/CurlTests.c.o
/usr/bin/gcc-11   -W -Wall -pedantic -Wbad-function-cast -Wconversion -Winline -Wmissing-declarations -Wmissing-prototypes -Wnested-externs -Wno-long-long -Wno-multichar -Wpointer-arith -Wshadow -Wsign-compare -Wundef -Wunused -Wwrite-strings -Wcast-align -Wdeclaration-after-statement -Wempty-body -Wendif-labels -Wfloat-equal -Wignored-qualifiers -Wno-format-nonliteral -Wno-sign-conversion -Wno-system-headers -Wstrict-prototypes -Wtype-limits -Wvla -Wmissing-parameter-type -Wold-style-declaration -Wstrict-aliasing=3 -Wformat=2 -Warray-bounds=2 -ftree-vrp -Wduplicated-cond -Wnull-dereference -fdelete-null-pointer-checks -Wshift-negative-value -Wshift-overflow=2 -Walloc-zero -Wduplicated-branches -Wformat-overflow=2 -Wformat-truncation=1 -Wrestrict -Warith-conversion -Wdouble-promotion -Wenum-conversion -Wunused-const-variable -DHAVE_GLIBC_STRERROR_R  -DHAVE_INTTYPES_H -DHAVE_SYS_WAIT_H -DHAVE_SYS_IOCTL_H -DHAVE_SYS_PARAM_H -DHAVE_SYS_POLL_H -DHAVE_SYS_RESOURCE_H -DHAVE_SYS_SELECT_H -DHAVE_SYS_SOCKET_H -DHAVE_SYS_STAT_H -DHAVE_SYS_TIME_H -DHAVE_SYS_TYPES_H -DHAVE_SYS_UN_H -DHAVE_SYS_XATTR_H -DHAVE_ARPA_INET_H -DHAVE_FCNTL_H -DHAVE_IFADDRS_H -DHAVE_LIBGEN_H -DHAVE_LOCALE_H -DHAVE_NET_IF_H -DHAVE_NETDB_H -DHAVE_NETINET_IN_H -DHAVE_NETINET_TCP_H -DHAVE_NETINET_UDP_H -DHAVE_POLL_H -DHAVE_PWD_H -DHAVE_STDATOMIC_H -DHAVE_STDBOOL_H -DHAVE_STDINT_H -DHAVE_STRINGS_H -DHAVE_TERMIO_H -DHAVE_TERMIOS_H -DHAVE_UNISTD_H -DHAVE_UTIME_H -o CMakeFiles/cmTC_6b1e0.dir/CurlTests.c.o -c "/home/uhuj/skillbox_cpp/learn_cpp_tasks/out/build/GCC 11.3.0 x86_64-linux-gnu/_deps/curl-src/CMake/CurlTests.c"
/home/uhuj/skillbox_cpp/learn_cpp_tasks/out/build/GCC 11.3.0 x86_64-linux-gnu/_deps/curl-src/CMake/CurlTests.c:377:6: warning: no previous prototype for ‘check’ [-Wmissing-prototypes]
  377 | void check(char c) {}
      |      ^~~~~
/home/uhuj/skillbox_cpp/learn_cpp_tasks/out/build/GCC 11.3.0 x86_64-linux-gnu/_deps/curl-src/CMake/CurlTests.c: In function ‘check’:
/home/uhuj/skillbox_cpp/learn_cpp_tasks/out/build/GCC 11.3.0 x86_64-linux-gnu/_deps/curl-src/CMake/CurlTests.c:377:17: warning: unused parameter ‘c’ [-Wunused-parameter]
  377 | void check(char c) {}
      |            ~~~~~^
/home/uhuj/skillbox_cpp/learn_cpp_tasks/out/build/GCC 11.3.0 x86_64-linux-gnu/_deps/curl-src/CMake/CurlTests.c: At top level:
/home/uhuj/skillbox_cpp/learn_cpp_tasks/out/build/GCC 11.3.0 x86_64-linux-gnu/_deps/curl-src/CMake/CurlTests.c:380:1: warning: function declaration isn’t a prototype [-Wstrict-prototypes]
  380 | main () {
      | ^~~~
/home/uhuj/skillbox_cpp/learn_cpp_tasks/out/build/GCC 11.3.0 x86_64-linux-gnu/_deps/curl-src/CMake/CurlTests.c: In function ‘main’:
/home/uhuj/skillbox_cpp/learn_cpp_tasks/out/build/GCC 11.3.0 x86_64-linux-gnu/_deps/curl-src/CMake/CurlTests.c:383:51: error: subscripted value is neither array nor pointer nor vector
  383 |   check(strerror_r(EACCES, buffer, sizeof(buffer))[0]);
      |                                                   ^
gmake[1]: *** [CMakeFiles/cmTC_6b1e0.dir/build.make:78: CMakeFiles/cmTC_6b1e0.dir/CurlTests.c.o] Error 1
gmake[1]: Leaving directory '/home/uhuj/skillbox_cpp/learn_cpp_tasks/out/build/GCC 11.3.0 x86_64-linux-gnu/CMakeFiles/CMakeTmp'
gmake: *** [Makefile:127: cmTC_6b1e0/fast] Error 2


Performing Curl Test HAVE_BUILTIN_AVAILABLE failed with the following output:
Change Dir: /home/uhuj/skillbox_cpp/learn_cpp_tasks/out/build/GCC 11.3.0 x86_64-linux-gnu/CMakeFiles/CMakeTmp

Run Build Command(s):/usr/bin/gmake -f Makefile cmTC_738f2/fast && /usr/bin/gmake  -f CMakeFiles/cmTC_738f2.dir/build.make CMakeFiles/cmTC_738f2.dir/build
gmake[1]: Entering directory '/home/uhuj/skillbox_cpp/learn_cpp_tasks/out/build/GCC 11.3.0 x86_64-linux-gnu/CMakeFiles/CMakeTmp'
Building C object CMakeFiles/cmTC_738f2.dir/CurlTests.c.o
/usr/bin/gcc-11   -W -Wall -pedantic -Wbad-function-cast -Wconversion -Winline -Wmissing-declarations -Wmissing-prototypes -Wnested-externs -Wno-long-long -Wno-multichar -Wpointer-arith -Wshadow -Wsign-compare -Wundef -Wunused -Wwrite-strings -Wcast-align -Wdeclaration-after-statement -Wempty-body -Wendif-labels -Wfloat-equal -Wignored-qualifiers -Wno-format-nonliteral -Wno-sign-conversion -Wno-system-headers -Wstrict-prototypes -Wtype-limits -Wvla -Wmissing-parameter-type -Wold-style-declaration -Wstrict-aliasing=3 -Wformat=2 -Warray-bounds=2 -ftree-vrp -Wduplicated-cond -Wnull-dereference -fdelete-null-pointer-checks -Wshift-negative-value -Wshift-overflow=2 -Walloc-zero -Wduplicated-branches -Wformat-overflow=2 -Wformat-truncation=1 -Wrestrict -Warith-conversion -Wdouble-promotion -Wenum-conversion -Wunused-const-variable -DHAVE_BUILTIN_AVAILABLE  -DHAVE_INTTYPES_H -DHAVE_SYS_WAIT_H -DHAVE_SYS_IOCTL_H -DHAVE_SYS_PARAM_H -DHAVE_SYS_POLL_H -DHAVE_SYS_RESOURCE_H -DHAVE_SYS_SELECT_H -DHAVE_SYS_SOCKET_H -DHAVE_SYS_STAT_H -DHAVE_SYS_TIME_H -DHAVE_SYS_TYPES_H -DHAVE_SYS_UN_H -DHAVE_SYS_XATTR_H -DHAVE_ARPA_INET_H -DHAVE_FCNTL_H -DHAVE_IFADDRS_H -DHAVE_LIBGEN_H -DHAVE_LOCALE_H -DHAVE_NET_IF_H -DHAVE_NETDB_H -DHAVE_NETINET_IN_H -DHAVE_NETINET_TCP_H -DHAVE_NETINET_UDP_H -DHAVE_POLL_H -DHAVE_PWD_H -DHAVE_STDATOMIC_H -DHAVE_STDBOOL_H -DHAVE_STDINT_H -DHAVE_STRINGS_H -DHAVE_TERMIO_H -DHAVE_TERMIOS_H -DHAVE_UNISTD_H -DHAVE_UTIME_H -o CMakeFiles/cmTC_738f2.dir/CurlTests.c.o -c "/home/uhuj/skillbox_cpp/learn_cpp_tasks/out/build/GCC 11.3.0 x86_64-linux-gnu/_deps/curl-src/CMake/CurlTests.c"
/home/uhuj/skillbox_cpp/learn_cpp_tasks/out/build/GCC 11.3.0 x86_64-linux-gnu/_deps/curl-src/CMake/CurlTests.c:429:1: warning: function declaration isn’t a prototype [-Wstrict-prototypes]
  429 | main() {
      | ^~~~
/home/uhuj/skillbox_cpp/learn_cpp_tasks/out/build/GCC 11.3.0 x86_64-linux-gnu/_deps/curl-src/CMake/CurlTests.c: In function ‘main’:
/home/uhuj/skillbox_cpp/learn_cpp_tasks/out/build/GCC 11.3.0 x86_64-linux-gnu/_deps/curl-src/CMake/CurlTests.c:430:6: warning: implicit declaration of function ‘__builtin_available’; did you mean ‘__builtin_scalbl’? [-Wimplicit-function-declaration]
  430 |   if(__builtin_available(macOS 10.12, *)) {}
      |      ^~~~~~~~~~~~~~~~~~~
      |      __builtin_scalbl
/home/uhuj/skillbox_cpp/learn_cpp_tasks/out/build/GCC 11.3.0 x86_64-linux-gnu/_deps/curl-src/CMake/CurlTests.c:430:6: warning: nested extern declaration of ‘__builtin_available’ [-Wnested-externs]
/home/uhuj/skillbox_cpp/learn_cpp_tasks/out/build/GCC 11.3.0 x86_64-linux-gnu/_deps/curl-src/CMake/CurlTests.c:430:26: error: ‘macOS’ undeclared (first use in this function)
  430 |   if(__builtin_available(macOS 10.12, *)) {}
      |                          ^~~~~
/home/uhuj/skillbox_cpp/learn_cpp_tasks/out/build/GCC 11.3.0 x86_64-linux-gnu/_deps/curl-src/CMake/CurlTests.c:430:26: note: each undeclared identifier is reported only once for each function it appears in
/home/uhuj/skillbox_cpp/learn_cpp_tasks/out/build/GCC 11.3.0 x86_64-linux-gnu/_deps/curl-src/CMake/CurlTests.c:430:31: error: expected ‘)’ before numeric constant
  430 |   if(__builtin_available(macOS 10.12, *)) {}
      |                         ~     ^~~~~~
      |                               )
gmake[1]: *** [CMakeFiles/cmTC_738f2.dir/build.make:78: CMakeFiles/cmTC_738f2.dir/CurlTests.c.o] Error 1
gmake[1]: Leaving directory '/home/uhuj/skillbox_cpp/learn_cpp_tasks/out/build/GCC 11.3.0 x86_64-linux-gnu/CMakeFiles/CMakeTmp'
gmake: *** [Makefile:127: cmTC_738f2/fast] Error 2


Determining if the include file sys/sdt.h exists failed with the following output:
Change Dir: /home/uhuj/skillbox_cpp/learn_cpp_tasks/out/build/GCC 11.3.0 x86_64-linux-gnu/CMakeFiles/CMakeScratch/TryCompile-dV5JtQ

Run Build Command(s):/usr/bin/gmake -f Makefile cmTC_91e02/fast && /usr/bin/gmake  -f CMakeFiles/cmTC_91e02.dir/build.make CMakeFiles/cmTC_91e02.dir/build
gmake[1]: Entering directory '/home/uhuj/skillbox_cpp/learn_cpp_tasks/out/build/GCC 11.3.0 x86_64-linux-gnu/CMakeFiles/CMakeScratch/TryCompile-dV5JtQ'
Building C object CMakeFiles/cmTC_91e02.dir/CheckIncludeFile.c.o
/usr/bin/gcc-11   -Wall -Wno-implicit-fallthrough  -std=c99 -o CMakeFiles/cmTC_91e02.dir/CheckIncludeFile.c.o -c "/home/uhuj/skillbox_cpp/learn_cpp_tasks/out/build/GCC 11.3.0 x86_64-linux-gnu/CMakeFiles/CMakeScratch/TryCompile-dV5JtQ/CheckIncludeFile.c"
/home/uhuj/skillbox_cpp/learn_cpp_tasks/out/build/GCC 11.3.0 x86_64-linux-gnu/CMakeFiles/CMakeScratch/TryCompile-dV5JtQ/CheckIncludeFile.c:1:10: fatal error: sys/sdt.h: No such file or directory
    1 | #include <sys/sdt.h>
      |          ^~~~~~~~~~~
compilation terminated.
gmake[1]: *** [CMakeFiles/cmTC_91e02.dir/build.make:78: CMakeFiles/cmTC_91e02.dir/CheckIncludeFile.c.o] Error 1
gmake[1]: Leaving directory '/home/uhuj/skillbox_cpp/learn_cpp_tasks/out/build/GCC 11.3.0 x86_64-linux-gnu/CMakeFiles/CMakeScratch/TryCompile-dV5JtQ'
gmake: *** [Makefile:127: cmTC_91e02/fast] Error 2



Determining if the function connect exists in the socket; failed with the following output:
Change Dir: /home/uhuj/skillbox_cpp/learn_cpp_tasks/out/build/GCC 11.3.0 x86_64-linux-gnu/CMakeFiles/CMakeScratch/TryCompile-miZqtX

Run Build Command(s):/usr/bin/gmake -f Makefile cmTC_f9313/fast && /usr/bin/gmake  -f CMakeFiles/cmTC_f9313.dir/build.make CMakeFiles/cmTC_f9313.dir/build
gmake[1]: Entering directory '/home/uhuj/skillbox_cpp/learn_cpp_tasks/out/build/GCC 11.3.0 x86_64-linux-gnu/CMakeFiles/CMakeScratch/TryCompile-miZqtX'
Building C object CMakeFiles/cmTC_f9313.dir/CheckFunctionExists.c.o
/usr/bin/gcc-11   -W -Wall -pedantic -Wbad-function-cast -Wconversion -Winline -Wmissing-declarations -Wmissing-prototypes -Wnested-externs -Wno-long-long -Wno-multichar -Wpointer-arith -Wshadow -Wsign-compare -Wundef -Wunused -Wwrite-strings -Wcast-align -Wdeclaration-after-statement -Wempty-body -Wendif-labels -Wfloat-equal -Wignored-qualifiers -Wno-format-nonliteral -Wno-sign-conversion -Wno-system-headers -Wstrict-prototypes -Wtype-limits -Wvla -Wmissing-parameter-type -Wold-style-declaration -Wstrict-aliasing=3 -Wformat=2 -Warray-bounds=2 -ftree-vrp -Wduplicated-cond -Wnull-dereference -fdelete-null-pointer-checks -Wshift-negative-value -Wshift-overflow=2 -Walloc-zero -Wduplicated-branches -Wformat-overflow=2 -Wformat-truncation=1 -Wrestrict -Warith-conversion -Wdouble-promotion -Wenum-conversion -Wunused-const-variable -DCHECK_FUNCTION_EXISTS=connect -o CMakeFiles/cmTC_f9313.dir/CheckFunctionExists.c.o -c "/home/uhuj/skillbox_cpp/learn_cpp_tasks/out/build/GCC 11.3.0 x86_64-linux-gnu/CMakeFiles/CMakeScratch/TryCompile-miZqtX/CheckFunctionExists.c"
Linking C executable cmTC_f9313
/usr/bin/cmake -E cmake_link_script CMakeFiles/cmTC_f9313.dir/link.txt --verbose=1
/usr/bin/gcc-11   -W -Wall -pedantic -Wbad-function-cast -Wconversion -Winline -Wmissing-declarations -Wmissing-prototypes -Wnested-externs -Wno-long-long -Wno-multichar -Wpointer-arith -Wshadow -Wsign-compare -Wundef -Wunused -Wwrite-strings -Wcast-align -Wdeclaration-after-statement -Wempty-body -Wendif-labels -Wfloat-equal -Wignored-qualifiers -Wno-format-nonliteral -Wno-sign-conversion -Wno-system-headers -Wstrict-prototypes -Wtype-limits -Wvla -Wmissing-parameter-type -Wold-style-declaration -Wstrict-aliasing=3 -Wformat=2 -Warray-bounds=2 -ftree-vrp -Wduplicated-cond -Wnull-dereference -fdelete-null-pointer-checks -Wshift-negative-value -Wshift-overflow=2 -Walloc-zero -Wduplicated-branches -Wformat-overflow=2 -Wformat-truncation=1 -Wrestrict -Warith-conversion -Wdouble-promotion -Wenum-conversion -Wunused-const-variable -DCHECK_FUNCTION_EXISTS=connect CMakeFiles/cmTC_f9313.dir/CheckFunctionExists.c.o -o cmTC_f9313  -lsocket 
/usr/bin/ld: cannot find -lsocket: No such file or directory
collect2: error: ld returned 1 exit status
gmake[1]: *** [CMakeFiles/cmTC_f9313.dir/build.make:99: cmTC_f9313] Error 1
gmake[1]: Leaving directory '/home/uhuj/skillbox_cpp/learn_cpp_tasks/out/build/GCC 11.3.0 x86_64-linux-gnu/CMakeFiles/CMakeScratch/TryCompile-miZqtX'
gmake: *** [Makefile:127: cmTC_f9313/fast] Error 2



Determining if the OPENSSL_IS_BORINGSSL exist failed with the following output:
Change Dir: /home/uhuj/skillbox_cpp/learn_cpp_tasks/out/build/GCC 11.3.0 x86_64-linux-gnu/CMakeFiles/CMakeScratch/TryCompile-TtFi8z

Run Build Command(s):/usr/bin/gmake -f Makefile cmTC_47295/fast && /usr/bin/gmake  -f CMakeFiles/cmTC_47295.dir/build.make CMakeFiles/cmTC_47295.dir/build
gmake[1]: Entering directory '/home/uhuj/skillbox_cpp/learn_cpp_tasks/out/build/GCC 11.3.0 x86_64-linux-gnu/CMakeFiles/CMakeScratch/TryCompile-TtFi8z'
Building C object CMakeFiles/cmTC_47295.dir/CheckSymbolExists.c.o
/usr/bin/gcc-11   -W -Wall -pedantic -Wbad-function-cast -Wconversion -Winline -Wmissing-declarations -Wmissing-prototypes -Wnested-externs -Wno-long-long -Wno-multichar -Wpointer-arith -Wshadow -Wsign-compare -Wundef -Wunused -Wwrite-strings -Wcast-align -Wdeclaration-after-statement -Wempty-body -Wendif-labels -Wfloat-equal -Wignored-qualifiers -Wno-format-nonliteral -Wno-sign-conversion -Wno-system-headers -Wstrict-prototypes -Wtype-limits -Wvla -Wmissing-parameter-type -Wold-style-declaration -Wstrict-aliasing=3 -Wformat=2 -Warray-bounds=2 -ftree-vrp -Wduplicated-cond -Wnull-dereference -fdelete-null-pointer-checks -Wshift-negative-value -Wshift-overflow=2 -Walloc-zero -Wduplicated-branches -Wformat-overflow=2 -Wformat-truncation=1 -Wrestrict -Warith-conversion -Wdouble-promotion -Wenum-conversion -Wunused-const-variable  -o CMakeFiles/cmTC_47295.dir/CheckSymbolExists.c.o -c "/home/uhuj/skillbox_cpp/learn_cpp_tasks/out/build/GCC 11.3.0 x86_64-linux-gnu/CMakeFiles/CMakeScratch/TryCompile-TtFi8z/CheckSymbolExists.c"
/home/uhuj/skillbox_cpp/learn_cpp_tasks/out/build/GCC 11.3.0 x86_64-linux-gnu/CMakeFiles/CMakeScratch/TryCompile-TtFi8z/CheckSymbolExists.c:2:10: fatal error: openssl/base.h: No such file or directory
    2 | #include <openssl/base.h>
      |          ^~~~~~~~~~~~~~~~
compilation terminated.
gmake[1]: *** [CMakeFiles/cmTC_47295.dir/build.make:78: CMakeFiles/cmTC_47295.dir/CheckSymbolExists.c.o] Error 1
gmake[1]: Leaving directory '/home/uhuj/skillbox_cpp/learn_cpp_tasks/out/build/GCC 11.3.0 x86_64-linux-gnu/CMakeFiles/CMakeScratch/TryCompile-TtFi8z'
gmake: *** [Makefile:127: cmTC_47295/fast] Error 2


File CheckSymbolExists.c:
/* */
#include <openssl/base.h>

int main(int argc, char** argv)
{
  (void)argv;
#ifndef OPENSSL_IS_BORINGSSL
  return ((int*)(&OPENSSL_IS_BORINGSSL))[argc];
#else
  (void)argc;
  return 0;
#endif
}
Determining if the OPENSSL_IS_AWSLC exist failed with the following output:
Change Dir: /home/uhuj/skillbox_cpp/learn_cpp_tasks/out/build/GCC 11.3.0 x86_64-linux-gnu/CMakeFiles/CMakeScratch/TryCompile-ZHJFn6

Run Build Command(s):/usr/bin/gmake -f Makefile cmTC_758b5/fast && /usr/bin/gmake  -f CMakeFiles/cmTC_758b5.dir/build.make CMakeFiles/cmTC_758b5.dir/build
gmake[1]: Entering directory '/home/uhuj/skillbox_cpp/learn_cpp_tasks/out/build/GCC 11.3.0 x86_64-linux-gnu/CMakeFiles/CMakeScratch/TryCompile-ZHJFn6'
Building C object CMakeFiles/cmTC_758b5.dir/CheckSymbolExists.c.o
/usr/bin/gcc-11   -W -Wall -pedantic -Wbad-function-cast -Wconversion -Winline -Wmissing-declarations -Wmissing-prototypes -Wnested-externs -Wno-long-long -Wno-multichar -Wpointer-arith -Wshadow -Wsign-compare -Wundef -Wunused -Wwrite-strings -Wcast-align -Wdeclaration-after-statement -Wempty-body -Wendif-labels -Wfloat-equal -Wignored-qualifiers -Wno-format-nonliteral -Wno-sign-conversion -Wno-system-headers -Wstrict-prototypes -Wtype-limits -Wvla -Wmissing-parameter-type -Wold-style-declaration -Wstrict-aliasing=3 -Wformat=2 -Warray-bounds=2 -ftree-vrp -Wduplicated-cond -Wnull-dereference -fdelete-null-pointer-checks -Wshift-negative-value -Wshift-overflow=2 -Walloc-zero -Wduplicated-branches -Wformat-overflow=2 -Wformat-truncation=1 -Wrestrict -Warith-conversion -Wdouble-promotion -Wenum-conversion -Wunused-const-variable  -o CMakeFiles/cmTC_758b5.dir/CheckSymbolExists.c.o -c "/home/uhuj/skillbox_cpp/learn_cpp_tasks/out/build/GCC 11.3.0 x86_64-linux-gnu/CMakeFiles/CMakeScratch/TryCompile-ZHJFn6/CheckSymbolExists.c"
/home/uhuj/skillbox_cpp/learn_cpp_tasks/out/build/GCC 11.3.0 x86_64-linux-gnu/CMakeFiles/CMakeScratch/TryCompile-ZHJFn6/CheckSymbolExists.c:2:10: fatal error: openssl/base.h: No such file or directory
    2 | #include <openssl/base.h>
      |          ^~~~~~~~~~~~~~~~
compilation terminated.
gmake[1]: *** [CMakeFiles/cmTC_758b5.dir/build.make:78: CMakeFiles/cmTC_758b5.dir/CheckSymbolExists.c.o] Error 1
gmake[1]: Leaving directory '/home/uhuj/skillbox_cpp/learn_cpp_tasks/out/build/GCC 11.3.0 x86_64-linux-gnu/CMakeFiles/CMakeScratch/TryCompile-ZHJFn6'
gmake: *** [Makefile:127: cmTC_758b5/fast] Error 2


File CheckSymbolExists.c:
/* */
#include <openssl/base.h>

int main(int argc, char** argv)
{
  (void)argv;
#ifndef OPENSSL_IS_AWSLC
  return ((int*)(&OPENSSL_IS_AWSLC))[argc];
#else
  (void)argc;
  return 0;
#endif
}
Determining if the function idn2_lookup_ul exists in the idn2;OpenSSL::SSL;OpenSSL::Crypto;ZLIB::ZLIB failed with the following output:
Change Dir: /home/uhuj/skillbox_cpp/learn_cpp_tasks/out/build/GCC 11.3.0 x86_64-linux-gnu/CMakeFiles/CMakeScratch/TryCompile-lpMgLg

Run Build Command(s):/usr/bin/gmake -f Makefile cmTC_a72e7/fast && /usr/bin/gmake  -f CMakeFiles/cmTC_a72e7.dir/build.make CMakeFiles/cmTC_a72e7.dir/build
gmake[1]: Entering directory '/home/uhuj/skillbox_cpp/learn_cpp_tasks/out/build/GCC 11.3.0 x86_64-linux-gnu/CMakeFiles/CMakeScratch/TryCompile-lpMgLg'
Building C object CMakeFiles/cmTC_a72e7.dir/CheckFunctionExists.c.o
/usr/bin/gcc-11   -W -Wall -pedantic -Wbad-function-cast -Wconversion -Winline -Wmissing-declarations -Wmissing-prototypes -Wnested-externs -Wno-long-long -Wno-multichar -Wpointer-arith -Wshadow -Wsign-compare -Wundef -Wunused -Wwrite-strings -Wcast-align -Wdeclaration-after-statement -Wempty-body -Wendif-labels -Wfloat-equal -Wignored-qualifiers -Wno-format-nonliteral -Wno-sign-conversion -Wno-system-headers -Wstrict-prototypes -Wtype-limits -Wvla -Wmissing-parameter-type -Wold-style-declaration -Wstrict-aliasing=3 -Wformat=2 -Warray-bounds=2 -ftree-vrp -Wduplicated-cond -Wnull-dereference -fdelete-null-pointer-checks -Wshift-negative-value -Wshift-overflow=2 -Walloc-zero -Wduplicated-branches -Wformat-overflow=2 -Wformat-truncation=1 -Wrestrict -Warith-conversion -Wdouble-promotion -Wenum-conversion -Wunused-const-variable -DCHECK_FUNCTION_EXISTS=idn2_lookup_ul -o CMakeFiles/cmTC_a72e7.dir/CheckFunctionExists.c.o -c "/home/uhuj/skillbox_cpp/learn_cpp_tasks/out/build/GCC 11.3.0 x86_64-linux-gnu/CMakeFiles/CMakeScratch/TryCompile-lpMgLg/CheckFunctionExists.c"
Linking C executable cmTC_a72e7
/usr/bin/cmake -E cmake_link_script CMakeFiles/cmTC_a72e7.dir/link.txt --verbose=1
/usr/bin/gcc-11   -W -Wall -pedantic -Wbad-function-cast -Wconversion -Winline -Wmissing-declarations -Wmissing-prototypes -Wnested-externs -Wno-long-long -Wno-multichar -Wpointer-arith -Wshadow -Wsign-compare -Wundef -Wunused -Wwrite-strings -Wcast-align -Wdeclaration-after-statement -Wempty-body -Wendif-labels -Wfloat-equal -Wignored-qualifiers -Wno-format-nonliteral -Wno-sign-conversion -Wno-system-headers -Wstrict-prototypes -Wtype-limits -Wvla -Wmissing-parameter-type -Wold-style-declaration -Wstrict-aliasing=3 -Wformat=2 -Warray-bounds=2 -ftree-vrp -Wduplicated-cond -Wnull-dereference -fdelete-null-pointer-checks -Wshift-negative-value -Wshift-overflow=2 -Walloc-zero -Wduplicated-branches -Wformat-overflow=2 -Wformat-truncation=1 -Wrestrict -Warith-conversion -Wdouble-promotion -Wenum-conversion -Wunused-const-variable -DCHECK_FUNCTION_EXISTS=idn2_lookup_ul CMakeFiles/cmTC_a72e7.dir/CheckFunctionExists.c.o -o cmTC_a72e7  -lidn2 /usr/lib/x86_64-linux-gnu/libssl.so /usr/lib/x86_64-linux-gnu/libcrypto.so /usr/lib/x86_64-linux-gnu/libz.so 
/usr/bin/ld: cannot find -lidn2: No such file or directory
collect2: error: ld returned 1 exit status
gmake[1]: *** [CMakeFiles/cmTC_a72e7.dir/build.make:102: cmTC_a72e7] Error 1
gmake[1]: Leaving directory '/home/uhuj/skillbox_cpp/learn_cpp_tasks/out/build/GCC 11.3.0 x86_64-linux-gnu/CMakeFiles/CMakeScratch/TryCompile-lpMgLg'
gmake: *** [Makefile:127: cmTC_a72e7/fast] Error 2



Determining if files inttypes.h;sys/filio.h exist failed with the following output:
Change Dir: /home/uhuj/skillbox_cpp/learn_cpp_tasks/out/build/GCC 11.3.0 x86_64-linux-gnu/CMakeFiles/CMakeScratch/TryCompile-7xKmvx

Run Build Command(s):/usr/bin/gmake -f Makefile cmTC_b1971/fast && /usr/bin/gmake  -f CMakeFiles/cmTC_b1971.dir/build.make CMakeFiles/cmTC_b1971.dir/build
gmake[1]: Entering directory '/home/uhuj/skillbox_cpp/learn_cpp_tasks/out/build/GCC 11.3.0 x86_64-linux-gnu/CMakeFiles/CMakeScratch/TryCompile-7xKmvx'
Building C object CMakeFiles/cmTC_b1971.dir/HAVE_SYS_FILIO_H.c.o
/usr/bin/gcc-11   -W -Wall -pedantic -Wbad-function-cast -Wconversion -Winline -Wmissing-declarations -Wmissing-prototypes -Wnested-externs -Wno-long-long -Wno-multichar -Wpointer-arith -Wshadow -Wsign-compare -Wundef -Wunused -Wwrite-strings -Wcast-align -Wdeclaration-after-statement -Wempty-body -Wendif-labels -Wfloat-equal -Wignored-qualifiers -Wno-format-nonliteral -Wno-sign-conversion -Wno-system-headers -Wstrict-prototypes -Wtype-limits -Wvla -Wmissing-parameter-type -Wold-style-declaration -Wstrict-aliasing=3 -Wformat=2 -Warray-bounds=2 -ftree-vrp -Wduplicated-cond -Wnull-dereference -fdelete-null-pointer-checks -Wshift-negative-value -Wshift-overflow=2 -Walloc-zero -Wduplicated-branches -Wformat-overflow=2 -Wformat-truncation=1 -Wrestrict -Warith-conversion -Wdouble-promotion -Wenum-conversion -Wunused-const-variable  -o CMakeFiles/cmTC_b1971.dir/HAVE_SYS_FILIO_H.c.o -c "/home/uhuj/skillbox_cpp/learn_cpp_tasks/out/build/GCC 11.3.0 x86_64-linux-gnu/CMakeFiles/CMakeScratch/TryCompile-7xKmvx/HAVE_SYS_FILIO_H.c"
/home/uhuj/skillbox_cpp/learn_cpp_tasks/out/build/GCC 11.3.0 x86_64-linux-gnu/CMakeFiles/CMakeScratch/TryCompile-7xKmvx/HAVE_SYS_FILIO_H.c:3:10: fatal error: sys/filio.h: No such file or directory
    3 | #include <sys/filio.h>
      |          ^~~~~~~~~~~~~
compilation terminated.
gmake[1]: *** [CMakeFiles/cmTC_b1971.dir/build.make:78: CMakeFiles/cmTC_b1971.dir/HAVE_SYS_FILIO_H.c.o] Error 1
gmake[1]: Leaving directory '/home/uhuj/skillbox_cpp/learn_cpp_tasks/out/build/GCC 11.3.0 x86_64-linux-gnu/CMakeFiles/CMakeScratch/TryCompile-7xKmvx'
gmake: *** [Makefile:127: cmTC_b1971/fast] Error 2


Source:
/* */
#include <inttypes.h>
#include <sys/filio.h>


int main(void){return 0;}

Determining if files inttypes.h;sys/wait.h;sys/ioctl.h;sys/param.h;sys/poll.h;sys/resource.h;sys/select.h;sys/socket.h;sys/sockio.h exist failed with the following output:
Change Dir: /home/uhuj/skillbox_cpp/learn_cpp_tasks/out/build/GCC 11.3.0 x86_64-linux-gnu/CMakeFiles/CMakeScratch/TryCompile-fpbUF9

Run Build Command(s):/usr/bin/gmake -f Makefile cmTC_6ede8/fast && /usr/bin/gmake  -f CMakeFiles/cmTC_6ede8.dir/build.make CMakeFiles/cmTC_6ede8.dir/build
gmake[1]: Entering directory '/home/uhuj/skillbox_cpp/learn_cpp_tasks/out/build/GCC 11.3.0 x86_64-linux-gnu/CMakeFiles/CMakeScratch/TryCompile-fpbUF9'
Building C object CMakeFiles/cmTC_6ede8.dir/HAVE_SYS_SOCKIO_H.c.o
/usr/bin/gcc-11   -W -Wall -pedantic -Wbad-function-cast -Wconversion -Winline -Wmissing-declarations -Wmissing-prototypes -Wnested-externs -Wno-long-long -Wno-multichar -Wpointer-arith -Wshadow -Wsign-compare -Wundef -Wunused -Wwrite-strings -Wcast-align -Wdeclaration-after-statement -Wempty-body -Wendif-labels -Wfloat-equal -Wignored-qualifiers -Wno-format-nonliteral -Wno-sign-conversion -Wno-system-headers -Wstrict-prototypes -Wtype-limits -Wvla -Wmissing-parameter-type -Wold-style-declaration -Wstrict-aliasing=3 -Wformat=2 -Warray-bounds=2 -ftree-vrp -Wduplicated-cond -Wnull-dereference -fdelete-null-pointer-checks -Wshift-negative-value -Wshift-overflow=2 -Walloc-zero -Wduplicated-branches -Wformat-overflow=2 -Wformat-truncation=1 -Wrestrict -Warith-conversion -Wdouble-promotion -Wenum-conversion -Wunused-const-variable  -o CMakeFiles/cmTC_6ede8.dir/HAVE_SYS_SOCKIO_H.c.o -c "/home/uhuj/skillbox_cpp/learn_cpp_tasks/out/build/GCC 11.3.0 x86_64-linux-gnu/CMakeFiles/CMakeScratch/TryCompile-fpbUF9/HAVE_SYS_SOCKIO_H.c"
/home/uhuj/skillbox_cpp/learn_cpp_tasks/out/build/GCC 11.3.0 x86_64-linux-gnu/CMakeFiles/CMakeScratch/TryCompile-fpbUF9/HAVE_SYS_SOCKIO_H.c:10:10: fatal error: sys/sockio.h: No such file or directory
   10 | #include <sys/sockio.h>
      |          ^~~~~~~~~~~~~~
compilation terminated.
gmake[1]: *** [CMakeFiles/cmTC_6ede8.dir/build.make:78: CMakeFiles/cmTC_6ede8.dir/HAVE_SYS_SOCKIO_H.c.o] Error 1
gmake[1]: Leaving directory '/home/uhuj/skillbox_cpp/learn_cpp_tasks/out/build/GCC 11.3.0 x86_64-linux-gnu/CMakeFiles/CMakeScratch/TryCompile-fpbUF9'
gmake: *** [Makefile:127: cmTC_6ede8/fast] Error 2


Source:
/* */
#include <inttypes.h>
#include <sys/wait.h>
#include <sys/ioctl.h>
#include <sys/param.h>
#include <sys/poll.h>
#include <sys/resource.h>
#include <sys/select.h>
#include <sys/socket.h>
#include <sys/sockio.h>


int main(void){return 0;}

Determining if files inttypes.h;sys/wait.h;sys/ioctl.h;sys/param.h;sys/poll.h;sys/resource.h;sys/select.h;sys/socket.h;sys/stat.h;sys/time.h;sys/types.h;sys/un.h;sys/utime.h exist failed with the following output:
Change Dir: /home/uhuj/skillbox_cpp/learn_cpp_tasks/out/build/GCC 11.3.0 x86_64-linux-gnu/CMakeFiles/CMakeScratch/TryCompile-Uv6ti6

Run Build Command(s):/usr/bin/gmake -f Makefile cmTC_c758e/fast && /usr/bin/gmake  -f CMakeFiles/cmTC_c758e.dir/build.make CMakeFiles/cmTC_c758e.dir/build
gmake[1]: Entering directory '/home/uhuj/skillbox_cpp/learn_cpp_tasks/out/build/GCC 11.3.0 x86_64-linux-gnu/CMakeFiles/CMakeScratch/TryCompile-Uv6ti6'
Building C object CMakeFiles/cmTC_c758e.dir/HAVE_SYS_UTIME_H.c.o
/usr/bin/gcc-11   -W -Wall -pedantic -Wbad-function-cast -Wconversion -Winline -Wmissing-declarations -Wmissing-prototypes -Wnested-externs -Wno-long-long -Wno-multichar -Wpointer-arith -Wshadow -Wsign-compare -Wundef -Wunused -Wwrite-strings -Wcast-align -Wdeclaration-after-statement -Wempty-body -Wendif-labels -Wfloat-equal -Wignored-qualifiers -Wno-format-nonliteral -Wno-sign-conversion -Wno-system-headers -Wstrict-prototypes -Wtype-limits -Wvla -Wmissing-parameter-type -Wold-style-declaration -Wstrict-aliasing=3 -Wformat=2 -Warray-bounds=2 -ftree-vrp -Wduplicated-cond -Wnull-dereference -fdelete-null-pointer-checks -Wshift-negative-value -Wshift-overflow=2 -Walloc-zero -Wduplicated-branches -Wformat-overflow=2 -Wformat-truncation=1 -Wrestrict -Warith-conversion -Wdouble-promotion -Wenum-conversion -Wunused-const-variable  -o CMakeFiles/cmTC_c758e.dir/HAVE_SYS_UTIME_H.c.o -c "/home/uhuj/skillbox_cpp/learn_cpp_tasks/out/build/GCC 11.3.0 x86_64-linux-gnu/CMakeFiles/CMakeScratch/TryCompile-Uv6ti6/HAVE_SYS_UTIME_H.c"
/home/uhuj/skillbox_cpp/learn_cpp_tasks/out/build/GCC 11.3.0 x86_64-linux-gnu/CMakeFiles/CMakeScratch/TryCompile-Uv6ti6/HAVE_SYS_UTIME_H.c:14:10: fatal error: sys/utime.h: No such file or directory
   14 | #include <sys/utime.h>
      |          ^~~~~~~~~~~~~
compilation terminated.
gmake[1]: *** [CMakeFiles/cmTC_c758e.dir/build.make:78: CMakeFiles/cmTC_c758e.dir/HAVE_SYS_UTIME_H.c.o] Error 1
gmake[1]: Leaving directory '/home/uhuj/skillbox_cpp/learn_cpp_tasks/out/build/GCC 11.3.0 x86_64-linux-gnu/CMakeFiles/CMakeScratch/TryCompile-Uv6ti6'
gmake: *** [Makefile:127: cmTC_c758e/fast] Error 2


Source:
/* */
#include <inttypes.h>
#include <sys/wait.h>
#include <sys/ioctl.h>
#include <sys/param.h>
#include <sys/poll.h>
#include <sys/resource.h>
#include <sys/select.h>
#include <sys/socket.h>
#include <sys/stat.h>
#include <sys/time.h>
#include <sys/types.h>
#include <sys/un.h>
#include <sys/utime.h>


int main(void){return 0;}

Determining if files inttypes.h;sys/wait.h;sys/ioctl.h;sys/param.h;sys/poll.h;sys/resource.h;sys/select.h;sys/socket.h;sys/stat.h;sys/time.h;sys/types.h;sys/un.h;sys/xattr.h;arpa/inet.h;fcntl.h;idn2.h exist failed with the following output:
Change Dir: /home/uhuj/skillbox_cpp/learn_cpp_tasks/out/build/GCC 11.3.0 x86_64-linux-gnu/CMakeFiles/CMakeScratch/TryCompile-RGHUQz

Run Build Command(s):/usr/bin/gmake -f Makefile cmTC_cf0bd/fast && /usr/bin/gmake  -f CMakeFiles/cmTC_cf0bd.dir/build.make CMakeFiles/cmTC_cf0bd.dir/build
gmake[1]: Entering directory '/home/uhuj/skillbox_cpp/learn_cpp_tasks/out/build/GCC 11.3.0 x86_64-linux-gnu/CMakeFiles/CMakeScratch/TryCompile-RGHUQz'
Building C object CMakeFiles/cmTC_cf0bd.dir/HAVE_IDN2_H.c.o
/usr/bin/gcc-11   -W -Wall -pedantic -Wbad-function-cast -Wconversion -Winline -Wmissing-declarations -Wmissing-prototypes -Wnested-externs -Wno-long-long -Wno-multichar -Wpointer-arith -Wshadow -Wsign-compare -Wundef -Wunused -Wwrite-strings -Wcast-align -Wdeclaration-after-statement -Wempty-body -Wendif-labels -Wfloat-equal -Wignored-qualifiers -Wno-format-nonliteral -Wno-sign-conversion -Wno-system-headers -Wstrict-prototypes -Wtype-limits -Wvla -Wmissing-parameter-type -Wold-style-declaration -Wstrict-aliasing=3 -Wformat=2 -Warray-bounds=2 -ftree-vrp -Wduplicated-cond -Wnull-dereference -fdelete-null-pointer-checks -Wshift-negative-value -Wshift-overflow=2 -Walloc-zero -Wduplicated-branches -Wformat-overflow=2 -Wformat-truncation=1 -Wrestrict -Warith-conversion -Wdouble-promotion -Wenum-conversion -Wunused-const-variable  -o CMakeFiles/cmTC_cf0bd.dir/HAVE_IDN2_H.c.o -c "/home/uhuj/skillbox_cpp/learn_cpp_tasks/out/build/GCC 11.3.0 x86_64-linux-gnu/CMakeFiles/CMakeScratch/TryCompile-RGHUQz/HAVE_IDN2_H.c"
/home/uhuj/skillbox_cpp/learn_cpp_tasks/out/build/GCC 11.3.0 x86_64-linux-gnu/CMakeFiles/CMakeScratch/TryCompile-RGHUQz/HAVE_IDN2_H.c:17:10: fatal error: idn2.h: No such file or directory
   17 | #include <idn2.h>
      |          ^~~~~~~~
compilation terminated.
gmake[1]: *** [CMakeFiles/cmTC_cf0bd.dir/build.make:78: CMakeFiles/cmTC_cf0bd.dir/HAVE_IDN2_H.c.o] Error 1
gmake[1]: Leaving directory '/home/uhuj/skillbox_cpp/learn_cpp_tasks/out/build/GCC 11.3.0 x86_64-linux-gnu/CMakeFiles/CMakeScratch/TryCompile-RGHUQz'
gmake: *** [Makefile:127: cmTC_cf0bd/fast] Error 2


Source:
/* */
#include <inttypes.h>
#include <sys/wait.h>
#include <sys/ioctl.h>
#include <sys/param.h>
#include <sys/poll.h>
#include <sys/resource.h>
#include <sys/select.h>
#include <sys/socket.h>
#include <sys/stat.h>
#include <sys/time.h>
#include <sys/types.h>
#include <sys/un.h>
#include <sys/xattr.h>
#include <arpa/inet.h>
#include <fcntl.h>
#include <idn2.h>


int main(void){return 0;}

Determining if files inttypes.h;sys/wait.h;sys/ioctl.h;sys/param.h;sys/poll.h;sys/resource.h;sys/select.h;sys/socket.h;sys/stat.h;sys/time.h;sys/types.h;sys/un.h;sys/xattr.h;arpa/inet.h;fcntl.h;ifaddrs.h;io.h exist failed with the following output:
Change Dir: /home/uhuj/skillbox_cpp/learn_cpp_tasks/out/build/GCC 11.3.0 x86_64-linux-gnu/CMakeFiles/CMakeScratch/TryCompile-ZbG4np

Run Build Command(s):/usr/bin/gmake -f Makefile cmTC_8878b/fast && /usr/bin/gmake  -f CMakeFiles/cmTC_8878b.dir/build.make CMakeFiles/cmTC_8878b.dir/build
gmake[1]: Entering directory '/home/uhuj/skillbox_cpp/learn_cpp_tasks/out/build/GCC 11.3.0 x86_64-linux-gnu/CMakeFiles/CMakeScratch/TryCompile-ZbG4np'
Building C object CMakeFiles/cmTC_8878b.dir/HAVE_IO_H.c.o
/usr/bin/gcc-11   -W -Wall -pedantic -Wbad-function-cast -Wconversion -Winline -Wmissing-declarations -Wmissing-prototypes -Wnested-externs -Wno-long-long -Wno-multichar -Wpointer-arith -Wshadow -Wsign-compare -Wundef -Wunused -Wwrite-strings -Wcast-align -Wdeclaration-after-statement -Wempty-body -Wendif-labels -Wfloat-equal -Wignored-qualifiers -Wno-format-nonliteral -Wno-sign-conversion -Wno-system-headers -Wstrict-prototypes -Wtype-limits -Wvla -Wmissing-parameter-type -Wold-style-declaration -Wstrict-aliasing=3 -Wformat=2 -Warray-bounds=2 -ftree-vrp -Wduplicated-cond -Wnull-dereference -fdelete-null-pointer-checks -Wshift-negative-value -Wshift-overflow=2 -Walloc-zero -Wduplicated-branches -Wformat-overflow=2 -Wformat-truncation=1 -Wrestrict -Warith-conversion -Wdouble-promotion -Wenum-conversion -Wunused-const-variable  -o CMakeFiles/cmTC_8878b.dir/HAVE_IO_H.c.o -c "/home/uhuj/skillbox_cpp/learn_cpp_tasks/out/build/GCC 11.3.0 x86_64-linux-gnu/CMakeFiles/CMakeScratch/TryCompile-ZbG4np/HAVE_IO_H.c"
/home/uhuj/skillbox_cpp/learn_cpp_tasks/out/build/GCC 11.3.0 x86_64-linux-gnu/CMakeFiles/CMakeScratch/TryCompile-ZbG4np/HAVE_IO_H.c:18:10: fatal error: io.h: No such file or directory
   18 | #include <io.h>
      |          ^~~~~~
compilation terminated.
gmake[1]: *** [CMakeFiles/cmTC_8878b.dir/build.make:78: CMakeFiles/cmTC_8878b.dir/HAVE_IO_H.c.o] Error 1
gmake[1]: Leaving directory '/home/uhuj/skillbox_cpp/learn_cpp_tasks/out/build/GCC 11.3.0 x86_64-linux-gnu/CMakeFiles/CMakeScratch/TryCompile-ZbG4np'
gmake: *** [Makefile:127: cmTC_8878b/fast] Error 2


Source:
/* */
#include <inttypes.h>
#include <sys/wait.h>
#include <sys/ioctl.h>
#include <sys/param.h>
#include <sys/poll.h>
#include <sys/resource.h>
#include <sys/select.h>
#include <sys/socket.h>
#include <sys/stat.h>
#include <sys/time.h>
#include <sys/types.h>
#include <sys/un.h>
#include <sys/xattr.h>
#include <arpa/inet.h>
#include <fcntl.h>
#include <ifaddrs.h>
#include <io.h>


int main(void){return 0;}

Determining if files inttypes.h;sys/wait.h;sys/ioctl.h;sys/param.h;sys/poll.h;sys/resource.h;sys/select.h;sys/socket.h;sys/stat.h;sys/time.h;sys/types.h;sys/un.h;sys/xattr.h;arpa/inet.h;fcntl.h;ifaddrs.h;libgen.h;locale.h;net/if.h;netdb.h;netinet/in.h;netinet/tcp.h;netinet/udp.h;poll.h;pwd.h;stdatomic.h;stdbool.h;stdint.h;strings.h;stropts.h exist failed with the following output:
Change Dir: /home/uhuj/skillbox_cpp/learn_cpp_tasks/out/build/GCC 11.3.0 x86_64-linux-gnu/CMakeFiles/CMakeScratch/TryCompile-Lml6QL

Run Build Command(s):/usr/bin/gmake -f Makefile cmTC_53e06/fast && /usr/bin/gmake  -f CMakeFiles/cmTC_53e06.dir/build.make CMakeFiles/cmTC_53e06.dir/build
gmake[1]: Entering directory '/home/uhuj/skillbox_cpp/learn_cpp_tasks/out/build/GCC 11.3.0 x86_64-linux-gnu/CMakeFiles/CMakeScratch/TryCompile-Lml6QL'
Building C object CMakeFiles/cmTC_53e06.dir/HAVE_STROPTS_H.c.o
/usr/bin/gcc-11   -W -Wall -pedantic -Wbad-function-cast -Wconversion -Winline -Wmissing-declarations -Wmissing-prototypes -Wnested-externs -Wno-long-long -Wno-multichar -Wpointer-arith -Wshadow -Wsign-compare -Wundef -Wunused -Wwrite-strings -Wcast-align -Wdeclaration-after-statement -Wempty-body -Wendif-labels -Wfloat-equal -Wignored-qualifiers -Wno-format-nonliteral -Wno-sign-conversion -Wno-system-headers -Wstrict-prototypes -Wtype-limits -Wvla -Wmissing-parameter-type -Wold-style-declaration -Wstrict-aliasing=3 -Wformat=2 -Warray-bounds=2 -ftree-vrp -Wduplicated-cond -Wnull-dereference -fdelete-null-pointer-checks -Wshift-negative-value -Wshift-overflow=2 -Walloc-zero -Wduplicated-branches -Wformat-overflow=2 -Wformat-truncation=1 -Wrestrict -Warith-conversion -Wdouble-promotion -Wenum-conversion -Wunused-const-variable  -o CMakeFiles/cmTC_53e06.dir/HAVE_STROPTS_H.c.o -c "/home/uhuj/skillbox_cpp/learn_cpp_tasks/out/build/GCC 11.3.0 x86_64-linux-gnu/CMakeFiles/CMakeScratch/TryCompile-Lml6QL/HAVE_STROPTS_H.c"
/home/uhuj/skillbox_cpp/learn_cpp_tasks/out/build/GCC 11.3.0 x86_64-linux-gnu/CMakeFiles/CMakeScratch/TryCompile-Lml6QL/HAVE_STROPTS_H.c:31:10: fatal error: stropts.h: No such file or directory
   31 | #include <stropts.h>
      |          ^~~~~~~~~~~
compilation terminated.
gmake[1]: *** [CMakeFiles/cmTC_53e06.dir/build.make:78: CMakeFiles/cmTC_53e06.dir/HAVE_STROPTS_H.c.o] Error 1
gmake[1]: Leaving directory '/home/uhuj/skillbox_cpp/learn_cpp_tasks/out/build/GCC 11.3.0 x86_64-linux-gnu/CMakeFiles/CMakeScratch/TryCompile-Lml6QL'
gmake: *** [Makefile:127: cmTC_53e06/fast] Error 2


Source:
/* */
#include <inttypes.h>
#include <sys/wait.h>
#include <sys/ioctl.h>
#include <sys/param.h>
#include <sys/poll.h>
#include <sys/resource.h>
#include <sys/select.h>
#include <sys/socket.h>
#include <sys/stat.h>
#include <sys/time.h>
#include <sys/types.h>
#include <sys/un.h>
#include <sys/xattr.h>
#include <arpa/inet.h>
#include <fcntl.h>
#include <ifaddrs.h>
#include <libgen.h>
#include <locale.h>
#include <net/if.h>
#include <netdb.h>
#include <netinet/in.h>
#include <netinet/tcp.h>
#include <netinet/udp.h>
#include <poll.h>
#include <pwd.h>
#include <stdatomic.h>
#include <stdbool.h>
#include <stdint.h>
#include <strings.h>
#include <stropts.h>


int main(void){return 0;}

Determining size of __int64 failed with the following output:
Change Dir: /home/uhuj/skillbox_cpp/learn_cpp_tasks/out/build/GCC 11.3.0 x86_64-linux-gnu/CMakeFiles/CMakeScratch/TryCompile-MmCvVx

Run Build Command(s):/usr/bin/gmake -f Makefile cmTC_2ed7e/fast && /usr/bin/gmake  -f CMakeFiles/cmTC_2ed7e.dir/build.make CMakeFiles/cmTC_2ed7e.dir/build
gmake[1]: Entering directory '/home/uhuj/skillbox_cpp/learn_cpp_tasks/out/build/GCC 11.3.0 x86_64-linux-gnu/CMakeFiles/CMakeScratch/TryCompile-MmCvVx'
Building C object CMakeFiles/cmTC_2ed7e.dir/SIZEOF___INT64.c.o
/usr/bin/gcc-11   -W -Wall -pedantic -Wbad-function-cast -Wconversion -Winline -Wmissing-declarations -Wmissing-prototypes -Wnested-externs -Wno-long-long -Wno-multichar -Wpointer-arith -Wshadow -Wsign-compare -Wundef -Wunused -Wwrite-strings -Wcast-align -Wdeclaration-after-statement -Wempty-body -Wendif-labels -Wfloat-equal -Wignored-qualifiers -Wno-format-nonliteral -Wno-sign-conversion -Wno-system-headers -Wstrict-prototypes -Wtype-limits -Wvla -Wmissing-parameter-type -Wold-style-declaration -Wstrict-aliasing=3 -Wformat=2 -Warray-bounds=2 -ftree-vrp -Wduplicated-cond -Wnull-dereference -fdelete-null-pointer-checks -Wshift-negative-value -Wshift-overflow=2 -Walloc-zero -Wduplicated-branches -Wformat-overflow=2 -Wformat-truncation=1 -Wrestrict -Warith-conversion -Wdouble-promotion -Wenum-conversion -Wunused-const-variable  -o CMakeFiles/cmTC_2ed7e.dir/SIZEOF___INT64.c.o -c "/home/uhuj/skillbox_cpp/learn_cpp_tasks/out/build/GCC 11.3.0 x86_64-linux-gnu/CMakeFiles/CMakeScratch/TryCompile-MmCvVx/SIZEOF___INT64.c"
/home/uhuj/skillbox_cpp/learn_cpp_tasks/out/build/GCC 11.3.0 x86_64-linux-gnu/CMakeFiles/CMakeScratch/TryCompile-MmCvVx/SIZEOF___INT64.c:27:22: error: ‘__int64’ undeclared here (not in a function); did you mean ‘__int64_t’?
   27 | #define SIZE (sizeof(__int64))
      |                      ^~~~~~~
/home/uhuj/skillbox_cpp/learn_cpp_tasks/out/build/GCC 11.3.0 x86_64-linux-gnu/CMakeFiles/CMakeScratch/TryCompile-MmCvVx/SIZEOF___INT64.c:29:12: note: in expansion of macro ‘SIZE’
   29 |   ('0' + ((SIZE / 10000)%10)),
      |            ^~~~
gmake[1]: *** [CMakeFiles/cmTC_2ed7e.dir/build.make:78: CMakeFiles/cmTC_2ed7e.dir/SIZEOF___INT64.c.o] Error 1
gmake[1]: Leaving directory '/home/uhuj/skillbox_cpp/learn_cpp_tasks/out/build/GCC 11.3.0 x86_64-linux-gnu/CMakeFiles/CMakeScratch/TryCompile-MmCvVx'
gmake: *** [Makefile:127: cmTC_2ed7e/fast] Error 2


SIZEOF___INT64.c:
#include <sys/types.h>
#include <stdint.h>
#include <stddef.h>


#undef KEY
#if defined(__i386)
# define KEY '_','_','i','3','8','6'
#elif defined(__x86_64)
# define KEY '_','_','x','8','6','_','6','4'
#elif defined(__PPC64__)
# define KEY '_','_','P','P','C','6','4','_','_'
#elif defined(__ppc64__)
# define KEY '_','_','p','p','c','6','4','_','_'
#elif defined(__PPC__)
# define KEY '_','_','P','P','C','_','_'
#elif defined(__ppc__)
# define KEY '_','_','p','p','c','_','_'
#elif defined(__aarch64__)
# define KEY '_','_','a','a','r','c','h','6','4','_','_'
#elif defined(__ARM_ARCH_7A__)
# define KEY '_','_','A','R','M','_','A','R','C','H','_','7','A','_','_'
#elif defined(__ARM_ARCH_7S__)
# define KEY '_','_','A','R','M','_','A','R','C','H','_','7','S','_','_'
#endif

#define SIZE (sizeof(__int64))
static char info_size[] =  {'I', 'N', 'F', 'O', ':', 's','i','z','e','[',
  ('0' + ((SIZE / 10000)%10)),
  ('0' + ((SIZE / 1000)%10)),
  ('0' + ((SIZE / 100)%10)),
  ('0' + ((SIZE / 10)%10)),
  ('0' +  (SIZE    % 10)),
  ']',
#ifdef KEY
  ' ','k','e','y','[', KEY, ']',
#endif
  '\0'};

#ifdef __CLASSIC_C__
int main(argc, argv) int argc; char *argv[];
#else
int main(int argc, char *argv[])
#endif
{
  int require = 0;
  require += info_size[argc];
  (void)argv;
  return require;
}


Determining if the stricmp exist failed with the following output:
Change Dir: /home/uhuj/skillbox_cpp/learn_cpp_tasks/out/build/GCC 11.3.0 x86_64-linux-gnu/CMakeFiles/CMakeScratch/TryCompile-0e5SEP

Run Build Command(s):/usr/bin/gmake -f Makefile cmTC_9ed4c/fast && /usr/bin/gmake  -f CMakeFiles/cmTC_9ed4c.dir/build.make CMakeFiles/cmTC_9ed4c.dir/build
gmake[1]: Entering directory '/home/uhuj/skillbox_cpp/learn_cpp_tasks/out/build/GCC 11.3.0 x86_64-linux-gnu/CMakeFiles/CMakeScratch/TryCompile-0e5SEP'
Building C object CMakeFiles/cmTC_9ed4c.dir/CheckSymbolExists.c.o
/usr/bin/gcc-11   -W -Wall -pedantic -Wbad-function-cast -Wconversion -Winline -Wmissing-declarations -Wmissing-prototypes -Wnested-externs -Wno-long-long -Wno-multichar -Wpointer-arith -Wshadow -Wsign-compare -Wundef -Wunused -Wwrite-strings -Wcast-align -Wdeclaration-after-statement -Wempty-body -Wendif-labels -Wfloat-equal -Wignored-qualifiers -Wno-format-nonliteral -Wno-sign-conversion -Wno-system-headers -Wstrict-prototypes -Wtype-limits -Wvla -Wmissing-parameter-type -Wold-style-declaration -Wstrict-aliasing=3 -Wformat=2 -Warray-bounds=2 -ftree-vrp -Wduplicated-cond -Wnull-dereference -fdelete-null-pointer-checks -Wshift-negative-value -Wshift-overflow=2 -Walloc-zero -Wduplicated-branches -Wformat-overflow=2 -Wformat-truncation=1 -Wrestrict -Warith-conversion -Wdouble-promotion -Wenum-conversion -Wunused-const-variable  -o CMakeFiles/cmTC_9ed4c.dir/CheckSymbolExists.c.o -c "/home/uhuj/skillbox_cpp/learn_cpp_tasks/out/build/GCC 11.3.0 x86_64-linux-gnu/CMakeFiles/CMakeScratch/TryCompile-0e5SEP/CheckSymbolExists.c"
/home/uhuj/skillbox_cpp/learn_cpp_tasks/out/build/GCC 11.3.0 x86_64-linux-gnu/CMakeFiles/CMakeScratch/TryCompile-0e5SEP/CheckSymbolExists.c: In function ‘main’:
/home/uhuj/skillbox_cpp/learn_cpp_tasks/out/build/GCC 11.3.0 x86_64-linux-gnu/CMakeFiles/CMakeScratch/TryCompile-0e5SEP/CheckSymbolExists.c:41:19: error: ‘stricmp’ undeclared (first use in this function); did you mean ‘strncmp’?
   41 |   return ((int*)(&stricmp))[argc];
      |                   ^~~~~~~
      |                   strncmp
/home/uhuj/skillbox_cpp/learn_cpp_tasks/out/build/GCC 11.3.0 x86_64-linux-gnu/CMakeFiles/CMakeScratch/TryCompile-0e5SEP/CheckSymbolExists.c:41:19: note: each undeclared identifier is reported only once for each function it appears in
/home/uhuj/skillbox_cpp/learn_cpp_tasks/out/build/GCC 11.3.0 x86_64-linux-gnu/CMakeFiles/CMakeScratch/TryCompile-0e5SEP/CheckSymbolExists.c:37:14: warning: parameter ‘argc’ set but not used [-Wunused-but-set-parameter]
   37 | int main(int argc, char** argv)
      |          ~~~~^~~~
gmake[1]: *** [CMakeFiles/cmTC_9ed4c.dir/build.make:78: CMakeFiles/cmTC_9ed4c.dir/CheckSymbolExists.c.o] Error 1
gmake[1]: Leaving directory '/home/uhuj/skillbox_cpp/learn_cpp_tasks/out/build/GCC 11.3.0 x86_64-linux-gnu/CMakeFiles/CMakeScratch/TryCompile-0e5SEP'
gmake: *** [Makefile:127: cmTC_9ed4c/fast] Error 2


File CheckSymbolExists.c:
/* */
#include <inttypes.h>
#include <sys/wait.h>
#include <sys/ioctl.h>
#include <sys/param.h>
#include <sys/poll.h>
#include <sys/resource.h>
#include <sys/select.h>
#include <sys/socket.h>
#include <sys/stat.h>
#include <sys/time.h>
#include <sys/types.h>
#include <sys/un.h>
#include <sys/xattr.h>
#include <arpa/inet.h>
#include <fcntl.h>
#include <ifaddrs.h>
#include <libgen.h>
#include <locale.h>
#include <net/if.h>
#include <netdb.h>
#include <netinet/in.h>
#include <netinet/tcp.h>
#include <netinet/udp.h>
#include <poll.h>
#include <pwd.h>
#include <stdatomic.h>
#include <stdbool.h>
#include <stdint.h>
#include <strings.h>
#include <termio.h>
#include <termios.h>
#include <unistd.h>
#include <utime.h>
#include <string.h>

int main(int argc, char** argv)
{
  (void)argv;
#ifndef stricmp
  return ((int*)(&stricmp))[argc];
#else
  (void)argc;
  return 0;
#endif
}
Determining if the strcmpi exist failed with the following output:
Change Dir: /home/uhuj/skillbox_cpp/learn_cpp_tasks/out/build/GCC 11.3.0 x86_64-linux-gnu/CMakeFiles/CMakeScratch/TryCompile-lBpFPP

Run Build Command(s):/usr/bin/gmake -f Makefile cmTC_00f82/fast && /usr/bin/gmake  -f CMakeFiles/cmTC_00f82.dir/build.make CMakeFiles/cmTC_00f82.dir/build
gmake[1]: Entering directory '/home/uhuj/skillbox_cpp/learn_cpp_tasks/out/build/GCC 11.3.0 x86_64-linux-gnu/CMakeFiles/CMakeScratch/TryCompile-lBpFPP'
Building C object CMakeFiles/cmTC_00f82.dir/CheckSymbolExists.c.o
/usr/bin/gcc-11   -W -Wall -pedantic -Wbad-function-cast -Wconversion -Winline -Wmissing-declarations -Wmissing-prototypes -Wnested-externs -Wno-long-long -Wno-multichar -Wpointer-arith -Wshadow -Wsign-compare -Wundef -Wunused -Wwrite-strings -Wcast-align -Wdeclaration-after-statement -Wempty-body -Wendif-labels -Wfloat-equal -Wignored-qualifiers -Wno-format-nonliteral -Wno-sign-conversion -Wno-system-headers -Wstrict-prototypes -Wtype-limits -Wvla -Wmissing-parameter-type -Wold-style-declaration -Wstrict-aliasing=3 -Wformat=2 -Warray-bounds=2 -ftree-vrp -Wduplicated-cond -Wnull-dereference -fdelete-null-pointer-checks -Wshift-negative-value -Wshift-overflow=2 -Walloc-zero -Wduplicated-branches -Wformat-overflow=2 -Wformat-truncation=1 -Wrestrict -Warith-conversion -Wdouble-promotion -Wenum-conversion -Wunused-const-variable  -o CMakeFiles/cmTC_00f82.dir/CheckSymbolExists.c.o -c "/home/uhuj/skillbox_cpp/learn_cpp_tasks/out/build/GCC 11.3.0 x86_64-linux-gnu/CMakeFiles/CMakeScratch/TryCompile-lBpFPP/CheckSymbolExists.c"
/home/uhuj/skillbox_cpp/learn_cpp_tasks/out/build/GCC 11.3.0 x86_64-linux-gnu/CMakeFiles/CMakeScratch/TryCompile-lBpFPP/CheckSymbolExists.c: In function ‘main’:
/home/uhuj/skillbox_cpp/learn_cpp_tasks/out/build/GCC 11.3.0 x86_64-linux-gnu/CMakeFiles/CMakeScratch/TryCompile-lBpFPP/CheckSymbolExists.c:41:19: error: ‘strcmpi’ undeclared (first use in this function); did you mean ‘strcmp’?
   41 |   return ((int*)(&strcmpi))[argc];
      |                   ^~~~~~~
      |                   strcmp
/home/uhuj/skillbox_cpp/learn_cpp_tasks/out/build/GCC 11.3.0 x86_64-linux-gnu/CMakeFiles/CMakeScratch/TryCompile-lBpFPP/CheckSymbolExists.c:41:19: note: each undeclared identifier is reported only once for each function it appears in
/home/uhuj/skillbox_cpp/learn_cpp_tasks/out/build/GCC 11.3.0 x86_64-linux-gnu/CMakeFiles/CMakeScratch/TryCompile-lBpFPP/CheckSymbolExists.c:37:14: warning: parameter ‘argc’ set but not used [-Wunused-but-set-parameter]
   37 | int main(int argc, char** argv)
      |          ~~~~^~~~
gmake[1]: *** [CMakeFiles/cmTC_00f82.dir/build.make:78: CMakeFiles/cmTC_00f82.dir/CheckSymbolExists.c.o] Error 1
gmake[1]: Leaving directory '/home/uhuj/skillbox_cpp/learn_cpp_tasks/out/build/GCC 11.3.0 x86_64-linux-gnu/CMakeFiles/CMakeScratch/TryCompile-lBpFPP'
gmake: *** [Makefile:127: cmTC_00f82/fast] Error 2


File CheckSymbolExists.c:
/* */
#include <inttypes.h>
#include <sys/wait.h>
#include <sys/ioctl.h>
#include <sys/param.h>
#include <sys/poll.h>
#include <sys/resource.h>
#include <sys/select.h>
#include <sys/socket.h>
#include <sys/stat.h>
#include <sys/time.h>
#include <sys/types.h>
#include <sys/un.h>
#include <sys/xattr.h>
#include <arpa/inet.h>
#include <fcntl.h>
#include <ifaddrs.h>
#include <libgen.h>
#include <locale.h>
#include <net/if.h>
#include <netdb.h>
#include <netinet/in.h>
#include <netinet/tcp.h>
#include <netinet/udp.h>
#include <poll.h>
#include <pwd.h>
#include <stdatomic.h>
#include <stdbool.h>
#include <stdint.h>
#include <strings.h>
#include <termio.h>
#include <termios.h>
#include <unistd.h>
#include <utime.h>
#include <string.h>

int main(int argc, char** argv)
{
  (void)argv;
#ifndef strcmpi
  return ((int*)(&strcmpi))[argc];
#else
  (void)argc;
  return 0;
#endif
}
Determining if the memrchr exist failed with the following output:
Change Dir: /home/uhuj/skillbox_cpp/learn_cpp_tasks/out/build/GCC 11.3.0 x86_64-linux-gnu/CMakeFiles/CMakeScratch/TryCompile-D6J4s7

Run Build Command(s):/usr/bin/gmake -f Makefile cmTC_1e4d2/fast && /usr/bin/gmake  -f CMakeFiles/cmTC_1e4d2.dir/build.make CMakeFiles/cmTC_1e4d2.dir/build
gmake[1]: Entering directory '/home/uhuj/skillbox_cpp/learn_cpp_tasks/out/build/GCC 11.3.0 x86_64-linux-gnu/CMakeFiles/CMakeScratch/TryCompile-D6J4s7'
Building C object CMakeFiles/cmTC_1e4d2.dir/CheckSymbolExists.c.o
/usr/bin/gcc-11   -W -Wall -pedantic -Wbad-function-cast -Wconversion -Winline -Wmissing-declarations -Wmissing-prototypes -Wnested-externs -Wno-long-long -Wno-multichar -Wpointer-arith -Wshadow -Wsign-compare -Wundef -Wunused -Wwrite-strings -Wcast-align -Wdeclaration-after-statement -Wempty-body -Wendif-labels -Wfloat-equal -Wignored-qualifiers -Wno-format-nonliteral -Wno-sign-conversion -Wno-system-headers -Wstrict-prototypes -Wtype-limits -Wvla -Wmissing-parameter-type -Wold-style-declaration -Wstrict-aliasing=3 -Wformat=2 -Warray-bounds=2 -ftree-vrp -Wduplicated-cond -Wnull-dereference -fdelete-null-pointer-checks -Wshift-negative-value -Wshift-overflow=2 -Walloc-zero -Wduplicated-branches -Wformat-overflow=2 -Wformat-truncation=1 -Wrestrict -Warith-conversion -Wdouble-promotion -Wenum-conversion -Wunused-const-variable  -o CMakeFiles/cmTC_1e4d2.dir/CheckSymbolExists.c.o -c "/home/uhuj/skillbox_cpp/learn_cpp_tasks/out/build/GCC 11.3.0 x86_64-linux-gnu/CMakeFiles/CMakeScratch/TryCompile-D6J4s7/CheckSymbolExists.c"
/home/uhuj/skillbox_cpp/learn_cpp_tasks/out/build/GCC 11.3.0 x86_64-linux-gnu/CMakeFiles/CMakeScratch/TryCompile-D6J4s7/CheckSymbolExists.c: In function ‘main’:
/home/uhuj/skillbox_cpp/learn_cpp_tasks/out/build/GCC 11.3.0 x86_64-linux-gnu/CMakeFiles/CMakeScratch/TryCompile-D6J4s7/CheckSymbolExists.c:41:19: error: ‘memrchr’ undeclared (first use in this function); did you mean ‘memchr’?
   41 |   return ((int*)(&memrchr))[argc];
      |                   ^~~~~~~
      |                   memchr
/home/uhuj/skillbox_cpp/learn_cpp_tasks/out/build/GCC 11.3.0 x86_64-linux-gnu/CMakeFiles/CMakeScratch/TryCompile-D6J4s7/CheckSymbolExists.c:41:19: note: each undeclared identifier is reported only once for each function it appears in
/home/uhuj/skillbox_cpp/learn_cpp_tasks/out/build/GCC 11.3.0 x86_64-linux-gnu/CMakeFiles/CMakeScratch/TryCompile-D6J4s7/CheckSymbolExists.c:37:14: warning: parameter ‘argc’ set but not used [-Wunused-but-set-parameter]
   37 | int main(int argc, char** argv)
      |          ~~~~^~~~
gmake[1]: *** [CMakeFiles/cmTC_1e4d2.dir/build.make:78: CMakeFiles/cmTC_1e4d2.dir/CheckSymbolExists.c.o] Error 1
gmake[1]: Leaving directory '/home/uhuj/skillbox_cpp/learn_cpp_tasks/out/build/GCC 11.3.0 x86_64-linux-gnu/CMakeFiles/CMakeScratch/TryCompile-D6J4s7'
gmake: *** [Makefile:127: cmTC_1e4d2/fast] Error 2


File CheckSymbolExists.c:
/* */
#include <inttypes.h>
#include <sys/wait.h>
#include <sys/ioctl.h>
#include <sys/param.h>
#include <sys/poll.h>
#include <sys/resource.h>
#include <sys/select.h>
#include <sys/socket.h>
#include <sys/stat.h>
#include <sys/time.h>
#include <sys/types.h>
#include <sys/un.h>
#include <sys/xattr.h>
#include <arpa/inet.h>
#include <fcntl.h>
#include <ifaddrs.h>
#include <libgen.h>
#include <locale.h>
#include <net/if.h>
#include <netdb.h>
#include <netinet/in.h>
#include <netinet/tcp.h>
#include <netinet/udp.h>
#include <poll.h>
#include <pwd.h>
#include <stdatomic.h>
#include <stdbool.h>
#include <stdint.h>
#include <strings.h>
#include <termio.h>
#include <termios.h>
#include <unistd.h>
#include <utime.h>
#include <string.h>

int main(int argc, char** argv)
{
  (void)argv;
#ifndef memrchr
  return ((int*)(&memrchr))[argc];
#else
  (void)argc;
  return 0;
#endif
}
Determining if the closesocket exist failed with the following output:
Change Dir: /home/uhuj/skillbox_cpp/learn_cpp_tasks/out/build/GCC 11.3.0 x86_64-linux-gnu/CMakeFiles/CMakeScratch/TryCompile-usdrf5

Run Build Command(s):/usr/bin/gmake -f Makefile cmTC_1ed33/fast && /usr/bin/gmake  -f CMakeFiles/cmTC_1ed33.dir/build.make CMakeFiles/cmTC_1ed33.dir/build
gmake[1]: Entering directory '/home/uhuj/skillbox_cpp/learn_cpp_tasks/out/build/GCC 11.3.0 x86_64-linux-gnu/CMakeFiles/CMakeScratch/TryCompile-usdrf5'
Building C object CMakeFiles/cmTC_1ed33.dir/CheckSymbolExists.c.o
/usr/bin/gcc-11   -W -Wall -pedantic -Wbad-function-cast -Wconversion -Winline -Wmissing-declarations -Wmissing-prototypes -Wnested-externs -Wno-long-long -Wno-multichar -Wpointer-arith -Wshadow -Wsign-compare -Wundef -Wunused -Wwrite-strings -Wcast-align -Wdeclaration-after-statement -Wempty-body -Wendif-labels -Wfloat-equal -Wignored-qualifiers -Wno-format-nonliteral -Wno-sign-conversion -Wno-system-headers -Wstrict-prototypes -Wtype-limits -Wvla -Wmissing-parameter-type -Wold-style-declaration -Wstrict-aliasing=3 -Wformat=2 -Warray-bounds=2 -ftree-vrp -Wduplicated-cond -Wnull-dereference -fdelete-null-pointer-checks -Wshift-negative-value -Wshift-overflow=2 -Walloc-zero -Wduplicated-branches -Wformat-overflow=2 -Wformat-truncation=1 -Wrestrict -Warith-conversion -Wdouble-promotion -Wenum-conversion -Wunused-const-variable  -o CMakeFiles/cmTC_1ed33.dir/CheckSymbolExists.c.o -c "/home/uhuj/skillbox_cpp/learn_cpp_tasks/out/build/GCC 11.3.0 x86_64-linux-gnu/CMakeFiles/CMakeScratch/TryCompile-usdrf5/CheckSymbolExists.c"
/home/uhuj/skillbox_cpp/learn_cpp_tasks/out/build/GCC 11.3.0 x86_64-linux-gnu/CMakeFiles/CMakeScratch/TryCompile-usdrf5/CheckSymbolExists.c: In function ‘main’:
/home/uhuj/skillbox_cpp/learn_cpp_tasks/out/build/GCC 11.3.0 x86_64-linux-gnu/CMakeFiles/CMakeScratch/TryCompile-usdrf5/CheckSymbolExists.c:40:19: error: ‘closesocket’ undeclared (first use in this function)
   40 |   return ((int*)(&closesocket))[argc];
      |                   ^~~~~~~~~~~
/home/uhuj/skillbox_cpp/learn_cpp_tasks/out/build/GCC 11.3.0 x86_64-linux-gnu/CMakeFiles/CMakeScratch/TryCompile-usdrf5/CheckSymbolExists.c:40:19: note: each undeclared identifier is reported only once for each function it appears in
/home/uhuj/skillbox_cpp/learn_cpp_tasks/out/build/GCC 11.3.0 x86_64-linux-gnu/CMakeFiles/CMakeScratch/TryCompile-usdrf5/CheckSymbolExists.c:36:14: warning: parameter ‘argc’ set but not used [-Wunused-but-set-parameter]
   36 | int main(int argc, char** argv)
      |          ~~~~^~~~
gmake[1]: *** [CMakeFiles/cmTC_1ed33.dir/build.make:78: CMakeFiles/cmTC_1ed33.dir/CheckSymbolExists.c.o] Error 1
gmake[1]: Leaving directory '/home/uhuj/skillbox_cpp/learn_cpp_tasks/out/build/GCC 11.3.0 x86_64-linux-gnu/CMakeFiles/CMakeScratch/TryCompile-usdrf5'
gmake: *** [Makefile:127: cmTC_1ed33/fast] Error 2


File CheckSymbolExists.c:
/* */
#include <inttypes.h>
#include <sys/wait.h>
#include <sys/ioctl.h>
#include <sys/param.h>
#include <sys/poll.h>
#include <sys/resource.h>
#include <sys/select.h>
#include <sys/socket.h>
#include <sys/stat.h>
#include <sys/time.h>
#include <sys/types.h>
#include <sys/un.h>
#include <sys/xattr.h>
#include <arpa/inet.h>
#include <fcntl.h>
#include <ifaddrs.h>
#include <libgen.h>
#include <locale.h>
#include <net/if.h>
#include <netdb.h>
#include <netinet/in.h>
#include <netinet/tcp.h>
#include <netinet/udp.h>
#include <poll.h>
#include <pwd.h>
#include <stdatomic.h>
#include <stdbool.h>
#include <stdint.h>
#include <strings.h>
#include <termio.h>
#include <termios.h>
#include <unistd.h>
#include <utime.h>

int main(int argc, char** argv)
{
  (void)argv;
#ifndef closesocket
  return ((int*)(&closesocket))[argc];
#else
  (void)argc;
  return 0;
#endif
}
Determining if the getpass_r exist failed with the following output:
Change Dir: /home/uhuj/skillbox_cpp/learn_cpp_tasks/out/build/GCC 11.3.0 x86_64-linux-gnu/CMakeFiles/CMakeScratch/TryCompile-6EKiX7

Run Build Command(s):/usr/bin/gmake -f Makefile cmTC_13c84/fast && /usr/bin/gmake  -f CMakeFiles/cmTC_13c84.dir/build.make CMakeFiles/cmTC_13c84.dir/build
gmake[1]: Entering directory '/home/uhuj/skillbox_cpp/learn_cpp_tasks/out/build/GCC 11.3.0 x86_64-linux-gnu/CMakeFiles/CMakeScratch/TryCompile-6EKiX7'
Building C object CMakeFiles/cmTC_13c84.dir/CheckSymbolExists.c.o
/usr/bin/gcc-11   -W -Wall -pedantic -Wbad-function-cast -Wconversion -Winline -Wmissing-declarations -Wmissing-prototypes -Wnested-externs -Wno-long-long -Wno-multichar -Wpointer-arith -Wshadow -Wsign-compare -Wundef -Wunused -Wwrite-strings -Wcast-align -Wdeclaration-after-statement -Wempty-body -Wendif-labels -Wfloat-equal -Wignored-qualifiers -Wno-format-nonliteral -Wno-sign-conversion -Wno-system-headers -Wstrict-prototypes -Wtype-limits -Wvla -Wmissing-parameter-type -Wold-style-declaration -Wstrict-aliasing=3 -Wformat=2 -Warray-bounds=2 -ftree-vrp -Wduplicated-cond -Wnull-dereference -fdelete-null-pointer-checks -Wshift-negative-value -Wshift-overflow=2 -Walloc-zero -Wduplicated-branches -Wformat-overflow=2 -Wformat-truncation=1 -Wrestrict -Warith-conversion -Wdouble-promotion -Wenum-conversion -Wunused-const-variable  -o CMakeFiles/cmTC_13c84.dir/CheckSymbolExists.c.o -c "/home/uhuj/skillbox_cpp/learn_cpp_tasks/out/build/GCC 11.3.0 x86_64-linux-gnu/CMakeFiles/CMakeScratch/TryCompile-6EKiX7/CheckSymbolExists.c"
/home/uhuj/skillbox_cpp/learn_cpp_tasks/out/build/GCC 11.3.0 x86_64-linux-gnu/CMakeFiles/CMakeScratch/TryCompile-6EKiX7/CheckSymbolExists.c: In function ‘main’:
/home/uhuj/skillbox_cpp/learn_cpp_tasks/out/build/GCC 11.3.0 x86_64-linux-gnu/CMakeFiles/CMakeScratch/TryCompile-6EKiX7/CheckSymbolExists.c:40:19: error: ‘getpass_r’ undeclared (first use in this function); did you mean ‘getpass’?
   40 |   return ((int*)(&getpass_r))[argc];
      |                   ^~~~~~~~~
      |                   getpass
/home/uhuj/skillbox_cpp/learn_cpp_tasks/out/build/GCC 11.3.0 x86_64-linux-gnu/CMakeFiles/CMakeScratch/TryCompile-6EKiX7/CheckSymbolExists.c:40:19: note: each undeclared identifier is reported only once for each function it appears in
/home/uhuj/skillbox_cpp/learn_cpp_tasks/out/build/GCC 11.3.0 x86_64-linux-gnu/CMakeFiles/CMakeScratch/TryCompile-6EKiX7/CheckSymbolExists.c:36:14: warning: parameter ‘argc’ set but not used [-Wunused-but-set-parameter]
   36 | int main(int argc, char** argv)
      |          ~~~~^~~~
gmake[1]: *** [CMakeFiles/cmTC_13c84.dir/build.make:78: CMakeFiles/cmTC_13c84.dir/CheckSymbolExists.c.o] Error 1
gmake[1]: Leaving directory '/home/uhuj/skillbox_cpp/learn_cpp_tasks/out/build/GCC 11.3.0 x86_64-linux-gnu/CMakeFiles/CMakeScratch/TryCompile-6EKiX7'
gmake: *** [Makefile:127: cmTC_13c84/fast] Error 2


File CheckSymbolExists.c:
/* */
#include <inttypes.h>
#include <sys/wait.h>
#include <sys/ioctl.h>
#include <sys/param.h>
#include <sys/poll.h>
#include <sys/resource.h>
#include <sys/select.h>
#include <sys/socket.h>
#include <sys/stat.h>
#include <sys/time.h>
#include <sys/types.h>
#include <sys/un.h>
#include <sys/xattr.h>
#include <arpa/inet.h>
#include <fcntl.h>
#include <ifaddrs.h>
#include <libgen.h>
#include <locale.h>
#include <net/if.h>
#include <netdb.h>
#include <netinet/in.h>
#include <netinet/tcp.h>
#include <netinet/udp.h>
#include <poll.h>
#include <pwd.h>
#include <stdatomic.h>
#include <stdbool.h>
#include <stdint.h>
#include <strings.h>
#include <termio.h>
#include <termios.h>
#include <unistd.h>
#include <utime.h>

int main(int argc, char** argv)
{
  (void)argv;
#ifndef getpass_r
  return ((int*)(&getpass_r))[argc];
#else
  (void)argc;
  return 0;
#endif
}
Determining if the _fseeki64 exist failed with the following output:
Change Dir: /home/uhuj/skillbox_cpp/learn_cpp_tasks/out/build/GCC 11.3.0 x86_64-linux-gnu/CMakeFiles/CMakeScratch/TryCompile-ZHGVQ9

Run Build Command(s):/usr/bin/gmake -f Makefile cmTC_a6a68/fast && /usr/bin/gmake  -f CMakeFiles/cmTC_a6a68.dir/build.make CMakeFiles/cmTC_a6a68.dir/build
gmake[1]: Entering directory '/home/uhuj/skillbox_cpp/learn_cpp_tasks/out/build/GCC 11.3.0 x86_64-linux-gnu/CMakeFiles/CMakeScratch/TryCompile-ZHGVQ9'
Building C object CMakeFiles/cmTC_a6a68.dir/CheckSymbolExists.c.o
/usr/bin/gcc-11   -W -Wall -pedantic -Wbad-function-cast -Wconversion -Winline -Wmissing-declarations -Wmissing-prototypes -Wnested-externs -Wno-long-long -Wno-multichar -Wpointer-arith -Wshadow -Wsign-compare -Wundef -Wunused -Wwrite-strings -Wcast-align -Wdeclaration-after-statement -Wempty-body -Wendif-labels -Wfloat-equal -Wignored-qualifiers -Wno-format-nonliteral -Wno-sign-conversion -Wno-system-headers -Wstrict-prototypes -Wtype-limits -Wvla -Wmissing-parameter-type -Wold-style-declaration -Wstrict-aliasing=3 -Wformat=2 -Warray-bounds=2 -ftree-vrp -Wduplicated-cond -Wnull-dereference -fdelete-null-pointer-checks -Wshift-negative-value -Wshift-overflow=2 -Walloc-zero -Wduplicated-branches -Wformat-overflow=2 -Wformat-truncation=1 -Wrestrict -Warith-conversion -Wdouble-promotion -Wenum-conversion -Wunused-const-variable  -o CMakeFiles/cmTC_a6a68.dir/CheckSymbolExists.c.o -c "/home/uhuj/skillbox_cpp/learn_cpp_tasks/out/build/GCC 11.3.0 x86_64-linux-gnu/CMakeFiles/CMakeScratch/TryCompile-ZHGVQ9/CheckSymbolExists.c"
/home/uhuj/skillbox_cpp/learn_cpp_tasks/out/build/GCC 11.3.0 x86_64-linux-gnu/CMakeFiles/CMakeScratch/TryCompile-ZHGVQ9/CheckSymbolExists.c: In function ‘main’:
/home/uhuj/skillbox_cpp/learn_cpp_tasks/out/build/GCC 11.3.0 x86_64-linux-gnu/CMakeFiles/CMakeScratch/TryCompile-ZHGVQ9/CheckSymbolExists.c:41:19: error: ‘_fseeki64’ undeclared (first use in this function)
   41 |   return ((int*)(&_fseeki64))[argc];
      |                   ^~~~~~~~~
/home/uhuj/skillbox_cpp/learn_cpp_tasks/out/build/GCC 11.3.0 x86_64-linux-gnu/CMakeFiles/CMakeScratch/TryCompile-ZHGVQ9/CheckSymbolExists.c:41:19: note: each undeclared identifier is reported only once for each function it appears in
/home/uhuj/skillbox_cpp/learn_cpp_tasks/out/build/GCC 11.3.0 x86_64-linux-gnu/CMakeFiles/CMakeScratch/TryCompile-ZHGVQ9/CheckSymbolExists.c:37:14: warning: parameter ‘argc’ set but not used [-Wunused-but-set-parameter]
   37 | int main(int argc, char** argv)
      |          ~~~~^~~~
gmake[1]: *** [CMakeFiles/cmTC_a6a68.dir/build.make:78: CMakeFiles/cmTC_a6a68.dir/CheckSymbolExists.c.o] Error 1
gmake[1]: Leaving directory '/home/uhuj/skillbox_cpp/learn_cpp_tasks/out/build/GCC 11.3.0 x86_64-linux-gnu/CMakeFiles/CMakeScratch/TryCompile-ZHGVQ9'
gmake: *** [Makefile:127: cmTC_a6a68/fast] Error 2


File CheckSymbolExists.c:
/* */
#include <inttypes.h>
#include <sys/wait.h>
#include <sys/ioctl.h>
#include <sys/param.h>
#include <sys/poll.h>
#include <sys/resource.h>
#include <sys/select.h>
#include <sys/socket.h>
#include <sys/stat.h>
#include <sys/time.h>
#include <sys/types.h>
#include <sys/un.h>
#include <sys/xattr.h>
#include <arpa/inet.h>
#include <fcntl.h>
#include <ifaddrs.h>
#include <libgen.h>
#include <locale.h>
#include <net/if.h>
#include <netdb.h>
#include <netinet/in.h>
#include <netinet/tcp.h>
#include <netinet/udp.h>
#include <poll.h>
#include <pwd.h>
#include <stdatomic.h>
#include <stdbool.h>
#include <stdint.h>
#include <strings.h>
#include <termio.h>
#include <termios.h>
#include <unistd.h>
#include <utime.h>
#include <stdio.h>

int main(int argc, char** argv)
{
  (void)argv;
#ifndef _fseeki64
  return ((int*)(&_fseeki64))[argc];
#else
  (void)argc;
  return 0;
#endif
}
Determining if the setmode exist failed with the following output:
Change Dir: /home/uhuj/skillbox_cpp/learn_cpp_tasks/out/build/GCC 11.3.0 x86_64-linux-gnu/CMakeFiles/CMakeScratch/TryCompile-iinLGv

Run Build Command(s):/usr/bin/gmake -f Makefile cmTC_14e50/fast && /usr/bin/gmake  -f CMakeFiles/cmTC_14e50.dir/build.make CMakeFiles/cmTC_14e50.dir/build
gmake[1]: Entering directory '/home/uhuj/skillbox_cpp/learn_cpp_tasks/out/build/GCC 11.3.0 x86_64-linux-gnu/CMakeFiles/CMakeScratch/TryCompile-iinLGv'
Building C object CMakeFiles/cmTC_14e50.dir/CheckSymbolExists.c.o
/usr/bin/gcc-11   -W -Wall -pedantic -Wbad-function-cast -Wconversion -Winline -Wmissing-declarations -Wmissing-prototypes -Wnested-externs -Wno-long-long -Wno-multichar -Wpointer-arith -Wshadow -Wsign-compare -Wundef -Wunused -Wwrite-strings -Wcast-align -Wdeclaration-after-statement -Wempty-body -Wendif-labels -Wfloat-equal -Wignored-qualifiers -Wno-format-nonliteral -Wno-sign-conversion -Wno-system-headers -Wstrict-prototypes -Wtype-limits -Wvla -Wmissing-parameter-type -Wold-style-declaration -Wstrict-aliasing=3 -Wformat=2 -Warray-bounds=2 -ftree-vrp -Wduplicated-cond -Wnull-dereference -fdelete-null-pointer-checks -Wshift-negative-value -Wshift-overflow=2 -Walloc-zero -Wduplicated-branches -Wformat-overflow=2 -Wformat-truncation=1 -Wrestrict -Warith-conversion -Wdouble-promotion -Wenum-conversion -Wunused-const-variable  -o CMakeFiles/cmTC_14e50.dir/CheckSymbolExists.c.o -c "/home/uhuj/skillbox_cpp/learn_cpp_tasks/out/build/GCC 11.3.0 x86_64-linux-gnu/CMakeFiles/CMakeScratch/TryCompile-iinLGv/CheckSymbolExists.c"
/home/uhuj/skillbox_cpp/learn_cpp_tasks/out/build/GCC 11.3.0 x86_64-linux-gnu/CMakeFiles/CMakeScratch/TryCompile-iinLGv/CheckSymbolExists.c: In function ‘main’:
/home/uhuj/skillbox_cpp/learn_cpp_tasks/out/build/GCC 11.3.0 x86_64-linux-gnu/CMakeFiles/CMakeScratch/TryCompile-iinLGv/CheckSymbolExists.c:40:19: error: ‘setmode’ undeclared (first use in this function)
   40 |   return ((int*)(&setmode))[argc];
      |                   ^~~~~~~
/home/uhuj/skillbox_cpp/learn_cpp_tasks/out/build/GCC 11.3.0 x86_64-linux-gnu/CMakeFiles/CMakeScratch/TryCompile-iinLGv/CheckSymbolExists.c:40:19: note: each undeclared identifier is reported only once for each function it appears in
/home/uhuj/skillbox_cpp/learn_cpp_tasks/out/build/GCC 11.3.0 x86_64-linux-gnu/CMakeFiles/CMakeScratch/TryCompile-iinLGv/CheckSymbolExists.c:36:14: warning: parameter ‘argc’ set but not used [-Wunused-but-set-parameter]
   36 | int main(int argc, char** argv)
      |          ~~~~^~~~
gmake[1]: *** [CMakeFiles/cmTC_14e50.dir/build.make:78: CMakeFiles/cmTC_14e50.dir/CheckSymbolExists.c.o] Error 1
gmake[1]: Leaving directory '/home/uhuj/skillbox_cpp/learn_cpp_tasks/out/build/GCC 11.3.0 x86_64-linux-gnu/CMakeFiles/CMakeScratch/TryCompile-iinLGv'
gmake: *** [Makefile:127: cmTC_14e50/fast] Error 2


File CheckSymbolExists.c:
/* */
#include <inttypes.h>
#include <sys/wait.h>
#include <sys/ioctl.h>
#include <sys/param.h>
#include <sys/poll.h>
#include <sys/resource.h>
#include <sys/select.h>
#include <sys/socket.h>
#include <sys/stat.h>
#include <sys/time.h>
#include <sys/types.h>
#include <sys/un.h>
#include <sys/xattr.h>
#include <arpa/inet.h>
#include <fcntl.h>
#include <ifaddrs.h>
#include <libgen.h>
#include <locale.h>
#include <net/if.h>
#include <netdb.h>
#include <netinet/in.h>
#include <netinet/tcp.h>
#include <netinet/udp.h>
#include <poll.h>
#include <pwd.h>
#include <stdatomic.h>
#include <stdbool.h>
#include <stdint.h>
#include <strings.h>
#include <termio.h>
#include <termios.h>
#include <unistd.h>
#include <utime.h>

int main(int argc, char** argv)
{
  (void)argv;
#ifndef setmode
  return ((int*)(&setmode))[argc];
#else
  (void)argc;
  return 0;
#endif
}
Determining if the function mach_absolute_time exists failed with the following output:
Change Dir: /home/uhuj/skillbox_cpp/learn_cpp_tasks/out/build/GCC 11.3.0 x86_64-linux-gnu/CMakeFiles/CMakeScratch/TryCompile-cBVnWQ

Run Build Command(s):/usr/bin/gmake -f Makefile cmTC_98324/fast && /usr/bin/gmake  -f CMakeFiles/cmTC_98324.dir/build.make CMakeFiles/cmTC_98324.dir/build
gmake[1]: Entering directory '/home/uhuj/skillbox_cpp/learn_cpp_tasks/out/build/GCC 11.3.0 x86_64-linux-gnu/CMakeFiles/CMakeScratch/TryCompile-cBVnWQ'
Building C object CMakeFiles/cmTC_98324.dir/CheckFunctionExists.c.o
/usr/bin/gcc-11   -W -Wall -pedantic -Wbad-function-cast -Wconversion -Winline -Wmissing-declarations -Wmissing-prototypes -Wnested-externs -Wno-long-long -Wno-multichar -Wpointer-arith -Wshadow -Wsign-compare -Wundef -Wunused -Wwrite-strings -Wcast-align -Wdeclaration-after-statement -Wempty-body -Wendif-labels -Wfloat-equal -Wignored-qualifiers -Wno-format-nonliteral -Wno-sign-conversion -Wno-system-headers -Wstrict-prototypes -Wtype-limits -Wvla -Wmissing-parameter-type -Wold-style-declaration -Wstrict-aliasing=3 -Wformat=2 -Warray-bounds=2 -ftree-vrp -Wduplicated-cond -Wnull-dereference -fdelete-null-pointer-checks -Wshift-negative-value -Wshift-overflow=2 -Walloc-zero -Wduplicated-branches -Wformat-overflow=2 -Wformat-truncation=1 -Wrestrict -Warith-conversion -Wdouble-promotion -Wenum-conversion -Wunused-const-variable -DCHECK_FUNCTION_EXISTS=mach_absolute_time -o CMakeFiles/cmTC_98324.dir/CheckFunctionExists.c.o -c "/home/uhuj/skillbox_cpp/learn_cpp_tasks/out/build/GCC 11.3.0 x86_64-linux-gnu/CMakeFiles/CMakeScratch/TryCompile-cBVnWQ/CheckFunctionExists.c"
Linking C executable cmTC_98324
/usr/bin/cmake -E cmake_link_script CMakeFiles/cmTC_98324.dir/link.txt --verbose=1
/usr/bin/gcc-11   -W -Wall -pedantic -Wbad-function-cast -Wconversion -Winline -Wmissing-declarations -Wmissing-prototypes -Wnested-externs -Wno-long-long -Wno-multichar -Wpointer-arith -Wshadow -Wsign-compare -Wundef -Wunused -Wwrite-strings -Wcast-align -Wdeclaration-after-statement -Wempty-body -Wendif-labels -Wfloat-equal -Wignored-qualifiers -Wno-format-nonliteral -Wno-sign-conversion -Wno-system-headers -Wstrict-prototypes -Wtype-limits -Wvla -Wmissing-parameter-type -Wold-style-declaration -Wstrict-aliasing=3 -Wformat=2 -Warray-bounds=2 -ftree-vrp -Wduplicated-cond -Wnull-dereference -fdelete-null-pointer-checks -Wshift-negative-value -Wshift-overflow=2 -Walloc-zero -Wduplicated-branches -Wformat-overflow=2 -Wformat-truncation=1 -Wrestrict -Warith-conversion -Wdouble-promotion -Wenum-conversion -Wunused-const-variable -DCHECK_FUNCTION_EXISTS=mach_absolute_time CMakeFiles/cmTC_98324.dir/CheckFunctionExists.c.o -o cmTC_98324 
/usr/bin/ld: CMakeFiles/cmTC_98324.dir/CheckFunctionExists.c.o: in function `main':
CheckFunctionExists.c:(.text+0x10): undefined reference to `mach_absolute_time'
collect2: error: ld returned 1 exit status
gmake[1]: *** [CMakeFiles/cmTC_98324.dir/build.make:99: cmTC_98324] Error 1
gmake[1]: Leaving directory '/home/uhuj/skillbox_cpp/learn_cpp_tasks/out/build/GCC 11.3.0 x86_64-linux-gnu/CMakeFiles/CMakeScratch/TryCompile-cBVnWQ'
gmake: *** [Makefile:127: cmTC_98324/fast] Error 2



Performing Curl Test HAVE_FSETXATTR_6 failed with the following output:
Change Dir: /home/uhuj/skillbox_cpp/learn_cpp_tasks/out/build/GCC 11.3.0 x86_64-linux-gnu/CMakeFiles/CMakeTmp

Run Build Command(s):/usr/bin/gmake -f Makefile cmTC_e454a/fast && /usr/bin/gmake  -f CMakeFiles/cmTC_e454a.dir/build.make CMakeFiles/cmTC_e454a.dir/build
gmake[1]: Entering directory '/home/uhuj/skillbox_cpp/learn_cpp_tasks/out/build/GCC 11.3.0 x86_64-linux-gnu/CMakeFiles/CMakeTmp'
Building C object CMakeFiles/cmTC_e454a.dir/CurlTests.c.o
/usr/bin/gcc-11   -W -Wall -pedantic -Wbad-function-cast -Wconversion -Winline -Wmissing-declarations -Wmissing-prototypes -Wnested-externs -Wno-long-long -Wno-multichar -Wpointer-arith -Wshadow -Wsign-compare -Wundef -Wunused -Wwrite-strings -Wcast-align -Wdeclaration-after-statement -Wempty-body -Wendif-labels -Wfloat-equal -Wignored-qualifiers -Wno-format-nonliteral -Wno-sign-conversion -Wno-system-headers -Wstrict-prototypes -Wtype-limits -Wvla -Wmissing-parameter-type -Wold-style-declaration -Wstrict-aliasing=3 -Wformat=2 -Warray-bounds=2 -ftree-vrp -Wduplicated-cond -Wnull-dereference -fdelete-null-pointer-checks -Wshift-negative-value -Wshift-overflow=2 -Walloc-zero -Wduplicated-branches -Wformat-overflow=2 -Wformat-truncation=1 -Wrestrict -Warith-conversion -Wdouble-promotion -Wenum-conversion -Wunused-const-variable -DHAVE_FSETXATTR_6  -DHAVE_INTTYPES_H -DHAVE_SYS_WAIT_H -DHAVE_SYS_IOCTL_H -DHAVE_SYS_PARAM_H -DHAVE_SYS_POLL_H -DHAVE_SYS_RESOURCE_H -DHAVE_SYS_SELECT_H -DHAVE_SYS_SOCKET_H -DHAVE_SYS_STAT_H -DHAVE_SYS_TIME_H -DHAVE_SYS_TYPES_H -DHAVE_SYS_UN_H -DHAVE_SYS_XATTR_H -DHAVE_ARPA_INET_H -DHAVE_FCNTL_H -DHAVE_IFADDRS_H -DHAVE_LIBGEN_H -DHAVE_LOCALE_H -DHAVE_NET_IF_H -DHAVE_NETDB_H -DHAVE_NETINET_IN_H -DHAVE_NETINET_TCP_H -DHAVE_NETINET_UDP_H -DHAVE_POLL_H -DHAVE_PWD_H -DHAVE_STDATOMIC_H -DHAVE_STDBOOL_H -DHAVE_STDINT_H -DHAVE_STRINGS_H -DHAVE_TERMIO_H -DHAVE_TERMIOS_H -DHAVE_UNISTD_H -DHAVE_UTIME_H -o CMakeFiles/cmTC_e454a.dir/CurlTests.c.o -c "/home/uhuj/skillbox_cpp/learn_cpp_tasks/out/build/GCC 11.3.0 x86_64-linux-gnu/_deps/curl-src/CMake/CurlTests.c"
/home/uhuj/skillbox_cpp/learn_cpp_tasks/out/build/GCC 11.3.0 x86_64-linux-gnu/_deps/curl-src/CMake/CurlTests.c:405:1: warning: function declaration isn’t a prototype [-Wstrict-prototypes]
  405 | main() {
      | ^~~~
/home/uhuj/skillbox_cpp/learn_cpp_tasks/out/build/GCC 11.3.0 x86_64-linux-gnu/_deps/curl-src/CMake/CurlTests.c: In function ‘main’:
/home/uhuj/skillbox_cpp/learn_cpp_tasks/out/build/GCC 11.3.0 x86_64-linux-gnu/_deps/curl-src/CMake/CurlTests.c:406:3: error: too many arguments to function ‘fsetxattr’
  406 |   fsetxattr(0, 0, 0, 0, 0, 0);
      |   ^~~~~~~~~
In file included from /home/uhuj/skillbox_cpp/learn_cpp_tasks/out/build/GCC 11.3.0 x86_64-linux-gnu/_deps/curl-src/CMake/CurlTests.c:403:
/usr/include/x86_64-linux-gnu/sys/xattr.h:54:12: note: declared here
   54 | extern int fsetxattr (int __fd, const char *__name, const void *__value,
      |            ^~~~~~~~~
gmake[1]: *** [CMakeFiles/cmTC_e454a.dir/build.make:78: CMakeFiles/cmTC_e454a.dir/CurlTests.c.o] Error 1
gmake[1]: Leaving directory '/home/uhuj/skillbox_cpp/learn_cpp_tasks/out/build/GCC 11.3.0 x86_64-linux-gnu/CMakeFiles/CMakeTmp'
gmake: *** [Makefile:127: cmTC_e454a/fast] Error 2


Determining size of ADDRESS_FAMILY failed with the following output:
Change Dir: /home/uhuj/skillbox_cpp/learn_cpp_tasks/out/build/GCC 11.3.0 x86_64-linux-gnu/CMakeFiles/CMakeScratch/TryCompile-HEgqC9

Run Build Command(s):/usr/bin/gmake -f Makefile cmTC_36112/fast && /usr/bin/gmake  -f CMakeFiles/cmTC_36112.dir/build.make CMakeFiles/cmTC_36112.dir/build
gmake[1]: Entering directory '/home/uhuj/skillbox_cpp/learn_cpp_tasks/out/build/GCC 11.3.0 x86_64-linux-gnu/CMakeFiles/CMakeScratch/TryCompile-HEgqC9'
Building C object CMakeFiles/cmTC_36112.dir/SIZEOF_ADDRESS_FAMILY.c.o
/usr/bin/gcc-11   -W -Wall -pedantic -Wbad-function-cast -Wconversion -Winline -Wmissing-declarations -Wmissing-prototypes -Wnested-externs -Wno-long-long -Wno-multichar -Wpointer-arith -Wshadow -Wsign-compare -Wundef -Wunused -Wwrite-strings -Wcast-align -Wdeclaration-after-statement -Wempty-body -Wendif-labels -Wfloat-equal -Wignored-qualifiers -Wno-format-nonliteral -Wno-sign-conversion -Wno-system-headers -Wstrict-prototypes -Wtype-limits -Wvla -Wmissing-parameter-type -Wold-style-declaration -Wstrict-aliasing=3 -Wformat=2 -Warray-bounds=2 -ftree-vrp -Wduplicated-cond -Wnull-dereference -fdelete-null-pointer-checks -Wshift-negative-value -Wshift-overflow=2 -Walloc-zero -Wduplicated-branches -Wformat-overflow=2 -Wformat-truncation=1 -Wrestrict -Warith-conversion -Wdouble-promotion -Wenum-conversion -Wunused-const-variable  -o CMakeFiles/cmTC_36112.dir/SIZEOF_ADDRESS_FAMILY.c.o -c "/home/uhuj/skillbox_cpp/learn_cpp_tasks/out/build/GCC 11.3.0 x86_64-linux-gnu/CMakeFiles/CMakeScratch/TryCompile-HEgqC9/SIZEOF_ADDRESS_FAMILY.c"
/home/uhuj/skillbox_cpp/learn_cpp_tasks/out/build/GCC 11.3.0 x86_64-linux-gnu/CMakeFiles/CMakeScratch/TryCompile-HEgqC9/SIZEOF_ADDRESS_FAMILY.c:4:10: fatal error: ws2def.h: No such file or directory
    4 | #include "ws2def.h"
      |          ^~~~~~~~~~
compilation terminated.
gmake[1]: *** [CMakeFiles/cmTC_36112.dir/build.make:78: CMakeFiles/cmTC_36112.dir/SIZEOF_ADDRESS_FAMILY.c.o] Error 1
gmake[1]: Leaving directory '/home/uhuj/skillbox_cpp/learn_cpp_tasks/out/build/GCC 11.3.0 x86_64-linux-gnu/CMakeFiles/CMakeScratch/TryCompile-HEgqC9'
gmake: *** [Makefile:127: cmTC_36112/fast] Error 2


SIZEOF_ADDRESS_FAMILY.c:
#include <sys/types.h>
#include <stdint.h>
#include <stddef.h>
#include "ws2def.h"


#undef KEY
#if defined(__i386)
# define KEY '_','_','i','3','8','6'
#elif defined(__x86_64)
# define KEY '_','_','x','8','6','_','6','4'
#elif defined(__PPC64__)
# define KEY '_','_','P','P','C','6','4','_','_'
#elif defined(__ppc64__)
# define KEY '_','_','p','p','c','6','4','_','_'
#elif defined(__PPC__)
# define KEY '_','_','P','P','C','_','_'
#elif defined(__ppc__)
# define KEY '_','_','p','p','c','_','_'
#elif defined(__aarch64__)
# define KEY '_','_','a','a','r','c','h','6','4','_','_'
#elif defined(__ARM_ARCH_7A__)
# define KEY '_','_','A','R','M','_','A','R','C','H','_','7','A','_','_'
#elif defined(__ARM_ARCH_7S__)
# define KEY '_','_','A','R','M','_','A','R','C','H','_','7','S','_','_'
#endif

#define SIZE (sizeof(ADDRESS_FAMILY))
static char info_size[] =  {'I', 'N', 'F', 'O', ':', 's','i','z','e','[',
  ('0' + ((SIZE / 10000)%10)),
  ('0' + ((SIZE / 1000)%10)),
  ('0' + ((SIZE / 100)%10)),
  ('0' + ((SIZE / 10)%10)),
  ('0' +  (SIZE    % 10)),
  ']',
#ifdef KEY
  ' ','k','e','y','[', KEY, ']',
#endif
  '\0'};

#ifdef __CLASSIC_C__
int main(argc, argv) int argc; char *argv[];
#else
int main(int argc, char *argv[])
#endif
{
  int require = 0;
  require += info_size[argc];
  (void)argv;
  return require;
}


Performing Curl Test HAVE_IOCTLSOCKET failed with the following output:
Change Dir: /home/uhuj/skillbox_cpp/learn_cpp_tasks/out/build/GCC 11.3.0 x86_64-linux-gnu/CMakeFiles/CMakeTmp

Run Build Command(s):/usr/bin/gmake -f Makefile cmTC_d6a2b/fast && /usr/bin/gmake  -f CMakeFiles/cmTC_d6a2b.dir/build.make CMakeFiles/cmTC_d6a2b.dir/build
gmake[1]: Entering directory '/home/uhuj/skillbox_cpp/learn_cpp_tasks/out/build/GCC 11.3.0 x86_64-linux-gnu/CMakeFiles/CMakeTmp'
Building C object CMakeFiles/cmTC_d6a2b.dir/CurlTests.c.o
/usr/bin/gcc-11   -W -Wall -pedantic -Wbad-function-cast -Wconversion -Winline -Wmissing-declarations -Wmissing-prototypes -Wnested-externs -Wno-long-long -Wno-multichar -Wpointer-arith -Wshadow -Wsign-compare -Wundef -Wunused -Wwrite-strings -Wcast-align -Wdeclaration-after-statement -Wempty-body -Wendif-labels -Wfloat-equal -Wignored-qualifiers -Wno-format-nonliteral -Wno-sign-conversion -Wno-system-headers -Wstrict-prototypes -Wtype-limits -Wvla -Wmissing-parameter-type -Wold-style-declaration -Wstrict-aliasing=3 -Wformat=2 -Warray-bounds=2 -ftree-vrp -Wduplicated-cond -Wnull-dereference -fdelete-null-pointer-checks -Wshift-negative-value -Wshift-overflow=2 -Walloc-zero -Wduplicated-branches -Wformat-overflow=2 -Wformat-truncation=1 -Wrestrict -Warith-conversion -Wdouble-promotion -Wenum-conversion -Wunused-const-variable -DHAVE_IOCTLSOCKET  -DHAVE_INTTYPES_H -DHAVE_SYS_WAIT_H -DHAVE_SYS_IOCTL_H -DHAVE_SYS_PARAM_H -DHAVE_SYS_POLL_H -DHAVE_SYS_RESOURCE_H -DHAVE_SYS_SELECT_H -DHAVE_SYS_SOCKET_H -DHAVE_SYS_STAT_H -DHAVE_SYS_TIME_H -DHAVE_SYS_TYPES_H -DHAVE_SYS_UN_H -DHAVE_SYS_XATTR_H -DHAVE_ARPA_INET_H -DHAVE_FCNTL_H -DHAVE_IFADDRS_H -DHAVE_LIBGEN_H -DHAVE_LOCALE_H -DHAVE_NET_IF_H -DHAVE_NETDB_H -DHAVE_NETINET_IN_H -DHAVE_NETINET_TCP_H -DHAVE_NETINET_UDP_H -DHAVE_POLL_H -DHAVE_PWD_H -DHAVE_STDATOMIC_H -DHAVE_STDBOOL_H -DHAVE_STDINT_H -DHAVE_STRINGS_H -DHAVE_TERMIO_H -DHAVE_TERMIOS_H -DHAVE_UNISTD_H -DHAVE_UTIME_H -o CMakeFiles/cmTC_d6a2b.dir/CurlTests.c.o -c "/home/uhuj/skillbox_cpp/learn_cpp_tasks/out/build/GCC 11.3.0 x86_64-linux-gnu/_deps/curl-src/CMake/CurlTests.c"
/home/uhuj/skillbox_cpp/learn_cpp_tasks/out/build/GCC 11.3.0 x86_64-linux-gnu/_deps/curl-src/CMake/CurlTests.c:199:1: warning: function declaration isn’t a prototype [-Wstrict-prototypes]
  199 | main ()
      | ^~~~
/home/uhuj/skillbox_cpp/learn_cpp_tasks/out/build/GCC 11.3.0 x86_64-linux-gnu/_deps/curl-src/CMake/CurlTests.c: In function ‘main’:
/home/uhuj/skillbox_cpp/learn_cpp_tasks/out/build/GCC 11.3.0 x86_64-linux-gnu/_deps/curl-src/CMake/CurlTests.c:204:24: warning: implicit declaration of function ‘ioctlsocket’ [-Wimplicit-function-declaration]
  204 |  unsigned long flags = ioctlsocket(socket, FIONBIO, &flags);
      |                        ^~~~~~~~~~~
/home/uhuj/skillbox_cpp/learn_cpp_tasks/out/build/GCC 11.3.0 x86_64-linux-gnu/_deps/curl-src/CMake/CurlTests.c:204:24: warning: nested extern declaration of ‘ioctlsocket’ [-Wnested-externs]
/home/uhuj/skillbox_cpp/learn_cpp_tasks/out/build/GCC 11.3.0 x86_64-linux-gnu/_deps/curl-src/CMake/CurlTests.c:204:44: error: ‘FIONBIO’ undeclared (first use in this function)
  204 |  unsigned long flags = ioctlsocket(socket, FIONBIO, &flags);
      |                                            ^~~~~~~
/home/uhuj/skillbox_cpp/learn_cpp_tasks/out/build/GCC 11.3.0 x86_64-linux-gnu/_deps/curl-src/CMake/CurlTests.c:204:44: note: each undeclared identifier is reported only once for each function it appears in
gmake[1]: *** [CMakeFiles/cmTC_d6a2b.dir/build.make:78: CMakeFiles/cmTC_d6a2b.dir/CurlTests.c.o] Error 1
gmake[1]: Leaving directory '/home/uhuj/skillbox_cpp/learn_cpp_tasks/out/build/GCC 11.3.0 x86_64-linux-gnu/CMakeFiles/CMakeTmp'
gmake: *** [Makefile:127: cmTC_d6a2b/fast] Error 2


Performing Curl Test HAVE_IOCTLSOCKET_CAMEL failed with the following output:
Change Dir: /home/uhuj/skillbox_cpp/learn_cpp_tasks/out/build/GCC 11.3.0 x86_64-linux-gnu/CMakeFiles/CMakeTmp

Run Build Command(s):/usr/bin/gmake -f Makefile cmTC_aab40/fast && /usr/bin/gmake  -f CMakeFiles/cmTC_aab40.dir/build.make CMakeFiles/cmTC_aab40.dir/build
gmake[1]: Entering directory '/home/uhuj/skillbox_cpp/learn_cpp_tasks/out/build/GCC 11.3.0 x86_64-linux-gnu/CMakeFiles/CMakeTmp'
Building C object CMakeFiles/cmTC_aab40.dir/CurlTests.c.o
/usr/bin/gcc-11   -W -Wall -pedantic -Wbad-function-cast -Wconversion -Winline -Wmissing-declarations -Wmissing-prototypes -Wnested-externs -Wno-long-long -Wno-multichar -Wpointer-arith -Wshadow -Wsign-compare -Wundef -Wunused -Wwrite-strings -Wcast-align -Wdeclaration-after-statement -Wempty-body -Wendif-labels -Wfloat-equal -Wignored-qualifiers -Wno-format-nonliteral -Wno-sign-conversion -Wno-system-headers -Wstrict-prototypes -Wtype-limits -Wvla -Wmissing-parameter-type -Wold-style-declaration -Wstrict-aliasing=3 -Wformat=2 -Warray-bounds=2 -ftree-vrp -Wduplicated-cond -Wnull-dereference -fdelete-null-pointer-checks -Wshift-negative-value -Wshift-overflow=2 -Walloc-zero -Wduplicated-branches -Wformat-overflow=2 -Wformat-truncation=1 -Wrestrict -Warith-conversion -Wdouble-promotion -Wenum-conversion -Wunused-const-variable -DHAVE_IOCTLSOCKET_CAMEL  -DHAVE_INTTYPES_H -DHAVE_SYS_WAIT_H -DHAVE_SYS_IOCTL_H -DHAVE_SYS_PARAM_H -DHAVE_SYS_POLL_H -DHAVE_SYS_RESOURCE_H -DHAVE_SYS_SELECT_H -DHAVE_SYS_SOCKET_H -DHAVE_SYS_STAT_H -DHAVE_SYS_TIME_H -DHAVE_SYS_TYPES_H -DHAVE_SYS_UN_H -DHAVE_SYS_XATTR_H -DHAVE_ARPA_INET_H -DHAVE_FCNTL_H -DHAVE_IFADDRS_H -DHAVE_LIBGEN_H -DHAVE_LOCALE_H -DHAVE_NET_IF_H -DHAVE_NETDB_H -DHAVE_NETINET_IN_H -DHAVE_NETINET_TCP_H -DHAVE_NETINET_UDP_H -DHAVE_POLL_H -DHAVE_PWD_H -DHAVE_STDATOMIC_H -DHAVE_STDBOOL_H -DHAVE_STDINT_H -DHAVE_STRINGS_H -DHAVE_TERMIO_H -DHAVE_TERMIOS_H -DHAVE_UNISTD_H -DHAVE_UTIME_H -o CMakeFiles/cmTC_aab40.dir/CurlTests.c.o -c "/home/uhuj/skillbox_cpp/learn_cpp_tasks/out/build/GCC 11.3.0 x86_64-linux-gnu/_deps/curl-src/CMake/CurlTests.c"
/home/uhuj/skillbox_cpp/learn_cpp_tasks/out/build/GCC 11.3.0 x86_64-linux-gnu/_deps/curl-src/CMake/CurlTests.c:224:1: warning: function declaration isn’t a prototype [-Wstrict-prototypes]
  224 | main ()
      | ^~~~
/home/uhuj/skillbox_cpp/learn_cpp_tasks/out/build/GCC 11.3.0 x86_64-linux-gnu/_deps/curl-src/CMake/CurlTests.c: In function ‘main’:
/home/uhuj/skillbox_cpp/learn_cpp_tasks/out/build/GCC 11.3.0 x86_64-linux-gnu/_deps/curl-src/CMake/CurlTests.c:228:13: warning: implicit declaration of function ‘IoctlSocket’ [-Wimplicit-function-declaration]
  228 |     if(0 != IoctlSocket(0, 0, 0))
      |             ^~~~~~~~~~~
/home/uhuj/skillbox_cpp/learn_cpp_tasks/out/build/GCC 11.3.0 x86_64-linux-gnu/_deps/curl-src/CMake/CurlTests.c:228:13: warning: nested extern declaration of ‘IoctlSocket’ [-Wnested-externs]
Linking C executable cmTC_aab40
/usr/bin/cmake -E cmake_link_script CMakeFiles/cmTC_aab40.dir/link.txt --verbose=1
/usr/bin/gcc-11   -W -Wall -pedantic -Wbad-function-cast -Wconversion -Winline -Wmissing-declarations -Wmissing-prototypes -Wnested-externs -Wno-long-long -Wno-multichar -Wpointer-arith -Wshadow -Wsign-compare -Wundef -Wunused -Wwrite-strings -Wcast-align -Wdeclaration-after-statement -Wempty-body -Wendif-labels -Wfloat-equal -Wignored-qualifiers -Wno-format-nonliteral -Wno-sign-conversion -Wno-system-headers -Wstrict-prototypes -Wtype-limits -Wvla -Wmissing-parameter-type -Wold-style-declaration -Wstrict-aliasing=3 -Wformat=2 -Warray-bounds=2 -ftree-vrp -Wduplicated-cond -Wnull-dereference -fdelete-null-pointer-checks -Wshift-negative-value -Wshift-overflow=2 -Walloc-zero -Wduplicated-branches -Wformat-overflow=2 -Wformat-truncation=1 -Wrestrict -Warith-conversion -Wdouble-promotion -Wenum-conversion -Wunused-const-variable -DHAVE_IOCTLSOCKET_CAMEL  -DHAVE_INTTYPES_H -DHAVE_SYS_WAIT_H -DHAVE_SYS_IOCTL_H -DHAVE_SYS_PARAM_H -DHAVE_SYS_POLL_H -DHAVE_SYS_RESOURCE_H -DHAVE_SYS_SELECT_H -DHAVE_SYS_SOCKET_H -DHAVE_SYS_STAT_H -DHAVE_SYS_TIME_H -DHAVE_SYS_TYPES_H -DHAVE_SYS_UN_H -DHAVE_SYS_XATTR_H -DHAVE_ARPA_INET_H -DHAVE_FCNTL_H -DHAVE_IFADDRS_H -DHAVE_LIBGEN_H -DHAVE_LOCALE_H -DHAVE_NET_IF_H -DHAVE_NETDB_H -DHAVE_NETINET_IN_H -DHAVE_NETINET_TCP_H -DHAVE_NETINET_UDP_H -DHAVE_POLL_H -DHAVE_PWD_H -DHAVE_STDATOMIC_H -DHAVE_STDBOOL_H -DHAVE_STDINT_H -DHAVE_STRINGS_H -DHAVE_TERMIO_H -DHAVE_TERMIOS_H -DHAVE_UNISTD_H -DHAVE_UTIME_H CMakeFiles/cmTC_aab40.dir/CurlTests.c.o -o cmTC_aab40 
/usr/bin/ld: CMakeFiles/cmTC_aab40.dir/CurlTests.c.o: in function `main':
CurlTests.c:(.text+0x19): undefined reference to `IoctlSocket'
collect2: error: ld returned 1 exit status
gmake[1]: *** [CMakeFiles/cmTC_aab40.dir/build.make:99: cmTC_aab40] Error 1
gmake[1]: Leaving directory '/home/uhuj/skillbox_cpp/learn_cpp_tasks/out/build/GCC 11.3.0 x86_64-linux-gnu/CMakeFiles/CMakeTmp'
gmake: *** [Makefile:127: cmTC_aab40/fast] Error 2


Performing Curl Test HAVE_IOCTLSOCKET_CAMEL_FIONBIO failed with the following output:
Change Dir: /home/uhuj/skillbox_cpp/learn_cpp_tasks/out/build/GCC 11.3.0 x86_64-linux-gnu/CMakeFiles/CMakeTmp

Run Build Command(s):/usr/bin/gmake -f Makefile cmTC_7fa8e/fast && /usr/bin/gmake  -f CMakeFiles/cmTC_7fa8e.dir/build.make CMakeFiles/cmTC_7fa8e.dir/build
gmake[1]: Entering directory '/home/uhuj/skillbox_cpp/learn_cpp_tasks/out/build/GCC 11.3.0 x86_64-linux-gnu/CMakeFiles/CMakeTmp'
Building C object CMakeFiles/cmTC_7fa8e.dir/CurlTests.c.o
/usr/bin/gcc-11   -W -Wall -pedantic -Wbad-function-cast -Wconversion -Winline -Wmissing-declarations -Wmissing-prototypes -Wnested-externs -Wno-long-long -Wno-multichar -Wpointer-arith -Wshadow -Wsign-compare -Wundef -Wunused -Wwrite-strings -Wcast-align -Wdeclaration-after-statement -Wempty-body -Wendif-labels -Wfloat-equal -Wignored-qualifiers -Wno-format-nonliteral -Wno-sign-conversion -Wno-system-headers -Wstrict-prototypes -Wtype-limits -Wvla -Wmissing-parameter-type -Wold-style-declaration -Wstrict-aliasing=3 -Wformat=2 -Warray-bounds=2 -ftree-vrp -Wduplicated-cond -Wnull-dereference -fdelete-null-pointer-checks -Wshift-negative-value -Wshift-overflow=2 -Walloc-zero -Wduplicated-branches -Wformat-overflow=2 -Wformat-truncation=1 -Wrestrict -Warith-conversion -Wdouble-promotion -Wenum-conversion -Wunused-const-variable -DHAVE_IOCTLSOCKET_CAMEL_FIONBIO  -DHAVE_INTTYPES_H -DHAVE_SYS_WAIT_H -DHAVE_SYS_IOCTL_H -DHAVE_SYS_PARAM_H -DHAVE_SYS_POLL_H -DHAVE_SYS_RESOURCE_H -DHAVE_SYS_SELECT_H -DHAVE_SYS_SOCKET_H -DHAVE_SYS_STAT_H -DHAVE_SYS_TIME_H -DHAVE_SYS_TYPES_H -DHAVE_SYS_UN_H -DHAVE_SYS_XATTR_H -DHAVE_ARPA_INET_H -DHAVE_FCNTL_H -DHAVE_IFADDRS_H -DHAVE_LIBGEN_H -DHAVE_LOCALE_H -DHAVE_NET_IF_H -DHAVE_NETDB_H -DHAVE_NETINET_IN_H -DHAVE_NETINET_TCP_H -DHAVE_NETINET_UDP_H -DHAVE_POLL_H -DHAVE_PWD_H -DHAVE_STDATOMIC_H -DHAVE_STDBOOL_H -DHAVE_STDINT_H -DHAVE_STRINGS_H -DHAVE_TERMIO_H -DHAVE_TERMIOS_H -DHAVE_UNISTD_H -DHAVE_UTIME_H -o CMakeFiles/cmTC_7fa8e.dir/CurlTests.c.o -c "/home/uhuj/skillbox_cpp/learn_cpp_tasks/out/build/GCC 11.3.0 x86_64-linux-gnu/_deps/curl-src/CMake/CurlTests.c"
/home/uhuj/skillbox_cpp/learn_cpp_tasks/out/build/GCC 11.3.0 x86_64-linux-gnu/_deps/curl-src/CMake/CurlTests.c:247:1: warning: function declaration isn’t a prototype [-Wstrict-prototypes]
  247 | main ()
      | ^~~~
/home/uhuj/skillbox_cpp/learn_cpp_tasks/out/build/GCC 11.3.0 x86_64-linux-gnu/_deps/curl-src/CMake/CurlTests.c: In function ‘main’:
/home/uhuj/skillbox_cpp/learn_cpp_tasks/out/build/GCC 11.3.0 x86_64-linux-gnu/_deps/curl-src/CMake/CurlTests.c:252:17: warning: implicit declaration of function ‘IoctlSocket’ [-Wimplicit-function-declaration]
  252 |         if(0 != IoctlSocket(0, FIONBIO, &flags))
      |                 ^~~~~~~~~~~
/home/uhuj/skillbox_cpp/learn_cpp_tasks/out/build/GCC 11.3.0 x86_64-linux-gnu/_deps/curl-src/CMake/CurlTests.c:252:17: warning: nested extern declaration of ‘IoctlSocket’ [-Wnested-externs]
/home/uhuj/skillbox_cpp/learn_cpp_tasks/out/build/GCC 11.3.0 x86_64-linux-gnu/_deps/curl-src/CMake/CurlTests.c:252:32: error: ‘FIONBIO’ undeclared (first use in this function)
  252 |         if(0 != IoctlSocket(0, FIONBIO, &flags))
      |                                ^~~~~~~
/home/uhuj/skillbox_cpp/learn_cpp_tasks/out/build/GCC 11.3.0 x86_64-linux-gnu/_deps/curl-src/CMake/CurlTests.c:252:32: note: each undeclared identifier is reported only once for each function it appears in
gmake[1]: *** [CMakeFiles/cmTC_7fa8e.dir/build.make:78: CMakeFiles/cmTC_7fa8e.dir/CurlTests.c.o] Error 1
gmake[1]: Leaving directory '/home/uhuj/skillbox_cpp/learn_cpp_tasks/out/build/GCC 11.3.0 x86_64-linux-gnu/CMakeFiles/CMakeTmp'
gmake: *** [Makefile:127: cmTC_7fa8e/fast] Error 2


Performing Curl Test HAVE_IOCTLSOCKET_FIONBIO failed with the following output:
Change Dir: /home/uhuj/skillbox_cpp/learn_cpp_tasks/out/build/GCC 11.3.0 x86_64-linux-gnu/CMakeFiles/CMakeTmp

Run Build Command(s):/usr/bin/gmake -f Makefile cmTC_a6e91/fast && /usr/bin/gmake  -f CMakeFiles/cmTC_a6e91.dir/build.make CMakeFiles/cmTC_a6e91.dir/build
gmake[1]: Entering directory '/home/uhuj/skillbox_cpp/learn_cpp_tasks/out/build/GCC 11.3.0 x86_64-linux-gnu/CMakeFiles/CMakeTmp'
Building C object CMakeFiles/cmTC_a6e91.dir/CurlTests.c.o
/usr/bin/gcc-11   -W -Wall -pedantic -Wbad-function-cast -Wconversion -Winline -Wmissing-declarations -Wmissing-prototypes -Wnested-externs -Wno-long-long -Wno-multichar -Wpointer-arith -Wshadow -Wsign-compare -Wundef -Wunused -Wwrite-strings -Wcast-align -Wdeclaration-after-statement -Wempty-body -Wendif-labels -Wfloat-equal -Wignored-qualifiers -Wno-format-nonliteral -Wno-sign-conversion -Wno-system-headers -Wstrict-prototypes -Wtype-limits -Wvla -Wmissing-parameter-type -Wold-style-declaration -Wstrict-aliasing=3 -Wformat=2 -Warray-bounds=2 -ftree-vrp -Wduplicated-cond -Wnull-dereference -fdelete-null-pointer-checks -Wshift-negative-value -Wshift-overflow=2 -Walloc-zero -Wduplicated-branches -Wformat-overflow=2 -Wformat-truncation=1 -Wrestrict -Warith-conversion -Wdouble-promotion -Wenum-conversion -Wunused-const-variable -DHAVE_IOCTLSOCKET_FIONBIO  -DHAVE_INTTYPES_H -DHAVE_SYS_WAIT_H -DHAVE_SYS_IOCTL_H -DHAVE_SYS_PARAM_H -DHAVE_SYS_POLL_H -DHAVE_SYS_RESOURCE_H -DHAVE_SYS_SELECT_H -DHAVE_SYS_SOCKET_H -DHAVE_SYS_STAT_H -DHAVE_SYS_TIME_H -DHAVE_SYS_TYPES_H -DHAVE_SYS_UN_H -DHAVE_SYS_XATTR_H -DHAVE_ARPA_INET_H -DHAVE_FCNTL_H -DHAVE_IFADDRS_H -DHAVE_LIBGEN_H -DHAVE_LOCALE_H -DHAVE_NET_IF_H -DHAVE_NETDB_H -DHAVE_NETINET_IN_H -DHAVE_NETINET_TCP_H -DHAVE_NETINET_UDP_H -DHAVE_POLL_H -DHAVE_PWD_H -DHAVE_STDATOMIC_H -DHAVE_STDBOOL_H -DHAVE_STDINT_H -DHAVE_STRINGS_H -DHAVE_TERMIO_H -DHAVE_TERMIOS_H -DHAVE_UNISTD_H -DHAVE_UTIME_H -o CMakeFiles/cmTC_a6e91.dir/CurlTests.c.o -c "/home/uhuj/skillbox_cpp/learn_cpp_tasks/out/build/GCC 11.3.0 x86_64-linux-gnu/_deps/curl-src/CMake/CurlTests.c"
/home/uhuj/skillbox_cpp/learn_cpp_tasks/out/build/GCC 11.3.0 x86_64-linux-gnu/_deps/curl-src/CMake/CurlTests.c:271:1: warning: function declaration isn’t a prototype [-Wstrict-prototypes]
  271 | main ()
      | ^~~~
/home/uhuj/skillbox_cpp/learn_cpp_tasks/out/build/GCC 11.3.0 x86_64-linux-gnu/_deps/curl-src/CMake/CurlTests.c: In function ‘main’:
/home/uhuj/skillbox_cpp/learn_cpp_tasks/out/build/GCC 11.3.0 x86_64-linux-gnu/_deps/curl-src/CMake/CurlTests.c:275:17: warning: implicit declaration of function ‘ioctlsocket’ [-Wimplicit-function-declaration]
  275 |         if(0 != ioctlsocket(0, FIONBIO, &flags))
      |                 ^~~~~~~~~~~
/home/uhuj/skillbox_cpp/learn_cpp_tasks/out/build/GCC 11.3.0 x86_64-linux-gnu/_deps/curl-src/CMake/CurlTests.c:275:17: warning: nested extern declaration of ‘ioctlsocket’ [-Wnested-externs]
/home/uhuj/skillbox_cpp/learn_cpp_tasks/out/build/GCC 11.3.0 x86_64-linux-gnu/_deps/curl-src/CMake/CurlTests.c:275:32: error: ‘FIONBIO’ undeclared (first use in this function)
  275 |         if(0 != ioctlsocket(0, FIONBIO, &flags))
      |                                ^~~~~~~
/home/uhuj/skillbox_cpp/learn_cpp_tasks/out/build/GCC 11.3.0 x86_64-linux-gnu/_deps/curl-src/CMake/CurlTests.c:275:32: note: each undeclared identifier is reported only once for each function it appears in
gmake[1]: *** [CMakeFiles/cmTC_a6e91.dir/build.make:78: CMakeFiles/cmTC_a6e91.dir/CurlTests.c.o] Error 1
gmake[1]: Leaving directory '/home/uhuj/skillbox_cpp/learn_cpp_tasks/out/build/GCC 11.3.0 x86_64-linux-gnu/CMakeFiles/CMakeTmp'
gmake: *** [Makefile:127: cmTC_a6e91/fast] Error 2


Performing Curl Test HAVE_SETSOCKOPT_SO_NONBLOCK failed with the following output:
Change Dir: /home/uhuj/skillbox_cpp/learn_cpp_tasks/out/build/GCC 11.3.0 x86_64-linux-gnu/CMakeFiles/CMakeTmp

Run Build Command(s):/usr/bin/gmake -f Makefile cmTC_7770d/fast && /usr/bin/gmake  -f CMakeFiles/cmTC_7770d.dir/build.make CMakeFiles/cmTC_7770d.dir/build
gmake[1]: Entering directory '/home/uhuj/skillbox_cpp/learn_cpp_tasks/out/build/GCC 11.3.0 x86_64-linux-gnu/CMakeFiles/CMakeTmp'
Building C object CMakeFiles/cmTC_7770d.dir/CurlTests.c.o
/usr/bin/gcc-11   -W -Wall -pedantic -Wbad-function-cast -Wconversion -Winline -Wmissing-declarations -Wmissing-prototypes -Wnested-externs -Wno-long-long -Wno-multichar -Wpointer-arith -Wshadow -Wsign-compare -Wundef -Wunused -Wwrite-strings -Wcast-align -Wdeclaration-after-statement -Wempty-body -Wendif-labels -Wfloat-equal -Wignored-qualifiers -Wno-format-nonliteral -Wno-sign-conversion -Wno-system-headers -Wstrict-prototypes -Wtype-limits -Wvla -Wmissing-parameter-type -Wold-style-declaration -Wstrict-aliasing=3 -Wformat=2 -Warray-bounds=2 -ftree-vrp -Wduplicated-cond -Wnull-dereference -fdelete-null-pointer-checks -Wshift-negative-value -Wshift-overflow=2 -Walloc-zero -Wduplicated-branches -Wformat-overflow=2 -Wformat-truncation=1 -Wrestrict -Warith-conversion -Wdouble-promotion -Wenum-conversion -Wunused-const-variable -DHAVE_SETSOCKOPT_SO_NONBLOCK  -DHAVE_INTTYPES_H -DHAVE_SYS_WAIT_H -DHAVE_SYS_IOCTL_H -DHAVE_SYS_PARAM_H -DHAVE_SYS_POLL_H -DHAVE_SYS_RESOURCE_H -DHAVE_SYS_SELECT_H -DHAVE_SYS_SOCKET_H -DHAVE_SYS_STAT_H -DHAVE_SYS_TIME_H -DHAVE_SYS_TYPES_H -DHAVE_SYS_UN_H -DHAVE_SYS_XATTR_H -DHAVE_ARPA_INET_H -DHAVE_FCNTL_H -DHAVE_IFADDRS_H -DHAVE_LIBGEN_H -DHAVE_LOCALE_H -DHAVE_NET_IF_H -DHAVE_NETDB_H -DHAVE_NETINET_IN_H -DHAVE_NETINET_TCP_H -DHAVE_NETINET_UDP_H -DHAVE_POLL_H -DHAVE_PWD_H -DHAVE_STDATOMIC_H -DHAVE_STDBOOL_H -DHAVE_STDINT_H -DHAVE_STRINGS_H -DHAVE_TERMIO_H -DHAVE_TERMIOS_H -DHAVE_UNISTD_H -DHAVE_UTIME_H -o CMakeFiles/cmTC_7770d.dir/CurlTests.c.o -c "/home/uhuj/skillbox_cpp/learn_cpp_tasks/out/build/GCC 11.3.0 x86_64-linux-gnu/_deps/curl-src/CMake/CurlTests.c"
/home/uhuj/skillbox_cpp/learn_cpp_tasks/out/build/GCC 11.3.0 x86_64-linux-gnu/_deps/curl-src/CMake/CurlTests.c:365:1: warning: function declaration isn’t a prototype [-Wstrict-prototypes]
  365 | main ()
      | ^~~~
/home/uhuj/skillbox_cpp/learn_cpp_tasks/out/build/GCC 11.3.0 x86_64-linux-gnu/_deps/curl-src/CMake/CurlTests.c: In function ‘main’:
/home/uhuj/skillbox_cpp/learn_cpp_tasks/out/build/GCC 11.3.0 x86_64-linux-gnu/_deps/curl-src/CMake/CurlTests.c:367:43: error: ‘SO_NONBLOCK’ undeclared (first use in this function); did you mean ‘SOCK_NONBLOCK’?
  367 |         if(0 != setsockopt(0, SOL_SOCKET, SO_NONBLOCK, 0, 0))
      |                                           ^~~~~~~~~~~
      |                                           SOCK_NONBLOCK
/home/uhuj/skillbox_cpp/learn_cpp_tasks/out/build/GCC 11.3.0 x86_64-linux-gnu/_deps/curl-src/CMake/CurlTests.c:367:43: note: each undeclared identifier is reported only once for each function it appears in
gmake[1]: *** [CMakeFiles/cmTC_7770d.dir/build.make:78: CMakeFiles/cmTC_7770d.dir/CurlTests.c.o] Error 1
gmake[1]: Leaving directory '/home/uhuj/skillbox_cpp/learn_cpp_tasks/out/build/GCC 11.3.0 x86_64-linux-gnu/CMakeFiles/CMakeTmp'
gmake: *** [Makefile:127: cmTC_7770d/fast] Error 2


Performing Curl Test HAVE_O_NONBLOCK failed with the following output:
Change Dir: /home/uhuj/skillbox_cpp/learn_cpp_tasks/out/build/GCC 11.3.0 x86_64-linux-gnu/CMakeFiles/CMakeTmp

Run Build Command(s):/usr/bin/gmake -f Makefile cmTC_06c50/fast && /usr/bin/gmake  -f CMakeFiles/cmTC_06c50.dir/build.make CMakeFiles/cmTC_06c50.dir/build
gmake[1]: Entering directory '/home/uhuj/skillbox_cpp/learn_cpp_tasks/out/build/GCC 11.3.0 x86_64-linux-gnu/CMakeFiles/CMakeTmp'
Building C object CMakeFiles/cmTC_06c50.dir/CurlTests.c.o
/usr/bin/gcc-11   -W -Wall -pedantic -Wbad-function-cast -Wconversion -Winline -Wmissing-declarations -Wmissing-prototypes -Wnested-externs -Wno-long-long -Wno-multichar -Wpointer-arith -Wshadow -Wsign-compare -Wundef -Wunused -Wwrite-strings -Wcast-align -Wdeclaration-after-statement -Wempty-body -Wendif-labels -Wfloat-equal -Wignored-qualifiers -Wno-format-nonliteral -Wno-sign-conversion -Wno-system-headers -Wstrict-prototypes -Wtype-limits -Wvla -Wmissing-parameter-type -Wold-style-declaration -Wstrict-aliasing=3 -Wformat=2 -Warray-bounds=2 -ftree-vrp -Wduplicated-cond -Wnull-dereference -fdelete-null-pointer-checks -Wshift-negative-value -Wshift-overflow=2 -Walloc-zero -Wduplicated-branches -Wformat-overflow=2 -Wformat-truncation=1 -Wrestrict -Warith-conversion -Wdouble-promotion -Wenum-conversion -Wunused-const-variable -DHAVE_O_NONBLOCK  -DHAVE_INTTYPES_H -DHAVE_SYS_WAIT_H -DHAVE_SYS_IOCTL_H -DHAVE_SYS_PARAM_H -DHAVE_SYS_POLL_H -DHAVE_SYS_RESOURCE_H -DHAVE_SYS_SELECT_H -DHAVE_SYS_SOCKET_H -DHAVE_SYS_STAT_H -DHAVE_SYS_TIME_H -DHAVE_SYS_TYPES_H -DHAVE_SYS_UN_H -DHAVE_SYS_XATTR_H -DHAVE_ARPA_INET_H -DHAVE_FCNTL_H -DHAVE_IFADDRS_H -DHAVE_LIBGEN_H -DHAVE_LOCALE_H -DHAVE_NET_IF_H -DHAVE_NETDB_H -DHAVE_NETINET_IN_H -DHAVE_NETINET_TCP_H -DHAVE_NETINET_UDP_H -DHAVE_POLL_H -DHAVE_PWD_H -DHAVE_STDATOMIC_H -DHAVE_STDBOOL_H -DHAVE_STDINT_H -DHAVE_STRINGS_H -DHAVE_TERMIO_H -DHAVE_TERMIOS_H -DHAVE_UNISTD_H -DHAVE_UTIME_H -o CMakeFiles/cmTC_06c50.dir/CurlTests.c.o -c "/home/uhuj/skillbox_cpp/learn_cpp_tasks/out/build/GCC 11.3.0 x86_64-linux-gnu/_deps/curl-src/CMake/CurlTests.c"
/home/uhuj/skillbox_cpp/learn_cpp_tasks/out/build/GCC 11.3.0 x86_64-linux-gnu/_deps/curl-src/CMake/CurlTests.c:516: warning: ISO C forbids an empty translation unit [-Wpedantic]
Linking C executable cmTC_06c50
/usr/bin/cmake -E cmake_link_script CMakeFiles/cmTC_06c50.dir/link.txt --verbose=1
/usr/bin/gcc-11   -W -Wall -pedantic -Wbad-function-cast -Wconversion -Winline -Wmissing-declarations -Wmissing-prototypes -Wnested-externs -Wno-long-long -Wno-multichar -Wpointer-arith -Wshadow -Wsign-compare -Wundef -Wunused -Wwrite-strings -Wcast-align -Wdeclaration-after-statement -Wempty-body -Wendif-labels -Wfloat-equal -Wignored-qualifiers -Wno-format-nonliteral -Wno-sign-conversion -Wno-system-headers -Wstrict-prototypes -Wtype-limits -Wvla -Wmissing-parameter-type -Wold-style-declaration -Wstrict-aliasing=3 -Wformat=2 -Warray-bounds=2 -ftree-vrp -Wduplicated-cond -Wnull-dereference -fdelete-null-pointer-checks -Wshift-negative-value -Wshift-overflow=2 -Walloc-zero -Wduplicated-branches -Wformat-overflow=2 -Wformat-truncation=1 -Wrestrict -Warith-conversion -Wdouble-promotion -Wenum-conversion -Wunused-const-variable -DHAVE_O_NONBLOCK  -DHAVE_INTTYPES_H -DHAVE_SYS_WAIT_H -DHAVE_SYS_IOCTL_H -DHAVE_SYS_PARAM_H -DHAVE_SYS_POLL_H -DHAVE_SYS_RESOURCE_H -DHAVE_SYS_SELECT_H -DHAVE_SYS_SOCKET_H -DHAVE_SYS_STAT_H -DHAVE_SYS_TIME_H -DHAVE_SYS_TYPES_H -DHAVE_SYS_UN_H -DHAVE_SYS_XATTR_H -DHAVE_ARPA_INET_H -DHAVE_FCNTL_H -DHAVE_IFADDRS_H -DHAVE_LIBGEN_H -DHAVE_LOCALE_H -DHAVE_NET_IF_H -DHAVE_NETDB_H -DHAVE_NETINET_IN_H -DHAVE_NETINET_TCP_H -DHAVE_NETINET_UDP_H -DHAVE_POLL_H -DHAVE_PWD_H -DHAVE_STDATOMIC_H -DHAVE_STDBOOL_H -DHAVE_STDINT_H -DHAVE_STRINGS_H -DHAVE_TERMIO_H -DHAVE_TERMIOS_H -DHAVE_UNISTD_H -DHAVE_UTIME_H CMakeFiles/cmTC_06c50.dir/CurlTests.c.o -o cmTC_06c50 
/usr/bin/ld: /usr/lib/gcc/x86_64-linux-gnu/11/../../../x86_64-linux-gnu/Scrt1.o: in function `_start':
(.text+0x17): undefined reference to `main'
collect2: error: ld returned 1 exit status
gmake[1]: *** [CMakeFiles/cmTC_06c50.dir/build.make:99: cmTC_06c50] Error 1
gmake[1]: Leaving directory '/home/uhuj/skillbox_cpp/learn_cpp_tasks/out/build/GCC 11.3.0 x86_64-linux-gnu/CMakeFiles/CMakeTmp'
gmake: *** [Makefile:127: cmTC_06c50/fast] Error 2


Performing Curl Test HAVE_GETHOSTBYNAME_R_3 failed with the following output:
Change Dir: /home/uhuj/skillbox_cpp/learn_cpp_tasks/out/build/GCC 11.3.0 x86_64-linux-gnu/CMakeFiles/CMakeTmp

Run Build Command(s):/usr/bin/gmake -f Makefile cmTC_f36d5/fast && /usr/bin/gmake  -f CMakeFiles/cmTC_f36d5.dir/build.make CMakeFiles/cmTC_f36d5.dir/build
gmake[1]: Entering directory '/home/uhuj/skillbox_cpp/learn_cpp_tasks/out/build/GCC 11.3.0 x86_64-linux-gnu/CMakeFiles/CMakeTmp'
Building C object CMakeFiles/cmTC_f36d5.dir/CurlTests.c.o
/usr/bin/gcc-11   -W -Wall -pedantic -Wbad-function-cast -Wconversion -Winline -Wmissing-declarations -Wmissing-prototypes -Wnested-externs -Wno-long-long -Wno-multichar -Wpointer-arith -Wshadow -Wsign-compare -Wundef -Wunused -Wwrite-strings -Wcast-align -Wdeclaration-after-statement -Wempty-body -Wendif-labels -Wfloat-equal -Wignored-qualifiers -Wno-format-nonliteral -Wno-sign-conversion -Wno-system-headers -Wstrict-prototypes -Wtype-limits -Wvla -Wmissing-parameter-type -Wold-style-declaration -Wstrict-aliasing=3 -Wformat=2 -Warray-bounds=2 -ftree-vrp -Wduplicated-cond -Wnull-dereference -fdelete-null-pointer-checks -Wshift-negative-value -Wshift-overflow=2 -Walloc-zero -Wduplicated-branches -Wformat-overflow=2 -Wformat-truncation=1 -Wrestrict -Warith-conversion -Wdouble-promotion -Wenum-conversion -Wunused-const-variable -DHAVE_GETHOSTBYNAME_R_3  -DHAVE_INTTYPES_H -DHAVE_SYS_WAIT_H -DHAVE_SYS_IOCTL_H -DHAVE_SYS_PARAM_H -DHAVE_SYS_POLL_H -DHAVE_SYS_RESOURCE_H -DHAVE_SYS_SELECT_H -DHAVE_SYS_SOCKET_H -DHAVE_SYS_STAT_H -DHAVE_SYS_TIME_H -DHAVE_SYS_TYPES_H -DHAVE_SYS_UN_H -DHAVE_SYS_XATTR_H -DHAVE_ARPA_INET_H -DHAVE_FCNTL_H -DHAVE_IFADDRS_H -DHAVE_LIBGEN_H -DHAVE_LOCALE_H -DHAVE_NET_IF_H -DHAVE_NETDB_H -DHAVE_NETINET_IN_H -DHAVE_NETINET_TCP_H -DHAVE_NETINET_UDP_H -DHAVE_POLL_H -DHAVE_PWD_H -DHAVE_STDATOMIC_H -DHAVE_STDBOOL_H -DHAVE_STDINT_H -DHAVE_STRINGS_H -DHAVE_TERMIO_H -DHAVE_TERMIOS_H -DHAVE_UNISTD_H -DHAVE_UTIME_H -o CMakeFiles/cmTC_f36d5.dir/CurlTests.c.o -c "/home/uhuj/skillbox_cpp/learn_cpp_tasks/out/build/GCC 11.3.0 x86_64-linux-gnu/_deps/curl-src/CMake/CurlTests.c"
/home/uhuj/skillbox_cpp/learn_cpp_tasks/out/build/GCC 11.3.0 x86_64-linux-gnu/_deps/curl-src/CMake/CurlTests.c: In function ‘main’:
/home/uhuj/skillbox_cpp/learn_cpp_tasks/out/build/GCC 11.3.0 x86_64-linux-gnu/_deps/curl-src/CMake/CurlTests.c:75:19: warning: initialization discards ‘const’ qualifier from pointer target type [-Wdiscarded-qualifiers]
   75 |   char *address = "example.com";
      |                   ^~~~~~~~~~~~~
/home/uhuj/skillbox_cpp/learn_cpp_tasks/out/build/GCC 11.3.0 x86_64-linux-gnu/_deps/curl-src/CMake/CurlTests.c:82:23: error: storage size of ‘hdata’ isn’t known
   82 |   struct hostent_data hdata;
      |                       ^~~~~
/home/uhuj/skillbox_cpp/learn_cpp_tasks/out/build/GCC 11.3.0 x86_64-linux-gnu/_deps/curl-src/CMake/CurlTests.c:94:8: error: too few arguments to function ‘gethostbyname_r’
   94 |   rc = gethostbyname_r(address, &h, &hdata);
      |        ^~~~~~~~~~~~~~~
In file included from /home/uhuj/skillbox_cpp/learn_cpp_tasks/out/build/GCC 11.3.0 x86_64-linux-gnu/_deps/curl-src/CMake/CurlTests.c:72:
/usr/include/netdb.h:177:12: note: declared here
  177 | extern int gethostbyname_r (const char *__restrict __name,
      |            ^~~~~~~~~~~~~~~
/home/uhuj/skillbox_cpp/learn_cpp_tasks/out/build/GCC 11.3.0 x86_64-linux-gnu/_deps/curl-src/CMake/CurlTests.c:82:23: warning: unused variable ‘hdata’ [-Wunused-variable]
   82 |   struct hostent_data hdata;
      |                       ^~~~~
gmake[1]: *** [CMakeFiles/cmTC_f36d5.dir/build.make:78: CMakeFiles/cmTC_f36d5.dir/CurlTests.c.o] Error 1
gmake[1]: Leaving directory '/home/uhuj/skillbox_cpp/learn_cpp_tasks/out/build/GCC 11.3.0 x86_64-linux-gnu/CMakeFiles/CMakeTmp'
gmake: *** [Makefile:127: cmTC_f36d5/fast] Error 2


Performing Curl Test HAVE_GETHOSTBYNAME_R_5 failed with the following output:
Change Dir: /home/uhuj/skillbox_cpp/learn_cpp_tasks/out/build/GCC 11.3.0 x86_64-linux-gnu/CMakeFiles/CMakeTmp

Run Build Command(s):/usr/bin/gmake -f Makefile cmTC_a8cb5/fast && /usr/bin/gmake  -f CMakeFiles/cmTC_a8cb5.dir/build.make CMakeFiles/cmTC_a8cb5.dir/build
gmake[1]: Entering directory '/home/uhuj/skillbox_cpp/learn_cpp_tasks/out/build/GCC 11.3.0 x86_64-linux-gnu/CMakeFiles/CMakeTmp'
Building C object CMakeFiles/cmTC_a8cb5.dir/CurlTests.c.o
/usr/bin/gcc-11   -W -Wall -pedantic -Wbad-function-cast -Wconversion -Winline -Wmissing-declarations -Wmissing-prototypes -Wnested-externs -Wno-long-long -Wno-multichar -Wpointer-arith -Wshadow -Wsign-compare -Wundef -Wunused -Wwrite-strings -Wcast-align -Wdeclaration-after-statement -Wempty-body -Wendif-labels -Wfloat-equal -Wignored-qualifiers -Wno-format-nonliteral -Wno-sign-conversion -Wno-system-headers -Wstrict-prototypes -Wtype-limits -Wvla -Wmissing-parameter-type -Wold-style-declaration -Wstrict-aliasing=3 -Wformat=2 -Warray-bounds=2 -ftree-vrp -Wduplicated-cond -Wnull-dereference -fdelete-null-pointer-checks -Wshift-negative-value -Wshift-overflow=2 -Walloc-zero -Wduplicated-branches -Wformat-overflow=2 -Wformat-truncation=1 -Wrestrict -Warith-conversion -Wdouble-promotion -Wenum-conversion -Wunused-const-variable -DHAVE_GETHOSTBYNAME_R_5  -DHAVE_INTTYPES_H -DHAVE_SYS_WAIT_H -DHAVE_SYS_IOCTL_H -DHAVE_SYS_PARAM_H -DHAVE_SYS_POLL_H -DHAVE_SYS_RESOURCE_H -DHAVE_SYS_SELECT_H -DHAVE_SYS_SOCKET_H -DHAVE_SYS_STAT_H -DHAVE_SYS_TIME_H -DHAVE_SYS_TYPES_H -DHAVE_SYS_UN_H -DHAVE_SYS_XATTR_H -DHAVE_ARPA_INET_H -DHAVE_FCNTL_H -DHAVE_IFADDRS_H -DHAVE_LIBGEN_H -DHAVE_LOCALE_H -DHAVE_NET_IF_H -DHAVE_NETDB_H -DHAVE_NETINET_IN_H -DHAVE_NETINET_TCP_H -DHAVE_NETINET_UDP_H -DHAVE_POLL_H -DHAVE_PWD_H -DHAVE_STDATOMIC_H -DHAVE_STDBOOL_H -DHAVE_STDINT_H -DHAVE_STRINGS_H -DHAVE_TERMIO_H -DHAVE_TERMIOS_H -DHAVE_UNISTD_H -DHAVE_UTIME_H -o CMakeFiles/cmTC_a8cb5.dir/CurlTests.c.o -c "/home/uhuj/skillbox_cpp/learn_cpp_tasks/out/build/GCC 11.3.0 x86_64-linux-gnu/_deps/curl-src/CMake/CurlTests.c"
/home/uhuj/skillbox_cpp/learn_cpp_tasks/out/build/GCC 11.3.0 x86_64-linux-gnu/_deps/curl-src/CMake/CurlTests.c: In function ‘main’:
/home/uhuj/skillbox_cpp/learn_cpp_tasks/out/build/GCC 11.3.0 x86_64-linux-gnu/_deps/curl-src/CMake/CurlTests.c:75:19: warning: initialization discards ‘const’ qualifier from pointer target type [-Wdiscarded-qualifiers]
   75 |   char *address = "example.com";
      |                   ^~~~~~~~~~~~~
/home/uhuj/skillbox_cpp/learn_cpp_tasks/out/build/GCC 11.3.0 x86_64-linux-gnu/_deps/curl-src/CMake/CurlTests.c:97:51: warning: passing argument 5 of ‘gethostbyname_r’ from incompatible pointer type [-Wincompatible-pointer-types]
   97 |   rc = gethostbyname_r(address, &h, buffer, 8192, &h_errnop);
      |                                                   ^~~~~~~~~
      |                                                   |
      |                                                   int *
In file included from /home/uhuj/skillbox_cpp/learn_cpp_tasks/out/build/GCC 11.3.0 x86_64-linux-gnu/_deps/curl-src/CMake/CurlTests.c:72:
/usr/include/netdb.h:180:57: note: expected ‘struct hostent ** restrict’ but argument is of type ‘int *’
  180 |                             struct hostent **__restrict __result,
      |                             ~~~~~~~~~~~~~~~~~~~~~~~~~~~~^~~~~~~~
/home/uhuj/skillbox_cpp/learn_cpp_tasks/out/build/GCC 11.3.0 x86_64-linux-gnu/_deps/curl-src/CMake/CurlTests.c:97:8: error: too few arguments to function ‘gethostbyname_r’
   97 |   rc = gethostbyname_r(address, &h, buffer, 8192, &h_errnop);
      |        ^~~~~~~~~~~~~~~
In file included from /home/uhuj/skillbox_cpp/learn_cpp_tasks/out/build/GCC 11.3.0 x86_64-linux-gnu/_deps/curl-src/CMake/CurlTests.c:72:
/usr/include/netdb.h:177:12: note: declared here
  177 | extern int gethostbyname_r (const char *__restrict __name,
      |            ^~~~~~~~~~~~~~~
gmake[1]: *** [CMakeFiles/cmTC_a8cb5.dir/build.make:78: CMakeFiles/cmTC_a8cb5.dir/CurlTests.c.o] Error 1
gmake[1]: Leaving directory '/home/uhuj/skillbox_cpp/learn_cpp_tasks/out/build/GCC 11.3.0 x86_64-linux-gnu/CMakeFiles/CMakeTmp'
gmake: *** [Makefile:127: cmTC_a8cb5/fast] Error 2


Performing Curl Test HAVE_GETHOSTBYNAME_R_3_REENTRANT failed with the following output:
Change Dir: /home/uhuj/skillbox_cpp/learn_cpp_tasks/out/build/GCC 11.3.0 x86_64-linux-gnu/CMakeFiles/CMakeTmp

Run Build Command(s):/usr/bin/gmake -f Makefile cmTC_b8e43/fast && /usr/bin/gmake  -f CMakeFiles/cmTC_b8e43.dir/build.make CMakeFiles/cmTC_b8e43.dir/build
gmake[1]: Entering directory '/home/uhuj/skillbox_cpp/learn_cpp_tasks/out/build/GCC 11.3.0 x86_64-linux-gnu/CMakeFiles/CMakeTmp'
Building C object CMakeFiles/cmTC_b8e43.dir/CurlTests.c.o
/usr/bin/gcc-11   -W -Wall -pedantic -Wbad-function-cast -Wconversion -Winline -Wmissing-declarations -Wmissing-prototypes -Wnested-externs -Wno-long-long -Wno-multichar -Wpointer-arith -Wshadow -Wsign-compare -Wundef -Wunused -Wwrite-strings -Wcast-align -Wdeclaration-after-statement -Wempty-body -Wendif-labels -Wfloat-equal -Wignored-qualifiers -Wno-format-nonliteral -Wno-sign-conversion -Wno-system-headers -Wstrict-prototypes -Wtype-limits -Wvla -Wmissing-parameter-type -Wold-style-declaration -Wstrict-aliasing=3 -Wformat=2 -Warray-bounds=2 -ftree-vrp -Wduplicated-cond -Wnull-dereference -fdelete-null-pointer-checks -Wshift-negative-value -Wshift-overflow=2 -Walloc-zero -Wduplicated-branches -Wformat-overflow=2 -Wformat-truncation=1 -Wrestrict -Warith-conversion -Wdouble-promotion -Wenum-conversion -Wunused-const-variable -DHAVE_GETHOSTBYNAME_R_3_REENTRANT  -DHAVE_INTTYPES_H -DHAVE_SYS_WAIT_H -DHAVE_SYS_IOCTL_H -DHAVE_SYS_PARAM_H -DHAVE_SYS_POLL_H -DHAVE_SYS_RESOURCE_H -DHAVE_SYS_SELECT_H -DHAVE_SYS_SOCKET_H -DHAVE_SYS_STAT_H -DHAVE_SYS_TIME_H -DHAVE_SYS_TYPES_H -DHAVE_SYS_UN_H -DHAVE_SYS_XATTR_H -DHAVE_ARPA_INET_H -DHAVE_FCNTL_H -DHAVE_IFADDRS_H -DHAVE_LIBGEN_H -DHAVE_LOCALE_H -DHAVE_NET_IF_H -DHAVE_NETDB_H -DHAVE_NETINET_IN_H -DHAVE_NETINET_TCP_H -DHAVE_NETINET_UDP_H -DHAVE_POLL_H -DHAVE_PWD_H -DHAVE_STDATOMIC_H -DHAVE_STDBOOL_H -DHAVE_STDINT_H -DHAVE_STRINGS_H -DHAVE_TERMIO_H -DHAVE_TERMIOS_H -DHAVE_UNISTD_H -DHAVE_UTIME_H -o CMakeFiles/cmTC_b8e43.dir/CurlTests.c.o -c "/home/uhuj/skillbox_cpp/learn_cpp_tasks/out/build/GCC 11.3.0 x86_64-linux-gnu/_deps/curl-src/CMake/CurlTests.c"
/home/uhuj/skillbox_cpp/learn_cpp_tasks/out/build/GCC 11.3.0 x86_64-linux-gnu/_deps/curl-src/CMake/CurlTests.c: In function ‘main’:
/home/uhuj/skillbox_cpp/learn_cpp_tasks/out/build/GCC 11.3.0 x86_64-linux-gnu/_deps/curl-src/CMake/CurlTests.c:75:19: warning: initialization discards ‘const’ qualifier from pointer target type [-Wdiscarded-qualifiers]
   75 |   char *address = "example.com";
      |                   ^~~~~~~~~~~~~
/home/uhuj/skillbox_cpp/learn_cpp_tasks/out/build/GCC 11.3.0 x86_64-linux-gnu/_deps/curl-src/CMake/CurlTests.c:82:23: error: storage size of ‘hdata’ isn’t known
   82 |   struct hostent_data hdata;
      |                       ^~~~~
/home/uhuj/skillbox_cpp/learn_cpp_tasks/out/build/GCC 11.3.0 x86_64-linux-gnu/_deps/curl-src/CMake/CurlTests.c:94:8: error: too few arguments to function ‘gethostbyname_r’
   94 |   rc = gethostbyname_r(address, &h, &hdata);
      |        ^~~~~~~~~~~~~~~
In file included from /home/uhuj/skillbox_cpp/learn_cpp_tasks/out/build/GCC 11.3.0 x86_64-linux-gnu/_deps/curl-src/CMake/CurlTests.c:72:
/usr/include/netdb.h:177:12: note: declared here
  177 | extern int gethostbyname_r (const char *__restrict __name,
      |            ^~~~~~~~~~~~~~~
/home/uhuj/skillbox_cpp/learn_cpp_tasks/out/build/GCC 11.3.0 x86_64-linux-gnu/_deps/curl-src/CMake/CurlTests.c:82:23: warning: unused variable ‘hdata’ [-Wunused-variable]
   82 |   struct hostent_data hdata;
      |                       ^~~~~
gmake[1]: *** [CMakeFiles/cmTC_b8e43.dir/build.make:78: CMakeFiles/cmTC_b8e43.dir/CurlTests.c.o] Error 1
gmake[1]: Leaving directory '/home/uhuj/skillbox_cpp/learn_cpp_tasks/out/build/GCC 11.3.0 x86_64-linux-gnu/CMakeFiles/CMakeTmp'
gmake: *** [Makefile:127: cmTC_b8e43/fast] Error 2


Performing Curl Test HAVE_GETHOSTBYNAME_R_5_REENTRANT failed with the following output:
Change Dir: /home/uhuj/skillbox_cpp/learn_cpp_tasks/out/build/GCC 11.3.0 x86_64-linux-gnu/CMakeFiles/CMakeTmp

Run Build Command(s):/usr/bin/gmake -f Makefile cmTC_fb1cc/fast && /usr/bin/gmake  -f CMakeFiles/cmTC_fb1cc.dir/build.make CMakeFiles/cmTC_fb1cc.dir/build
gmake[1]: Entering directory '/home/uhuj/skillbox_cpp/learn_cpp_tasks/out/build/GCC 11.3.0 x86_64-linux-gnu/CMakeFiles/CMakeTmp'
Building C object CMakeFiles/cmTC_fb1cc.dir/CurlTests.c.o
/usr/bin/gcc-11   -W -Wall -pedantic -Wbad-function-cast -Wconversion -Winline -Wmissing-declarations -Wmissing-prototypes -Wnested-externs -Wno-long-long -Wno-multichar -Wpointer-arith -Wshadow -Wsign-compare -Wundef -Wunused -Wwrite-strings -Wcast-align -Wdeclaration-after-statement -Wempty-body -Wendif-labels -Wfloat-equal -Wignored-qualifiers -Wno-format-nonliteral -Wno-sign-conversion -Wno-system-headers -Wstrict-prototypes -Wtype-limits -Wvla -Wmissing-parameter-type -Wold-style-declaration -Wstrict-aliasing=3 -Wformat=2 -Warray-bounds=2 -ftree-vrp -Wduplicated-cond -Wnull-dereference -fdelete-null-pointer-checks -Wshift-negative-value -Wshift-overflow=2 -Walloc-zero -Wduplicated-branches -Wformat-overflow=2 -Wformat-truncation=1 -Wrestrict -Warith-conversion -Wdouble-promotion -Wenum-conversion -Wunused-const-variable -DHAVE_GETHOSTBYNAME_R_5_REENTRANT  -DHAVE_INTTYPES_H -DHAVE_SYS_WAIT_H -DHAVE_SYS_IOCTL_H -DHAVE_SYS_PARAM_H -DHAVE_SYS_POLL_H -DHAVE_SYS_RESOURCE_H -DHAVE_SYS_SELECT_H -DHAVE_SYS_SOCKET_H -DHAVE_SYS_STAT_H -DHAVE_SYS_TIME_H -DHAVE_SYS_TYPES_H -DHAVE_SYS_UN_H -DHAVE_SYS_XATTR_H -DHAVE_ARPA_INET_H -DHAVE_FCNTL_H -DHAVE_IFADDRS_H -DHAVE_LIBGEN_H -DHAVE_LOCALE_H -DHAVE_NET_IF_H -DHAVE_NETDB_H -DHAVE_NETINET_IN_H -DHAVE_NETINET_TCP_H -DHAVE_NETINET_UDP_H -DHAVE_POLL_H -DHAVE_PWD_H -DHAVE_STDATOMIC_H -DHAVE_STDBOOL_H -DHAVE_STDINT_H -DHAVE_STRINGS_H -DHAVE_TERMIO_H -DHAVE_TERMIOS_H -DHAVE_UNISTD_H -DHAVE_UTIME_H -o CMakeFiles/cmTC_fb1cc.dir/CurlTests.c.o -c "/home/uhuj/skillbox_cpp/learn_cpp_tasks/out/build/GCC 11.3.0 x86_64-linux-gnu/_deps/curl-src/CMake/CurlTests.c"
/home/uhuj/skillbox_cpp/learn_cpp_tasks/out/build/GCC 11.3.0 x86_64-linux-gnu/_deps/curl-src/CMake/CurlTests.c: In function ‘main’:
/home/uhuj/skillbox_cpp/learn_cpp_tasks/out/build/GCC 11.3.0 x86_64-linux-gnu/_deps/curl-src/CMake/CurlTests.c:75:19: warning: initialization discards ‘const’ qualifier from pointer target type [-Wdiscarded-qualifiers]
   75 |   char *address = "example.com";
      |                   ^~~~~~~~~~~~~
/home/uhuj/skillbox_cpp/learn_cpp_tasks/out/build/GCC 11.3.0 x86_64-linux-gnu/_deps/curl-src/CMake/CurlTests.c:97:51: warning: passing argument 5 of ‘gethostbyname_r’ from incompatible pointer type [-Wincompatible-pointer-types]
   97 |   rc = gethostbyname_r(address, &h, buffer, 8192, &h_errnop);
      |                                                   ^~~~~~~~~
      |                                                   |
      |                                                   int *
In file included from /home/uhuj/skillbox_cpp/learn_cpp_tasks/out/build/GCC 11.3.0 x86_64-linux-gnu/_deps/curl-src/CMake/CurlTests.c:72:
/usr/include/netdb.h:180:57: note: expected ‘struct hostent ** restrict’ but argument is of type ‘int *’
  180 |                             struct hostent **__restrict __result,
      |                             ~~~~~~~~~~~~~~~~~~~~~~~~~~~~^~~~~~~~
/home/uhuj/skillbox_cpp/learn_cpp_tasks/out/build/GCC 11.3.0 x86_64-linux-gnu/_deps/curl-src/CMake/CurlTests.c:97:8: error: too few arguments to function ‘gethostbyname_r’
   97 |   rc = gethostbyname_r(address, &h, buffer, 8192, &h_errnop);
      |        ^~~~~~~~~~~~~~~
In file included from /home/uhuj/skillbox_cpp/learn_cpp_tasks/out/build/GCC 11.3.0 x86_64-linux-gnu/_deps/curl-src/CMake/CurlTests.c:72:
/usr/include/netdb.h:177:12: note: declared here
  177 | extern int gethostbyname_r (const char *__restrict __name,
      |            ^~~~~~~~~~~~~~~
gmake[1]: *** [CMakeFiles/cmTC_fb1cc.dir/build.make:78: CMakeFiles/cmTC_fb1cc.dir/CurlTests.c.o] Error 1
gmake[1]: Leaving directory '/home/uhuj/skillbox_cpp/learn_cpp_tasks/out/build/GCC 11.3.0 x86_64-linux-gnu/CMakeFiles/CMakeTmp'
gmake: *** [Makefile:127: cmTC_fb1cc/fast] Error 2


Performing Curl Test HAVE_GLIBC_STRERROR_R failed with the following output:
Change Dir: /home/uhuj/skillbox_cpp/learn_cpp_tasks/out/build/GCC 11.3.0 x86_64-linux-gnu/CMakeFiles/CMakeTmp

Run Build Command(s):/usr/bin/gmake -f Makefile cmTC_23f46/fast && /usr/bin/gmake  -f CMakeFiles/cmTC_23f46.dir/build.make CMakeFiles/cmTC_23f46.dir/build
gmake[1]: Entering directory '/home/uhuj/skillbox_cpp/learn_cpp_tasks/out/build/GCC 11.3.0 x86_64-linux-gnu/CMakeFiles/CMakeTmp'
Building C object CMakeFiles/cmTC_23f46.dir/CurlTests.c.o
/usr/bin/gcc-11   -W -Wall -pedantic -Wbad-function-cast -Wconversion -Winline -Wmissing-declarations -Wmissing-prototypes -Wnested-externs -Wno-long-long -Wno-multichar -Wpointer-arith -Wshadow -Wsign-compare -Wundef -Wunused -Wwrite-strings -Wcast-align -Wdeclaration-after-statement -Wempty-body -Wendif-labels -Wfloat-equal -Wignored-qualifiers -Wno-format-nonliteral -Wno-sign-conversion -Wno-system-headers -Wstrict-prototypes -Wtype-limits -Wvla -Wmissing-parameter-type -Wold-style-declaration -Wstrict-aliasing=3 -Wformat=2 -Warray-bounds=2 -ftree-vrp -Wduplicated-cond -Wnull-dereference -fdelete-null-pointer-checks -Wshift-negative-value -Wshift-overflow=2 -Walloc-zero -Wduplicated-branches -Wformat-overflow=2 -Wformat-truncation=1 -Wrestrict -Warith-conversion -Wdouble-promotion -Wenum-conversion -Wunused-const-variable -DHAVE_GLIBC_STRERROR_R  -DHAVE_INTTYPES_H -DHAVE_SYS_WAIT_H -DHAVE_SYS_IOCTL_H -DHAVE_SYS_PARAM_H -DHAVE_SYS_POLL_H -DHAVE_SYS_RESOURCE_H -DHAVE_SYS_SELECT_H -DHAVE_SYS_SOCKET_H -DHAVE_SYS_STAT_H -DHAVE_SYS_TIME_H -DHAVE_SYS_TYPES_H -DHAVE_SYS_UN_H -DHAVE_SYS_XATTR_H -DHAVE_ARPA_INET_H -DHAVE_FCNTL_H -DHAVE_IFADDRS_H -DHAVE_LIBGEN_H -DHAVE_LOCALE_H -DHAVE_NET_IF_H -DHAVE_NETDB_H -DHAVE_NETINET_IN_H -DHAVE_NETINET_TCP_H -DHAVE_NETINET_UDP_H -DHAVE_POLL_H -DHAVE_PWD_H -DHAVE_STDATOMIC_H -DHAVE_STDBOOL_H -DHAVE_STDINT_H -DHAVE_STRINGS_H -DHAVE_TERMIO_H -DHAVE_TERMIOS_H -DHAVE_UNISTD_H -DHAVE_UTIME_H -o CMakeFiles/cmTC_23f46.dir/CurlTests.c.o -c "/home/uhuj/skillbox_cpp/learn_cpp_tasks/out/build/GCC 11.3.0 x86_64-linux-gnu/_deps/curl-src/CMake/CurlTests.c"
/home/uhuj/skillbox_cpp/learn_cpp_tasks/out/build/GCC 11.3.0 x86_64-linux-gnu/_deps/curl-src/CMake/CurlTests.c:377:6: warning: no previous prototype for ‘check’ [-Wmissing-prototypes]
  377 | void check(char c) {}
      |      ^~~~~
/home/uhuj/skillbox_cpp/learn_cpp_tasks/out/build/GCC 11.3.0 x86_64-linux-gnu/_deps/curl-src/CMake/CurlTests.c: In function ‘check’:
/home/uhuj/skillbox_cpp/learn_cpp_tasks/out/build/GCC 11.3.0 x86_64-linux-gnu/_deps/curl-src/CMake/CurlTests.c:377:17: warning: unused parameter ‘c’ [-Wunused-parameter]
  377 | void check(char c) {}
      |            ~~~~~^
/home/uhuj/skillbox_cpp/learn_cpp_tasks/out/build/GCC 11.3.0 x86_64-linux-gnu/_deps/curl-src/CMake/CurlTests.c: At top level:
/home/uhuj/skillbox_cpp/learn_cpp_tasks/out/build/GCC 11.3.0 x86_64-linux-gnu/_deps/curl-src/CMake/CurlTests.c:380:1: warning: function declaration isn’t a prototype [-Wstrict-prototypes]
  380 | main () {
      | ^~~~
/home/uhuj/skillbox_cpp/learn_cpp_tasks/out/build/GCC 11.3.0 x86_64-linux-gnu/_deps/curl-src/CMake/CurlTests.c: In function ‘main’:
/home/uhuj/skillbox_cpp/learn_cpp_tasks/out/build/GCC 11.3.0 x86_64-linux-gnu/_deps/curl-src/CMake/CurlTests.c:383:51: error: subscripted value is neither array nor pointer nor vector
  383 |   check(strerror_r(EACCES, buffer, sizeof(buffer))[0]);
      |                                                   ^
gmake[1]: *** [CMakeFiles/cmTC_23f46.dir/build.make:78: CMakeFiles/cmTC_23f46.dir/CurlTests.c.o] Error 1
gmake[1]: Leaving directory '/home/uhuj/skillbox_cpp/learn_cpp_tasks/out/build/GCC 11.3.0 x86_64-linux-gnu/CMakeFiles/CMakeTmp'
gmake: *** [Makefile:127: cmTC_23f46/fast] Error 2


Performing Curl Test HAVE_BUILTIN_AVAILABLE failed with the following output:
Change Dir: /home/uhuj/skillbox_cpp/learn_cpp_tasks/out/build/GCC 11.3.0 x86_64-linux-gnu/CMakeFiles/CMakeTmp

Run Build Command(s):/usr/bin/gmake -f Makefile cmTC_1063b/fast && /usr/bin/gmake  -f CMakeFiles/cmTC_1063b.dir/build.make CMakeFiles/cmTC_1063b.dir/build
gmake[1]: Entering directory '/home/uhuj/skillbox_cpp/learn_cpp_tasks/out/build/GCC 11.3.0 x86_64-linux-gnu/CMakeFiles/CMakeTmp'
Building C object CMakeFiles/cmTC_1063b.dir/CurlTests.c.o
/usr/bin/gcc-11   -W -Wall -pedantic -Wbad-function-cast -Wconversion -Winline -Wmissing-declarations -Wmissing-prototypes -Wnested-externs -Wno-long-long -Wno-multichar -Wpointer-arith -Wshadow -Wsign-compare -Wundef -Wunused -Wwrite-strings -Wcast-align -Wdeclaration-after-statement -Wempty-body -Wendif-labels -Wfloat-equal -Wignored-qualifiers -Wno-format-nonliteral -Wno-sign-conversion -Wno-system-headers -Wstrict-prototypes -Wtype-limits -Wvla -Wmissing-parameter-type -Wold-style-declaration -Wstrict-aliasing=3 -Wformat=2 -Warray-bounds=2 -ftree-vrp -Wduplicated-cond -Wnull-dereference -fdelete-null-pointer-checks -Wshift-negative-value -Wshift-overflow=2 -Walloc-zero -Wduplicated-branches -Wformat-overflow=2 -Wformat-truncation=1 -Wrestrict -Warith-conversion -Wdouble-promotion -Wenum-conversion -Wunused-const-variable -DHAVE_BUILTIN_AVAILABLE  -DHAVE_INTTYPES_H -DHAVE_SYS_WAIT_H -DHAVE_SYS_IOCTL_H -DHAVE_SYS_PARAM_H -DHAVE_SYS_POLL_H -DHAVE_SYS_RESOURCE_H -DHAVE_SYS_SELECT_H -DHAVE_SYS_SOCKET_H -DHAVE_SYS_STAT_H -DHAVE_SYS_TIME_H -DHAVE_SYS_TYPES_H -DHAVE_SYS_UN_H -DHAVE_SYS_XATTR_H -DHAVE_ARPA_INET_H -DHAVE_FCNTL_H -DHAVE_IFADDRS_H -DHAVE_LIBGEN_H -DHAVE_LOCALE_H -DHAVE_NET_IF_H -DHAVE_NETDB_H -DHAVE_NETINET_IN_H -DHAVE_NETINET_TCP_H -DHAVE_NETINET_UDP_H -DHAVE_POLL_H -DHAVE_PWD_H -DHAVE_STDATOMIC_H -DHAVE_STDBOOL_H -DHAVE_STDINT_H -DHAVE_STRINGS_H -DHAVE_TERMIO_H -DHAVE_TERMIOS_H -DHAVE_UNISTD_H -DHAVE_UTIME_H -o CMakeFiles/cmTC_1063b.dir/CurlTests.c.o -c "/home/uhuj/skillbox_cpp/learn_cpp_tasks/out/build/GCC 11.3.0 x86_64-linux-gnu/_deps/curl-src/CMake/CurlTests.c"
/home/uhuj/skillbox_cpp/learn_cpp_tasks/out/build/GCC 11.3.0 x86_64-linux-gnu/_deps/curl-src/CMake/CurlTests.c:429:1: warning: function declaration isn’t a prototype [-Wstrict-prototypes]
  429 | main() {
      | ^~~~
/home/uhuj/skillbox_cpp/learn_cpp_tasks/out/build/GCC 11.3.0 x86_64-linux-gnu/_deps/curl-src/CMake/CurlTests.c: In function ‘main’:
/home/uhuj/skillbox_cpp/learn_cpp_tasks/out/build/GCC 11.3.0 x86_64-linux-gnu/_deps/curl-src/CMake/CurlTests.c:430:6: warning: implicit declaration of function ‘__builtin_available’; did you mean ‘__builtin_scalbl’? [-Wimplicit-function-declaration]
  430 |   if(__builtin_available(macOS 10.12, *)) {}
      |      ^~~~~~~~~~~~~~~~~~~
      |      __builtin_scalbl
/home/uhuj/skillbox_cpp/learn_cpp_tasks/out/build/GCC 11.3.0 x86_64-linux-gnu/_deps/curl-src/CMake/CurlTests.c:430:6: warning: nested extern declaration of ‘__builtin_available’ [-Wnested-externs]
/home/uhuj/skillbox_cpp/learn_cpp_tasks/out/build/GCC 11.3.0 x86_64-linux-gnu/_deps/curl-src/CMake/CurlTests.c:430:26: error: ‘macOS’ undeclared (first use in this function)
  430 |   if(__builtin_available(macOS 10.12, *)) {}
      |                          ^~~~~
/home/uhuj/skillbox_cpp/learn_cpp_tasks/out/build/GCC 11.3.0 x86_64-linux-gnu/_deps/curl-src/CMake/CurlTests.c:430:26: note: each undeclared identifier is reported only once for each function it appears in
/home/uhuj/skillbox_cpp/learn_cpp_tasks/out/build/GCC 11.3.0 x86_64-linux-gnu/_deps/curl-src/CMake/CurlTests.c:430:31: error: expected ‘)’ before numeric constant
  430 |   if(__builtin_available(macOS 10.12, *)) {}
      |                         ~     ^~~~~~
      |                               )
gmake[1]: *** [CMakeFiles/cmTC_1063b.dir/build.make:78: CMakeFiles/cmTC_1063b.dir/CurlTests.c.o] Error 1
gmake[1]: Leaving directory '/home/uhuj/skillbox_cpp/learn_cpp_tasks/out/build/GCC 11.3.0 x86_64-linux-gnu/CMakeFiles/CMakeTmp'
gmake: *** [Makefile:127: cmTC_1063b/fast] Error 2


Determining if the include file sys/sdt.h exists failed with the following output:
Change Dir: /home/uhuj/skillbox_cpp/learn_cpp_tasks/out/build/GCC 11.3.0 x86_64-linux-gnu/CMakeFiles/CMakeScratch/TryCompile-OgYWo8

Run Build Command(s):/usr/bin/gmake -f Makefile cmTC_4d050/fast && /usr/bin/gmake  -f CMakeFiles/cmTC_4d050.dir/build.make CMakeFiles/cmTC_4d050.dir/build
gmake[1]: Entering directory '/home/uhuj/skillbox_cpp/learn_cpp_tasks/out/build/GCC 11.3.0 x86_64-linux-gnu/CMakeFiles/CMakeScratch/TryCompile-OgYWo8'
Building C object CMakeFiles/cmTC_4d050.dir/CheckIncludeFile.c.o
/usr/bin/gcc-11   -Wall -Wno-implicit-fallthrough  -std=c99 -o CMakeFiles/cmTC_4d050.dir/CheckIncludeFile.c.o -c "/home/uhuj/skillbox_cpp/learn_cpp_tasks/out/build/GCC 11.3.0 x86_64-linux-gnu/CMakeFiles/CMakeScratch/TryCompile-OgYWo8/CheckIncludeFile.c"
/home/uhuj/skillbox_cpp/learn_cpp_tasks/out/build/GCC 11.3.0 x86_64-linux-gnu/CMakeFiles/CMakeScratch/TryCompile-OgYWo8/CheckIncludeFile.c:1:10: fatal error: sys/sdt.h: No such file or directory
    1 | #include <sys/sdt.h>
      |          ^~~~~~~~~~~
compilation terminated.
gmake[1]: *** [CMakeFiles/cmTC_4d050.dir/build.make:78: CMakeFiles/cmTC_4d050.dir/CheckIncludeFile.c.o] Error 1
gmake[1]: Leaving directory '/home/uhuj/skillbox_cpp/learn_cpp_tasks/out/build/GCC 11.3.0 x86_64-linux-gnu/CMakeFiles/CMakeScratch/TryCompile-OgYWo8'
gmake: *** [Makefile:127: cmTC_4d050/fast] Error 2



Determining if the function connect exists in the socket; failed with the following output:
Change Dir: /home/uhuj/skillbox_cpp/learn_cpp_tasks/out/build/GCC 11.3.0 x86_64-linux-gnu/CMakeFiles/CMakeScratch/TryCompile-iuL1pG

Run Build Command(s):/usr/bin/gmake -f Makefile cmTC_2fc05/fast && /usr/bin/gmake  -f CMakeFiles/cmTC_2fc05.dir/build.make CMakeFiles/cmTC_2fc05.dir/build
gmake[1]: Entering directory '/home/uhuj/skillbox_cpp/learn_cpp_tasks/out/build/GCC 11.3.0 x86_64-linux-gnu/CMakeFiles/CMakeScratch/TryCompile-iuL1pG'
Building C object CMakeFiles/cmTC_2fc05.dir/CheckFunctionExists.c.o
/usr/bin/gcc-11   -W -Wall -pedantic -Wbad-function-cast -Wconversion -Winline -Wmissing-declarations -Wmissing-prototypes -Wnested-externs -Wno-long-long -Wno-multichar -Wpointer-arith -Wshadow -Wsign-compare -Wundef -Wunused -Wwrite-strings -Wcast-align -Wdeclaration-after-statement -Wempty-body -Wendif-labels -Wfloat-equal -Wignored-qualifiers -Wno-format-nonliteral -Wno-sign-conversion -Wno-system-headers -Wstrict-prototypes -Wtype-limits -Wvla -Wmissing-parameter-type -Wold-style-declaration -Wstrict-aliasing=3 -Wformat=2 -Warray-bounds=2 -ftree-vrp -Wduplicated-cond -Wnull-dereference -fdelete-null-pointer-checks -Wshift-negative-value -Wshift-overflow=2 -Walloc-zero -Wduplicated-branches -Wformat-overflow=2 -Wformat-truncation=1 -Wrestrict -Warith-conversion -Wdouble-promotion -Wenum-conversion -Wunused-const-variable -DCHECK_FUNCTION_EXISTS=connect -o CMakeFiles/cmTC_2fc05.dir/CheckFunctionExists.c.o -c "/home/uhuj/skillbox_cpp/learn_cpp_tasks/out/build/GCC 11.3.0 x86_64-linux-gnu/CMakeFiles/CMakeScratch/TryCompile-iuL1pG/CheckFunctionExists.c"
Linking C executable cmTC_2fc05
/usr/bin/cmake -E cmake_link_script CMakeFiles/cmTC_2fc05.dir/link.txt --verbose=1
/usr/bin/gcc-11   -W -Wall -pedantic -Wbad-function-cast -Wconversion -Winline -Wmissing-declarations -Wmissing-prototypes -Wnested-externs -Wno-long-long -Wno-multichar -Wpointer-arith -Wshadow -Wsign-compare -Wundef -Wunused -Wwrite-strings -Wcast-align -Wdeclaration-after-statement -Wempty-body -Wendif-labels -Wfloat-equal -Wignored-qualifiers -Wno-format-nonliteral -Wno-sign-conversion -Wno-system-headers -Wstrict-prototypes -Wtype-limits -Wvla -Wmissing-parameter-type -Wold-style-declaration -Wstrict-aliasing=3 -Wformat=2 -Warray-bounds=2 -ftree-vrp -Wduplicated-cond -Wnull-dereference -fdelete-null-pointer-checks -Wshift-negative-value -Wshift-overflow=2 -Walloc-zero -Wduplicated-branches -Wformat-overflow=2 -Wformat-truncation=1 -Wrestrict -Warith-conversion -Wdouble-promotion -Wenum-conversion -Wunused-const-variable -DCHECK_FUNCTION_EXISTS=connect CMakeFiles/cmTC_2fc05.dir/CheckFunctionExists.c.o -o cmTC_2fc05  -lsocket 
/usr/bin/ld: cannot find -lsocket: No such file or directory
collect2: error: ld returned 1 exit status
gmake[1]: *** [CMakeFiles/cmTC_2fc05.dir/build.make:99: cmTC_2fc05] Error 1
gmake[1]: Leaving directory '/home/uhuj/skillbox_cpp/learn_cpp_tasks/out/build/GCC 11.3.0 x86_64-linux-gnu/CMakeFiles/CMakeScratch/TryCompile-iuL1pG'
gmake: *** [Makefile:127: cmTC_2fc05/fast] Error 2



Determining if the OPENSSL_IS_BORINGSSL exist failed with the following output:
Change Dir: /home/uhuj/skillbox_cpp/learn_cpp_tasks/out/build/GCC 11.3.0 x86_64-linux-gnu/CMakeFiles/CMakeScratch/TryCompile-vYgaGz

Run Build Command(s):/usr/bin/gmake -f Makefile cmTC_5a3ee/fast && /usr/bin/gmake  -f CMakeFiles/cmTC_5a3ee.dir/build.make CMakeFiles/cmTC_5a3ee.dir/build
gmake[1]: Entering directory '/home/uhuj/skillbox_cpp/learn_cpp_tasks/out/build/GCC 11.3.0 x86_64-linux-gnu/CMakeFiles/CMakeScratch/TryCompile-vYgaGz'
Building C object CMakeFiles/cmTC_5a3ee.dir/CheckSymbolExists.c.o
/usr/bin/gcc-11   -W -Wall -pedantic -Wbad-function-cast -Wconversion -Winline -Wmissing-declarations -Wmissing-prototypes -Wnested-externs -Wno-long-long -Wno-multichar -Wpointer-arith -Wshadow -Wsign-compare -Wundef -Wunused -Wwrite-strings -Wcast-align -Wdeclaration-after-statement -Wempty-body -Wendif-labels -Wfloat-equal -Wignored-qualifiers -Wno-format-nonliteral -Wno-sign-conversion -Wno-system-headers -Wstrict-prototypes -Wtype-limits -Wvla -Wmissing-parameter-type -Wold-style-declaration -Wstrict-aliasing=3 -Wformat=2 -Warray-bounds=2 -ftree-vrp -Wduplicated-cond -Wnull-dereference -fdelete-null-pointer-checks -Wshift-negative-value -Wshift-overflow=2 -Walloc-zero -Wduplicated-branches -Wformat-overflow=2 -Wformat-truncation=1 -Wrestrict -Warith-conversion -Wdouble-promotion -Wenum-conversion -Wunused-const-variable  -o CMakeFiles/cmTC_5a3ee.dir/CheckSymbolExists.c.o -c "/home/uhuj/skillbox_cpp/learn_cpp_tasks/out/build/GCC 11.3.0 x86_64-linux-gnu/CMakeFiles/CMakeScratch/TryCompile-vYgaGz/CheckSymbolExists.c"
/home/uhuj/skillbox_cpp/learn_cpp_tasks/out/build/GCC 11.3.0 x86_64-linux-gnu/CMakeFiles/CMakeScratch/TryCompile-vYgaGz/CheckSymbolExists.c:2:10: fatal error: openssl/base.h: No such file or directory
    2 | #include <openssl/base.h>
      |          ^~~~~~~~~~~~~~~~
compilation terminated.
gmake[1]: *** [CMakeFiles/cmTC_5a3ee.dir/build.make:78: CMakeFiles/cmTC_5a3ee.dir/CheckSymbolExists.c.o] Error 1
gmake[1]: Leaving directory '/home/uhuj/skillbox_cpp/learn_cpp_tasks/out/build/GCC 11.3.0 x86_64-linux-gnu/CMakeFiles/CMakeScratch/TryCompile-vYgaGz'
gmake: *** [Makefile:127: cmTC_5a3ee/fast] Error 2


File CheckSymbolExists.c:
/* */
#include <openssl/base.h>

int main(int argc, char** argv)
{
  (void)argv;
#ifndef OPENSSL_IS_BORINGSSL
  return ((int*)(&OPENSSL_IS_BORINGSSL))[argc];
#else
  (void)argc;
  return 0;
#endif
}
Determining if the OPENSSL_IS_AWSLC exist failed with the following output:
Change Dir: /home/uhuj/skillbox_cpp/learn_cpp_tasks/out/build/GCC 11.3.0 x86_64-linux-gnu/CMakeFiles/CMakeScratch/TryCompile-IaJmCH

Run Build Command(s):/usr/bin/gmake -f Makefile cmTC_c37ff/fast && /usr/bin/gmake  -f CMakeFiles/cmTC_c37ff.dir/build.make CMakeFiles/cmTC_c37ff.dir/build
gmake[1]: Entering directory '/home/uhuj/skillbox_cpp/learn_cpp_tasks/out/build/GCC 11.3.0 x86_64-linux-gnu/CMakeFiles/CMakeScratch/TryCompile-IaJmCH'
Building C object CMakeFiles/cmTC_c37ff.dir/CheckSymbolExists.c.o
/usr/bin/gcc-11   -W -Wall -pedantic -Wbad-function-cast -Wconversion -Winline -Wmissing-declarations -Wmissing-prototypes -Wnested-externs -Wno-long-long -Wno-multichar -Wpointer-arith -Wshadow -Wsign-compare -Wundef -Wunused -Wwrite-strings -Wcast-align -Wdeclaration-after-statement -Wempty-body -Wendif-labels -Wfloat-equal -Wignored-qualifiers -Wno-format-nonliteral -Wno-sign-conversion -Wno-system-headers -Wstrict-prototypes -Wtype-limits -Wvla -Wmissing-parameter-type -Wold-style-declaration -Wstrict-aliasing=3 -Wformat=2 -Warray-bounds=2 -ftree-vrp -Wduplicated-cond -Wnull-dereference -fdelete-null-pointer-checks -Wshift-negative-value -Wshift-overflow=2 -Walloc-zero -Wduplicated-branches -Wformat-overflow=2 -Wformat-truncation=1 -Wrestrict -Warith-conversion -Wdouble-promotion -Wenum-conversion -Wunused-const-variable  -o CMakeFiles/cmTC_c37ff.dir/CheckSymbolExists.c.o -c "/home/uhuj/skillbox_cpp/learn_cpp_tasks/out/build/GCC 11.3.0 x86_64-linux-gnu/CMakeFiles/CMakeScratch/TryCompile-IaJmCH/CheckSymbolExists.c"
/home/uhuj/skillbox_cpp/learn_cpp_tasks/out/build/GCC 11.3.0 x86_64-linux-gnu/CMakeFiles/CMakeScratch/TryCompile-IaJmCH/CheckSymbolExists.c:2:10: fatal error: openssl/base.h: No such file or directory
    2 | #include <openssl/base.h>
      |          ^~~~~~~~~~~~~~~~
compilation terminated.
gmake[1]: *** [CMakeFiles/cmTC_c37ff.dir/build.make:78: CMakeFiles/cmTC_c37ff.dir/CheckSymbolExists.c.o] Error 1
gmake[1]: Leaving directory '/home/uhuj/skillbox_cpp/learn_cpp_tasks/out/build/GCC 11.3.0 x86_64-linux-gnu/CMakeFiles/CMakeScratch/TryCompile-IaJmCH'
gmake: *** [Makefile:127: cmTC_c37ff/fast] Error 2


File CheckSymbolExists.c:
/* */
#include <openssl/base.h>

int main(int argc, char** argv)
{
  (void)argv;
#ifndef OPENSSL_IS_AWSLC
  return ((int*)(&OPENSSL_IS_AWSLC))[argc];
#else
  (void)argc;
  return 0;
#endif
}
Determining if the function idn2_lookup_ul exists in the idn2;OpenSSL::SSL;OpenSSL::Crypto;ZLIB::ZLIB failed with the following output:
Change Dir: /home/uhuj/skillbox_cpp/learn_cpp_tasks/out/build/GCC 11.3.0 x86_64-linux-gnu/CMakeFiles/CMakeScratch/TryCompile-IYLWM5

Run Build Command(s):/usr/bin/gmake -f Makefile cmTC_89ee0/fast && /usr/bin/gmake  -f CMakeFiles/cmTC_89ee0.dir/build.make CMakeFiles/cmTC_89ee0.dir/build
gmake[1]: Entering directory '/home/uhuj/skillbox_cpp/learn_cpp_tasks/out/build/GCC 11.3.0 x86_64-linux-gnu/CMakeFiles/CMakeScratch/TryCompile-IYLWM5'
Building C object CMakeFiles/cmTC_89ee0.dir/CheckFunctionExists.c.o
/usr/bin/gcc-11   -W -Wall -pedantic -Wbad-function-cast -Wconversion -Winline -Wmissing-declarations -Wmissing-prototypes -Wnested-externs -Wno-long-long -Wno-multichar -Wpointer-arith -Wshadow -Wsign-compare -Wundef -Wunused -Wwrite-strings -Wcast-align -Wdeclaration-after-statement -Wempty-body -Wendif-labels -Wfloat-equal -Wignored-qualifiers -Wno-format-nonliteral -Wno-sign-conversion -Wno-system-headers -Wstrict-prototypes -Wtype-limits -Wvla -Wmissing-parameter-type -Wold-style-declaration -Wstrict-aliasing=3 -Wformat=2 -Warray-bounds=2 -ftree-vrp -Wduplicated-cond -Wnull-dereference -fdelete-null-pointer-checks -Wshift-negative-value -Wshift-overflow=2 -Walloc-zero -Wduplicated-branches -Wformat-overflow=2 -Wformat-truncation=1 -Wrestrict -Warith-conversion -Wdouble-promotion -Wenum-conversion -Wunused-const-variable -DCHECK_FUNCTION_EXISTS=idn2_lookup_ul -o CMakeFiles/cmTC_89ee0.dir/CheckFunctionExists.c.o -c "/home/uhuj/skillbox_cpp/learn_cpp_tasks/out/build/GCC 11.3.0 x86_64-linux-gnu/CMakeFiles/CMakeScratch/TryCompile-IYLWM5/CheckFunctionExists.c"
Linking C executable cmTC_89ee0
/usr/bin/cmake -E cmake_link_script CMakeFiles/cmTC_89ee0.dir/link.txt --verbose=1
/usr/bin/gcc-11   -W -Wall -pedantic -Wbad-function-cast -Wconversion -Winline -Wmissing-declarations -Wmissing-prototypes -Wnested-externs -Wno-long-long -Wno-multichar -Wpointer-arith -Wshadow -Wsign-compare -Wundef -Wunused -Wwrite-strings -Wcast-align -Wdeclaration-after-statement -Wempty-body -Wendif-labels -Wfloat-equal -Wignored-qualifiers -Wno-format-nonliteral -Wno-sign-conversion -Wno-system-headers -Wstrict-prototypes -Wtype-limits -Wvla -Wmissing-parameter-type -Wold-style-declaration -Wstrict-aliasing=3 -Wformat=2 -Warray-bounds=2 -ftree-vrp -Wduplicated-cond -Wnull-dereference -fdelete-null-pointer-checks -Wshift-negative-value -Wshift-overflow=2 -Walloc-zero -Wduplicated-branches -Wformat-overflow=2 -Wformat-truncation=1 -Wrestrict -Warith-conversion -Wdouble-promotion -Wenum-conversion -Wunused-const-variable -DCHECK_FUNCTION_EXISTS=idn2_lookup_ul CMakeFiles/cmTC_89ee0.dir/CheckFunctionExists.c.o -o cmTC_89ee0  -lidn2 /usr/lib/x86_64-linux-gnu/libssl.so /usr/lib/x86_64-linux-gnu/libcrypto.so /usr/lib/x86_64-linux-gnu/libz.so 
/usr/bin/ld: cannot find -lidn2: No such file or directory
collect2: error: ld returned 1 exit status
gmake[1]: *** [CMakeFiles/cmTC_89ee0.dir/build.make:102: cmTC_89ee0] Error 1
gmake[1]: Leaving directory '/home/uhuj/skillbox_cpp/learn_cpp_tasks/out/build/GCC 11.3.0 x86_64-linux-gnu/CMakeFiles/CMakeScratch/TryCompile-IYLWM5'
gmake: *** [Makefile:127: cmTC_89ee0/fast] Error 2



Determining if files inttypes.h;sys/filio.h exist failed with the following output:
Change Dir: /home/uhuj/skillbox_cpp/learn_cpp_tasks/out/build/GCC 11.3.0 x86_64-linux-gnu/CMakeFiles/CMakeScratch/TryCompile-aafMdz

Run Build Command(s):/usr/bin/gmake -f Makefile cmTC_ca86c/fast && /usr/bin/gmake  -f CMakeFiles/cmTC_ca86c.dir/build.make CMakeFiles/cmTC_ca86c.dir/build
gmake[1]: Entering directory '/home/uhuj/skillbox_cpp/learn_cpp_tasks/out/build/GCC 11.3.0 x86_64-linux-gnu/CMakeFiles/CMakeScratch/TryCompile-aafMdz'
Building C object CMakeFiles/cmTC_ca86c.dir/HAVE_SYS_FILIO_H.c.o
/usr/bin/gcc-11   -W -Wall -pedantic -Wbad-function-cast -Wconversion -Winline -Wmissing-declarations -Wmissing-prototypes -Wnested-externs -Wno-long-long -Wno-multichar -Wpointer-arith -Wshadow -Wsign-compare -Wundef -Wunused -Wwrite-strings -Wcast-align -Wdeclaration-after-statement -Wempty-body -Wendif-labels -Wfloat-equal -Wignored-qualifiers -Wno-format-nonliteral -Wno-sign-conversion -Wno-system-headers -Wstrict-prototypes -Wtype-limits -Wvla -Wmissing-parameter-type -Wold-style-declaration -Wstrict-aliasing=3 -Wformat=2 -Warray-bounds=2 -ftree-vrp -Wduplicated-cond -Wnull-dereference -fdelete-null-pointer-checks -Wshift-negative-value -Wshift-overflow=2 -Walloc-zero -Wduplicated-branches -Wformat-overflow=2 -Wformat-truncation=1 -Wrestrict -Warith-conversion -Wdouble-promotion -Wenum-conversion -Wunused-const-variable  -o CMakeFiles/cmTC_ca86c.dir/HAVE_SYS_FILIO_H.c.o -c "/home/uhuj/skillbox_cpp/learn_cpp_tasks/out/build/GCC 11.3.0 x86_64-linux-gnu/CMakeFiles/CMakeScratch/TryCompile-aafMdz/HAVE_SYS_FILIO_H.c"
/home/uhuj/skillbox_cpp/learn_cpp_tasks/out/build/GCC 11.3.0 x86_64-linux-gnu/CMakeFiles/CMakeScratch/TryCompile-aafMdz/HAVE_SYS_FILIO_H.c:3:10: fatal error: sys/filio.h: No such file or directory
    3 | #include <sys/filio.h>
      |          ^~~~~~~~~~~~~
compilation terminated.
gmake[1]: *** [CMakeFiles/cmTC_ca86c.dir/build.make:78: CMakeFiles/cmTC_ca86c.dir/HAVE_SYS_FILIO_H.c.o] Error 1
gmake[1]: Leaving directory '/home/uhuj/skillbox_cpp/learn_cpp_tasks/out/build/GCC 11.3.0 x86_64-linux-gnu/CMakeFiles/CMakeScratch/TryCompile-aafMdz'
gmake: *** [Makefile:127: cmTC_ca86c/fast] Error 2


Source:
/* */
#include <inttypes.h>
#include <sys/filio.h>


int main(void){return 0;}

Determining if files inttypes.h;sys/wait.h;sys/ioctl.h;sys/param.h;sys/poll.h;sys/resource.h;sys/select.h;sys/socket.h;sys/sockio.h exist failed with the following output:
Change Dir: /home/uhuj/skillbox_cpp/learn_cpp_tasks/out/build/GCC 11.3.0 x86_64-linux-gnu/CMakeFiles/CMakeScratch/TryCompile-4aLf7s

Run Build Command(s):/usr/bin/gmake -f Makefile cmTC_ee957/fast && /usr/bin/gmake  -f CMakeFiles/cmTC_ee957.dir/build.make CMakeFiles/cmTC_ee957.dir/build
gmake[1]: Entering directory '/home/uhuj/skillbox_cpp/learn_cpp_tasks/out/build/GCC 11.3.0 x86_64-linux-gnu/CMakeFiles/CMakeScratch/TryCompile-4aLf7s'
Building C object CMakeFiles/cmTC_ee957.dir/HAVE_SYS_SOCKIO_H.c.o
/usr/bin/gcc-11   -W -Wall -pedantic -Wbad-function-cast -Wconversion -Winline -Wmissing-declarations -Wmissing-prototypes -Wnested-externs -Wno-long-long -Wno-multichar -Wpointer-arith -Wshadow -Wsign-compare -Wundef -Wunused -Wwrite-strings -Wcast-align -Wdeclaration-after-statement -Wempty-body -Wendif-labels -Wfloat-equal -Wignored-qualifiers -Wno-format-nonliteral -Wno-sign-conversion -Wno-system-headers -Wstrict-prototypes -Wtype-limits -Wvla -Wmissing-parameter-type -Wold-style-declaration -Wstrict-aliasing=3 -Wformat=2 -Warray-bounds=2 -ftree-vrp -Wduplicated-cond -Wnull-dereference -fdelete-null-pointer-checks -Wshift-negative-value -Wshift-overflow=2 -Walloc-zero -Wduplicated-branches -Wformat-overflow=2 -Wformat-truncation=1 -Wrestrict -Warith-conversion -Wdouble-promotion -Wenum-conversion -Wunused-const-variable  -o CMakeFiles/cmTC_ee957.dir/HAVE_SYS_SOCKIO_H.c.o -c "/home/uhuj/skillbox_cpp/learn_cpp_tasks/out/build/GCC 11.3.0 x86_64-linux-gnu/CMakeFiles/CMakeScratch/TryCompile-4aLf7s/HAVE_SYS_SOCKIO_H.c"
/home/uhuj/skillbox_cpp/learn_cpp_tasks/out/build/GCC 11.3.0 x86_64-linux-gnu/CMakeFiles/CMakeScratch/TryCompile-4aLf7s/HAVE_SYS_SOCKIO_H.c:10:10: fatal error: sys/sockio.h: No such file or directory
   10 | #include <sys/sockio.h>
      |          ^~~~~~~~~~~~~~
compilation terminated.
gmake[1]: *** [CMakeFiles/cmTC_ee957.dir/build.make:78: CMakeFiles/cmTC_ee957.dir/HAVE_SYS_SOCKIO_H.c.o] Error 1
gmake[1]: Leaving directory '/home/uhuj/skillbox_cpp/learn_cpp_tasks/out/build/GCC 11.3.0 x86_64-linux-gnu/CMakeFiles/CMakeScratch/TryCompile-4aLf7s'
gmake: *** [Makefile:127: cmTC_ee957/fast] Error 2


Source:
/* */
#include <inttypes.h>
#include <sys/wait.h>
#include <sys/ioctl.h>
#include <sys/param.h>
#include <sys/poll.h>
#include <sys/resource.h>
#include <sys/select.h>
#include <sys/socket.h>
#include <sys/sockio.h>


int main(void){return 0;}

Determining if files inttypes.h;sys/wait.h;sys/ioctl.h;sys/param.h;sys/poll.h;sys/resource.h;sys/select.h;sys/socket.h;sys/stat.h;sys/time.h;sys/types.h;sys/un.h;sys/utime.h exist failed with the following output:
Change Dir: /home/uhuj/skillbox_cpp/learn_cpp_tasks/out/build/GCC 11.3.0 x86_64-linux-gnu/CMakeFiles/CMakeScratch/TryCompile-3GId31

Run Build Command(s):/usr/bin/gmake -f Makefile cmTC_765ec/fast && /usr/bin/gmake  -f CMakeFiles/cmTC_765ec.dir/build.make CMakeFiles/cmTC_765ec.dir/build
gmake[1]: Entering directory '/home/uhuj/skillbox_cpp/learn_cpp_tasks/out/build/GCC 11.3.0 x86_64-linux-gnu/CMakeFiles/CMakeScratch/TryCompile-3GId31'
Building C object CMakeFiles/cmTC_765ec.dir/HAVE_SYS_UTIME_H.c.o
/usr/bin/gcc-11   -W -Wall -pedantic -Wbad-function-cast -Wconversion -Winline -Wmissing-declarations -Wmissing-prototypes -Wnested-externs -Wno-long-long -Wno-multichar -Wpointer-arith -Wshadow -Wsign-compare -Wundef -Wunused -Wwrite-strings -Wcast-align -Wdeclaration-after-statement -Wempty-body -Wendif-labels -Wfloat-equal -Wignored-qualifiers -Wno-format-nonliteral -Wno-sign-conversion -Wno-system-headers -Wstrict-prototypes -Wtype-limits -Wvla -Wmissing-parameter-type -Wold-style-declaration -Wstrict-aliasing=3 -Wformat=2 -Warray-bounds=2 -ftree-vrp -Wduplicated-cond -Wnull-dereference -fdelete-null-pointer-checks -Wshift-negative-value -Wshift-overflow=2 -Walloc-zero -Wduplicated-branches -Wformat-overflow=2 -Wformat-truncation=1 -Wrestrict -Warith-conversion -Wdouble-promotion -Wenum-conversion -Wunused-const-variable  -o CMakeFiles/cmTC_765ec.dir/HAVE_SYS_UTIME_H.c.o -c "/home/uhuj/skillbox_cpp/learn_cpp_tasks/out/build/GCC 11.3.0 x86_64-linux-gnu/CMakeFiles/CMakeScratch/TryCompile-3GId31/HAVE_SYS_UTIME_H.c"
/home/uhuj/skillbox_cpp/learn_cpp_tasks/out/build/GCC 11.3.0 x86_64-linux-gnu/CMakeFiles/CMakeScratch/TryCompile-3GId31/HAVE_SYS_UTIME_H.c:14:10: fatal error: sys/utime.h: No such file or directory
   14 | #include <sys/utime.h>
      |          ^~~~~~~~~~~~~
compilation terminated.
gmake[1]: *** [CMakeFiles/cmTC_765ec.dir/build.make:78: CMakeFiles/cmTC_765ec.dir/HAVE_SYS_UTIME_H.c.o] Error 1
gmake[1]: Leaving directory '/home/uhuj/skillbox_cpp/learn_cpp_tasks/out/build/GCC 11.3.0 x86_64-linux-gnu/CMakeFiles/CMakeScratch/TryCompile-3GId31'
gmake: *** [Makefile:127: cmTC_765ec/fast] Error 2


Source:
/* */
#include <inttypes.h>
#include <sys/wait.h>
#include <sys/ioctl.h>
#include <sys/param.h>
#include <sys/poll.h>
#include <sys/resource.h>
#include <sys/select.h>
#include <sys/socket.h>
#include <sys/stat.h>
#include <sys/time.h>
#include <sys/types.h>
#include <sys/un.h>
#include <sys/utime.h>


int main(void){return 0;}

Determining if files inttypes.h;sys/wait.h;sys/ioctl.h;sys/param.h;sys/poll.h;sys/resource.h;sys/select.h;sys/socket.h;sys/stat.h;sys/time.h;sys/types.h;sys/un.h;sys/xattr.h;arpa/inet.h;fcntl.h;idn2.h exist failed with the following output:
Change Dir: /home/uhuj/skillbox_cpp/learn_cpp_tasks/out/build/GCC 11.3.0 x86_64-linux-gnu/CMakeFiles/CMakeScratch/TryCompile-JD3mR6

Run Build Command(s):/usr/bin/gmake -f Makefile cmTC_c3bb5/fast && /usr/bin/gmake  -f CMakeFiles/cmTC_c3bb5.dir/build.make CMakeFiles/cmTC_c3bb5.dir/build
gmake[1]: Entering directory '/home/uhuj/skillbox_cpp/learn_cpp_tasks/out/build/GCC 11.3.0 x86_64-linux-gnu/CMakeFiles/CMakeScratch/TryCompile-JD3mR6'
Building C object CMakeFiles/cmTC_c3bb5.dir/HAVE_IDN2_H.c.o
/usr/bin/gcc-11   -W -Wall -pedantic -Wbad-function-cast -Wconversion -Winline -Wmissing-declarations -Wmissing-prototypes -Wnested-externs -Wno-long-long -Wno-multichar -Wpointer-arith -Wshadow -Wsign-compare -Wundef -Wunused -Wwrite-strings -Wcast-align -Wdeclaration-after-statement -Wempty-body -Wendif-labels -Wfloat-equal -Wignored-qualifiers -Wno-format-nonliteral -Wno-sign-conversion -Wno-system-headers -Wstrict-prototypes -Wtype-limits -Wvla -Wmissing-parameter-type -Wold-style-declaration -Wstrict-aliasing=3 -Wformat=2 -Warray-bounds=2 -ftree-vrp -Wduplicated-cond -Wnull-dereference -fdelete-null-pointer-checks -Wshift-negative-value -Wshift-overflow=2 -Walloc-zero -Wduplicated-branches -Wformat-overflow=2 -Wformat-truncation=1 -Wrestrict -Warith-conversion -Wdouble-promotion -Wenum-conversion -Wunused-const-variable  -o CMakeFiles/cmTC_c3bb5.dir/HAVE_IDN2_H.c.o -c "/home/uhuj/skillbox_cpp/learn_cpp_tasks/out/build/GCC 11.3.0 x86_64-linux-gnu/CMakeFiles/CMakeScratch/TryCompile-JD3mR6/HAVE_IDN2_H.c"
/home/uhuj/skillbox_cpp/learn_cpp_tasks/out/build/GCC 11.3.0 x86_64-linux-gnu/CMakeFiles/CMakeScratch/TryCompile-JD3mR6/HAVE_IDN2_H.c:17:10: fatal error: idn2.h: No such file or directory
   17 | #include <idn2.h>
      |          ^~~~~~~~
compilation terminated.
gmake[1]: *** [CMakeFiles/cmTC_c3bb5.dir/build.make:78: CMakeFiles/cmTC_c3bb5.dir/HAVE_IDN2_H.c.o] Error 1
gmake[1]: Leaving directory '/home/uhuj/skillbox_cpp/learn_cpp_tasks/out/build/GCC 11.3.0 x86_64-linux-gnu/CMakeFiles/CMakeScratch/TryCompile-JD3mR6'
gmake: *** [Makefile:127: cmTC_c3bb5/fast] Error 2


Source:
/* */
#include <inttypes.h>
#include <sys/wait.h>
#include <sys/ioctl.h>
#include <sys/param.h>
#include <sys/poll.h>
#include <sys/resource.h>
#include <sys/select.h>
#include <sys/socket.h>
#include <sys/stat.h>
#include <sys/time.h>
#include <sys/types.h>
#include <sys/un.h>
#include <sys/xattr.h>
#include <arpa/inet.h>
#include <fcntl.h>
#include <idn2.h>


int main(void){return 0;}

Determining if files inttypes.h;sys/wait.h;sys/ioctl.h;sys/param.h;sys/poll.h;sys/resource.h;sys/select.h;sys/socket.h;sys/stat.h;sys/time.h;sys/types.h;sys/un.h;sys/xattr.h;arpa/inet.h;fcntl.h;ifaddrs.h;io.h exist failed with the following output:
Change Dir: /home/uhuj/skillbox_cpp/learn_cpp_tasks/out/build/GCC 11.3.0 x86_64-linux-gnu/CMakeFiles/CMakeScratch/TryCompile-zKa9jU

Run Build Command(s):/usr/bin/gmake -f Makefile cmTC_bfda8/fast && /usr/bin/gmake  -f CMakeFiles/cmTC_bfda8.dir/build.make CMakeFiles/cmTC_bfda8.dir/build
gmake[1]: Entering directory '/home/uhuj/skillbox_cpp/learn_cpp_tasks/out/build/GCC 11.3.0 x86_64-linux-gnu/CMakeFiles/CMakeScratch/TryCompile-zKa9jU'
Building C object CMakeFiles/cmTC_bfda8.dir/HAVE_IO_H.c.o
/usr/bin/gcc-11   -W -Wall -pedantic -Wbad-function-cast -Wconversion -Winline -Wmissing-declarations -Wmissing-prototypes -Wnested-externs -Wno-long-long -Wno-multichar -Wpointer-arith -Wshadow -Wsign-compare -Wundef -Wunused -Wwrite-strings -Wcast-align -Wdeclaration-after-statement -Wempty-body -Wendif-labels -Wfloat-equal -Wignored-qualifiers -Wno-format-nonliteral -Wno-sign-conversion -Wno-system-headers -Wstrict-prototypes -Wtype-limits -Wvla -Wmissing-parameter-type -Wold-style-declaration -Wstrict-aliasing=3 -Wformat=2 -Warray-bounds=2 -ftree-vrp -Wduplicated-cond -Wnull-dereference -fdelete-null-pointer-checks -Wshift-negative-value -Wshift-overflow=2 -Walloc-zero -Wduplicated-branches -Wformat-overflow=2 -Wformat-truncation=1 -Wrestrict -Warith-conversion -Wdouble-promotion -Wenum-conversion -Wunused-const-variable  -o CMakeFiles/cmTC_bfda8.dir/HAVE_IO_H.c.o -c "/home/uhuj/skillbox_cpp/learn_cpp_tasks/out/build/GCC 11.3.0 x86_64-linux-gnu/CMakeFiles/CMakeScratch/TryCompile-zKa9jU/HAVE_IO_H.c"
/home/uhuj/skillbox_cpp/learn_cpp_tasks/out/build/GCC 11.3.0 x86_64-linux-gnu/CMakeFiles/CMakeScratch/TryCompile-zKa9jU/HAVE_IO_H.c:18:10: fatal error: io.h: No such file or directory
   18 | #include <io.h>
      |          ^~~~~~
compilation terminated.
gmake[1]: *** [CMakeFiles/cmTC_bfda8.dir/build.make:78: CMakeFiles/cmTC_bfda8.dir/HAVE_IO_H.c.o] Error 1
gmake[1]: Leaving directory '/home/uhuj/skillbox_cpp/learn_cpp_tasks/out/build/GCC 11.3.0 x86_64-linux-gnu/CMakeFiles/CMakeScratch/TryCompile-zKa9jU'
gmake: *** [Makefile:127: cmTC_bfda8/fast] Error 2


Source:
/* */
#include <inttypes.h>
#include <sys/wait.h>
#include <sys/ioctl.h>
#include <sys/param.h>
#include <sys/poll.h>
#include <sys/resource.h>
#include <sys/select.h>
#include <sys/socket.h>
#include <sys/stat.h>
#include <sys/time.h>
#include <sys/types.h>
#include <sys/un.h>
#include <sys/xattr.h>
#include <arpa/inet.h>
#include <fcntl.h>
#include <ifaddrs.h>
#include <io.h>


int main(void){return 0;}

Determining if files inttypes.h;sys/wait.h;sys/ioctl.h;sys/param.h;sys/poll.h;sys/resource.h;sys/select.h;sys/socket.h;sys/stat.h;sys/time.h;sys/types.h;sys/un.h;sys/xattr.h;arpa/inet.h;fcntl.h;ifaddrs.h;libgen.h;locale.h;net/if.h;netdb.h;netinet/in.h;netinet/tcp.h;netinet/udp.h;poll.h;pwd.h;stdatomic.h;stdbool.h;stdint.h;strings.h;stropts.h exist failed with the following output:
Change Dir: /home/uhuj/skillbox_cpp/learn_cpp_tasks/out/build/GCC 11.3.0 x86_64-linux-gnu/CMakeFiles/CMakeScratch/TryCompile-ogLvA3

Run Build Command(s):/usr/bin/gmake -f Makefile cmTC_5c78c/fast && /usr/bin/gmake  -f CMakeFiles/cmTC_5c78c.dir/build.make CMakeFiles/cmTC_5c78c.dir/build
gmake[1]: Entering directory '/home/uhuj/skillbox_cpp/learn_cpp_tasks/out/build/GCC 11.3.0 x86_64-linux-gnu/CMakeFiles/CMakeScratch/TryCompile-ogLvA3'
Building C object CMakeFiles/cmTC_5c78c.dir/HAVE_STROPTS_H.c.o
/usr/bin/gcc-11   -W -Wall -pedantic -Wbad-function-cast -Wconversion -Winline -Wmissing-declarations -Wmissing-prototypes -Wnested-externs -Wno-long-long -Wno-multichar -Wpointer-arith -Wshadow -Wsign-compare -Wundef -Wunused -Wwrite-strings -Wcast-align -Wdeclaration-after-statement -Wempty-body -Wendif-labels -Wfloat-equal -Wignored-qualifiers -Wno-format-nonliteral -Wno-sign-conversion -Wno-system-headers -Wstrict-prototypes -Wtype-limits -Wvla -Wmissing-parameter-type -Wold-style-declaration -Wstrict-aliasing=3 -Wformat=2 -Warray-bounds=2 -ftree-vrp -Wduplicated-cond -Wnull-dereference -fdelete-null-pointer-checks -Wshift-negative-value -Wshift-overflow=2 -Walloc-zero -Wduplicated-branches -Wformat-overflow=2 -Wformat-truncation=1 -Wrestrict -Warith-conversion -Wdouble-promotion -Wenum-conversion -Wunused-const-variable  -o CMakeFiles/cmTC_5c78c.dir/HAVE_STROPTS_H.c.o -c "/home/uhuj/skillbox_cpp/learn_cpp_tasks/out/build/GCC 11.3.0 x86_64-linux-gnu/CMakeFiles/CMakeScratch/TryCompile-ogLvA3/HAVE_STROPTS_H.c"
/home/uhuj/skillbox_cpp/learn_cpp_tasks/out/build/GCC 11.3.0 x86_64-linux-gnu/CMakeFiles/CMakeScratch/TryCompile-ogLvA3/HAVE_STROPTS_H.c:31:10: fatal error: stropts.h: No such file or directory
   31 | #include <stropts.h>
      |          ^~~~~~~~~~~
compilation terminated.
gmake[1]: *** [CMakeFiles/cmTC_5c78c.dir/build.make:78: CMakeFiles/cmTC_5c78c.dir/HAVE_STROPTS_H.c.o] Error 1
gmake[1]: Leaving directory '/home/uhuj/skillbox_cpp/learn_cpp_tasks/out/build/GCC 11.3.0 x86_64-linux-gnu/CMakeFiles/CMakeScratch/TryCompile-ogLvA3'
gmake: *** [Makefile:127: cmTC_5c78c/fast] Error 2


Source:
/* */
#include <inttypes.h>
#include <sys/wait.h>
#include <sys/ioctl.h>
#include <sys/param.h>
#include <sys/poll.h>
#include <sys/resource.h>
#include <sys/select.h>
#include <sys/socket.h>
#include <sys/stat.h>
#include <sys/time.h>
#include <sys/types.h>
#include <sys/un.h>
#include <sys/xattr.h>
#include <arpa/inet.h>
#include <fcntl.h>
#include <ifaddrs.h>
#include <libgen.h>
#include <locale.h>
#include <net/if.h>
#include <netdb.h>
#include <netinet/in.h>
#include <netinet/tcp.h>
#include <netinet/udp.h>
#include <poll.h>
#include <pwd.h>
#include <stdatomic.h>
#include <stdbool.h>
#include <stdint.h>
#include <strings.h>
#include <stropts.h>


int main(void){return 0;}

Determining size of __int64 failed with the following output:
Change Dir: /home/uhuj/skillbox_cpp/learn_cpp_tasks/out/build/GCC 11.3.0 x86_64-linux-gnu/CMakeFiles/CMakeScratch/TryCompile-7gO8L7

Run Build Command(s):/usr/bin/gmake -f Makefile cmTC_da9b4/fast && /usr/bin/gmake  -f CMakeFiles/cmTC_da9b4.dir/build.make CMakeFiles/cmTC_da9b4.dir/build
gmake[1]: Entering directory '/home/uhuj/skillbox_cpp/learn_cpp_tasks/out/build/GCC 11.3.0 x86_64-linux-gnu/CMakeFiles/CMakeScratch/TryCompile-7gO8L7'
Building C object CMakeFiles/cmTC_da9b4.dir/SIZEOF___INT64.c.o
/usr/bin/gcc-11   -W -Wall -pedantic -Wbad-function-cast -Wconversion -Winline -Wmissing-declarations -Wmissing-prototypes -Wnested-externs -Wno-long-long -Wno-multichar -Wpointer-arith -Wshadow -Wsign-compare -Wundef -Wunused -Wwrite-strings -Wcast-align -Wdeclaration-after-statement -Wempty-body -Wendif-labels -Wfloat-equal -Wignored-qualifiers -Wno-format-nonliteral -Wno-sign-conversion -Wno-system-headers -Wstrict-prototypes -Wtype-limits -Wvla -Wmissing-parameter-type -Wold-style-declaration -Wstrict-aliasing=3 -Wformat=2 -Warray-bounds=2 -ftree-vrp -Wduplicated-cond -Wnull-dereference -fdelete-null-pointer-checks -Wshift-negative-value -Wshift-overflow=2 -Walloc-zero -Wduplicated-branches -Wformat-overflow=2 -Wformat-truncation=1 -Wrestrict -Warith-conversion -Wdouble-promotion -Wenum-conversion -Wunused-const-variable  -o CMakeFiles/cmTC_da9b4.dir/SIZEOF___INT64.c.o -c "/home/uhuj/skillbox_cpp/learn_cpp_tasks/out/build/GCC 11.3.0 x86_64-linux-gnu/CMakeFiles/CMakeScratch/TryCompile-7gO8L7/SIZEOF___INT64.c"
/home/uhuj/skillbox_cpp/learn_cpp_tasks/out/build/GCC 11.3.0 x86_64-linux-gnu/CMakeFiles/CMakeScratch/TryCompile-7gO8L7/SIZEOF___INT64.c:27:22: error: ‘__int64’ undeclared here (not in a function); did you mean ‘__int64_t’?
   27 | #define SIZE (sizeof(__int64))
      |                      ^~~~~~~
/home/uhuj/skillbox_cpp/learn_cpp_tasks/out/build/GCC 11.3.0 x86_64-linux-gnu/CMakeFiles/CMakeScratch/TryCompile-7gO8L7/SIZEOF___INT64.c:29:12: note: in expansion of macro ‘SIZE’
   29 |   ('0' + ((SIZE / 10000)%10)),
      |            ^~~~
gmake[1]: *** [CMakeFiles/cmTC_da9b4.dir/build.make:78: CMakeFiles/cmTC_da9b4.dir/SIZEOF___INT64.c.o] Error 1
gmake[1]: Leaving directory '/home/uhuj/skillbox_cpp/learn_cpp_tasks/out/build/GCC 11.3.0 x86_64-linux-gnu/CMakeFiles/CMakeScratch/TryCompile-7gO8L7'
gmake: *** [Makefile:127: cmTC_da9b4/fast] Error 2


SIZEOF___INT64.c:
#include <sys/types.h>
#include <stdint.h>
#include <stddef.h>


#undef KEY
#if defined(__i386)
# define KEY '_','_','i','3','8','6'
#elif defined(__x86_64)
# define KEY '_','_','x','8','6','_','6','4'
#elif defined(__PPC64__)
# define KEY '_','_','P','P','C','6','4','_','_'
#elif defined(__ppc64__)
# define KEY '_','_','p','p','c','6','4','_','_'
#elif defined(__PPC__)
# define KEY '_','_','P','P','C','_','_'
#elif defined(__ppc__)
# define KEY '_','_','p','p','c','_','_'
#elif defined(__aarch64__)
# define KEY '_','_','a','a','r','c','h','6','4','_','_'
#elif defined(__ARM_ARCH_7A__)
# define KEY '_','_','A','R','M','_','A','R','C','H','_','7','A','_','_'
#elif defined(__ARM_ARCH_7S__)
# define KEY '_','_','A','R','M','_','A','R','C','H','_','7','S','_','_'
#endif

#define SIZE (sizeof(__int64))
static char info_size[] =  {'I', 'N', 'F', 'O', ':', 's','i','z','e','[',
  ('0' + ((SIZE / 10000)%10)),
  ('0' + ((SIZE / 1000)%10)),
  ('0' + ((SIZE / 100)%10)),
  ('0' + ((SIZE / 10)%10)),
  ('0' +  (SIZE    % 10)),
  ']',
#ifdef KEY
  ' ','k','e','y','[', KEY, ']',
#endif
  '\0'};

#ifdef __CLASSIC_C__
int main(argc, argv) int argc; char *argv[];
#else
int main(int argc, char *argv[])
#endif
{
  int require = 0;
  require += info_size[argc];
  (void)argv;
  return require;
}


Determining if the stricmp exist failed with the following output:
Change Dir: /home/uhuj/skillbox_cpp/learn_cpp_tasks/out/build/GCC 11.3.0 x86_64-linux-gnu/CMakeFiles/CMakeScratch/TryCompile-0I5pGH

Run Build Command(s):/usr/bin/gmake -f Makefile cmTC_e1052/fast && /usr/bin/gmake  -f CMakeFiles/cmTC_e1052.dir/build.make CMakeFiles/cmTC_e1052.dir/build
gmake[1]: Entering directory '/home/uhuj/skillbox_cpp/learn_cpp_tasks/out/build/GCC 11.3.0 x86_64-linux-gnu/CMakeFiles/CMakeScratch/TryCompile-0I5pGH'
Building C object CMakeFiles/cmTC_e1052.dir/CheckSymbolExists.c.o
/usr/bin/gcc-11   -W -Wall -pedantic -Wbad-function-cast -Wconversion -Winline -Wmissing-declarations -Wmissing-prototypes -Wnested-externs -Wno-long-long -Wno-multichar -Wpointer-arith -Wshadow -Wsign-compare -Wundef -Wunused -Wwrite-strings -Wcast-align -Wdeclaration-after-statement -Wempty-body -Wendif-labels -Wfloat-equal -Wignored-qualifiers -Wno-format-nonliteral -Wno-sign-conversion -Wno-system-headers -Wstrict-prototypes -Wtype-limits -Wvla -Wmissing-parameter-type -Wold-style-declaration -Wstrict-aliasing=3 -Wformat=2 -Warray-bounds=2 -ftree-vrp -Wduplicated-cond -Wnull-dereference -fdelete-null-pointer-checks -Wshift-negative-value -Wshift-overflow=2 -Walloc-zero -Wduplicated-branches -Wformat-overflow=2 -Wformat-truncation=1 -Wrestrict -Warith-conversion -Wdouble-promotion -Wenum-conversion -Wunused-const-variable  -o CMakeFiles/cmTC_e1052.dir/CheckSymbolExists.c.o -c "/home/uhuj/skillbox_cpp/learn_cpp_tasks/out/build/GCC 11.3.0 x86_64-linux-gnu/CMakeFiles/CMakeScratch/TryCompile-0I5pGH/CheckSymbolExists.c"
/home/uhuj/skillbox_cpp/learn_cpp_tasks/out/build/GCC 11.3.0 x86_64-linux-gnu/CMakeFiles/CMakeScratch/TryCompile-0I5pGH/CheckSymbolExists.c: In function ‘main’:
/home/uhuj/skillbox_cpp/learn_cpp_tasks/out/build/GCC 11.3.0 x86_64-linux-gnu/CMakeFiles/CMakeScratch/TryCompile-0I5pGH/CheckSymbolExists.c:41:19: error: ‘stricmp’ undeclared (first use in this function); did you mean ‘strncmp’?
   41 |   return ((int*)(&stricmp))[argc];
      |                   ^~~~~~~
      |                   strncmp
/home/uhuj/skillbox_cpp/learn_cpp_tasks/out/build/GCC 11.3.0 x86_64-linux-gnu/CMakeFiles/CMakeScratch/TryCompile-0I5pGH/CheckSymbolExists.c:41:19: note: each undeclared identifier is reported only once for each function it appears in
/home/uhuj/skillbox_cpp/learn_cpp_tasks/out/build/GCC 11.3.0 x86_64-linux-gnu/CMakeFiles/CMakeScratch/TryCompile-0I5pGH/CheckSymbolExists.c:37:14: warning: parameter ‘argc’ set but not used [-Wunused-but-set-parameter]
   37 | int main(int argc, char** argv)
      |          ~~~~^~~~
gmake[1]: *** [CMakeFiles/cmTC_e1052.dir/build.make:78: CMakeFiles/cmTC_e1052.dir/CheckSymbolExists.c.o] Error 1
gmake[1]: Leaving directory '/home/uhuj/skillbox_cpp/learn_cpp_tasks/out/build/GCC 11.3.0 x86_64-linux-gnu/CMakeFiles/CMakeScratch/TryCompile-0I5pGH'
gmake: *** [Makefile:127: cmTC_e1052/fast] Error 2


File CheckSymbolExists.c:
/* */
#include <inttypes.h>
#include <sys/wait.h>
#include <sys/ioctl.h>
#include <sys/param.h>
#include <sys/poll.h>
#include <sys/resource.h>
#include <sys/select.h>
#include <sys/socket.h>
#include <sys/stat.h>
#include <sys/time.h>
#include <sys/types.h>
#include <sys/un.h>
#include <sys/xattr.h>
#include <arpa/inet.h>
#include <fcntl.h>
#include <ifaddrs.h>
#include <libgen.h>
#include <locale.h>
#include <net/if.h>
#include <netdb.h>
#include <netinet/in.h>
#include <netinet/tcp.h>
#include <netinet/udp.h>
#include <poll.h>
#include <pwd.h>
#include <stdatomic.h>
#include <stdbool.h>
#include <stdint.h>
#include <strings.h>
#include <termio.h>
#include <termios.h>
#include <unistd.h>
#include <utime.h>
#include <string.h>

int main(int argc, char** argv)
{
  (void)argv;
#ifndef stricmp
  return ((int*)(&stricmp))[argc];
#else
  (void)argc;
  return 0;
#endif
}
Determining if the strcmpi exist failed with the following output:
Change Dir: /home/uhuj/skillbox_cpp/learn_cpp_tasks/out/build/GCC 11.3.0 x86_64-linux-gnu/CMakeFiles/CMakeScratch/TryCompile-BuybeL

Run Build Command(s):/usr/bin/gmake -f Makefile cmTC_5bb65/fast && /usr/bin/gmake  -f CMakeFiles/cmTC_5bb65.dir/build.make CMakeFiles/cmTC_5bb65.dir/build
gmake[1]: Entering directory '/home/uhuj/skillbox_cpp/learn_cpp_tasks/out/build/GCC 11.3.0 x86_64-linux-gnu/CMakeFiles/CMakeScratch/TryCompile-BuybeL'
Building C object CMakeFiles/cmTC_5bb65.dir/CheckSymbolExists.c.o
/usr/bin/gcc-11   -W -Wall -pedantic -Wbad-function-cast -Wconversion -Winline -Wmissing-declarations -Wmissing-prototypes -Wnested-externs -Wno-long-long -Wno-multichar -Wpointer-arith -Wshadow -Wsign-compare -Wundef -Wunused -Wwrite-strings -Wcast-align -Wdeclaration-after-statement -Wempty-body -Wendif-labels -Wfloat-equal -Wignored-qualifiers -Wno-format-nonliteral -Wno-sign-conversion -Wno-system-headers -Wstrict-prototypes -Wtype-limits -Wvla -Wmissing-parameter-type -Wold-style-declaration -Wstrict-aliasing=3 -Wformat=2 -Warray-bounds=2 -ftree-vrp -Wduplicated-cond -Wnull-dereference -fdelete-null-pointer-checks -Wshift-negative-value -Wshift-overflow=2 -Walloc-zero -Wduplicated-branches -Wformat-overflow=2 -Wformat-truncation=1 -Wrestrict -Warith-conversion -Wdouble-promotion -Wenum-conversion -Wunused-const-variable  -o CMakeFiles/cmTC_5bb65.dir/CheckSymbolExists.c.o -c "/home/uhuj/skillbox_cpp/learn_cpp_tasks/out/build/GCC 11.3.0 x86_64-linux-gnu/CMakeFiles/CMakeScratch/TryCompile-BuybeL/CheckSymbolExists.c"
/home/uhuj/skillbox_cpp/learn_cpp_tasks/out/build/GCC 11.3.0 x86_64-linux-gnu/CMakeFiles/CMakeScratch/TryCompile-BuybeL/CheckSymbolExists.c: In function ‘main’:
/home/uhuj/skillbox_cpp/learn_cpp_tasks/out/build/GCC 11.3.0 x86_64-linux-gnu/CMakeFiles/CMakeScratch/TryCompile-BuybeL/CheckSymbolExists.c:41:19: error: ‘strcmpi’ undeclared (first use in this function); did you mean ‘strcmp’?
   41 |   return ((int*)(&strcmpi))[argc];
      |                   ^~~~~~~
      |                   strcmp
/home/uhuj/skillbox_cpp/learn_cpp_tasks/out/build/GCC 11.3.0 x86_64-linux-gnu/CMakeFiles/CMakeScratch/TryCompile-BuybeL/CheckSymbolExists.c:41:19: note: each undeclared identifier is reported only once for each function it appears in
/home/uhuj/skillbox_cpp/learn_cpp_tasks/out/build/GCC 11.3.0 x86_64-linux-gnu/CMakeFiles/CMakeScratch/TryCompile-BuybeL/CheckSymbolExists.c:37:14: warning: parameter ‘argc’ set but not used [-Wunused-but-set-parameter]
   37 | int main(int argc, char** argv)
      |          ~~~~^~~~
gmake[1]: *** [CMakeFiles/cmTC_5bb65.dir/build.make:78: CMakeFiles/cmTC_5bb65.dir/CheckSymbolExists.c.o] Error 1
gmake[1]: Leaving directory '/home/uhuj/skillbox_cpp/learn_cpp_tasks/out/build/GCC 11.3.0 x86_64-linux-gnu/CMakeFiles/CMakeScratch/TryCompile-BuybeL'
gmake: *** [Makefile:127: cmTC_5bb65/fast] Error 2


File CheckSymbolExists.c:
/* */
#include <inttypes.h>
#include <sys/wait.h>
#include <sys/ioctl.h>
#include <sys/param.h>
#include <sys/poll.h>
#include <sys/resource.h>
#include <sys/select.h>
#include <sys/socket.h>
#include <sys/stat.h>
#include <sys/time.h>
#include <sys/types.h>
#include <sys/un.h>
#include <sys/xattr.h>
#include <arpa/inet.h>
#include <fcntl.h>
#include <ifaddrs.h>
#include <libgen.h>
#include <locale.h>
#include <net/if.h>
#include <netdb.h>
#include <netinet/in.h>
#include <netinet/tcp.h>
#include <netinet/udp.h>
#include <poll.h>
#include <pwd.h>
#include <stdatomic.h>
#include <stdbool.h>
#include <stdint.h>
#include <strings.h>
#include <termio.h>
#include <termios.h>
#include <unistd.h>
#include <utime.h>
#include <string.h>

int main(int argc, char** argv)
{
  (void)argv;
#ifndef strcmpi
  return ((int*)(&strcmpi))[argc];
#else
  (void)argc;
  return 0;
#endif
}
Determining if the memrchr exist failed with the following output:
Change Dir: /home/uhuj/skillbox_cpp/learn_cpp_tasks/out/build/GCC 11.3.0 x86_64-linux-gnu/CMakeFiles/CMakeScratch/TryCompile-72XKKI

Run Build Command(s):/usr/bin/gmake -f Makefile cmTC_dacf4/fast && /usr/bin/gmake  -f CMakeFiles/cmTC_dacf4.dir/build.make CMakeFiles/cmTC_dacf4.dir/build
gmake[1]: Entering directory '/home/uhuj/skillbox_cpp/learn_cpp_tasks/out/build/GCC 11.3.0 x86_64-linux-gnu/CMakeFiles/CMakeScratch/TryCompile-72XKKI'
Building C object CMakeFiles/cmTC_dacf4.dir/CheckSymbolExists.c.o
/usr/bin/gcc-11   -W -Wall -pedantic -Wbad-function-cast -Wconversion -Winline -Wmissing-declarations -Wmissing-prototypes -Wnested-externs -Wno-long-long -Wno-multichar -Wpointer-arith -Wshadow -Wsign-compare -Wundef -Wunused -Wwrite-strings -Wcast-align -Wdeclaration-after-statement -Wempty-body -Wendif-labels -Wfloat-equal -Wignored-qualifiers -Wno-format-nonliteral -Wno-sign-conversion -Wno-system-headers -Wstrict-prototypes -Wtype-limits -Wvla -Wmissing-parameter-type -Wold-style-declaration -Wstrict-aliasing=3 -Wformat=2 -Warray-bounds=2 -ftree-vrp -Wduplicated-cond -Wnull-dereference -fdelete-null-pointer-checks -Wshift-negative-value -Wshift-overflow=2 -Walloc-zero -Wduplicated-branches -Wformat-overflow=2 -Wformat-truncation=1 -Wrestrict -Warith-conversion -Wdouble-promotion -Wenum-conversion -Wunused-const-variable  -o CMakeFiles/cmTC_dacf4.dir/CheckSymbolExists.c.o -c "/home/uhuj/skillbox_cpp/learn_cpp_tasks/out/build/GCC 11.3.0 x86_64-linux-gnu/CMakeFiles/CMakeScratch/TryCompile-72XKKI/CheckSymbolExists.c"
/home/uhuj/skillbox_cpp/learn_cpp_tasks/out/build/GCC 11.3.0 x86_64-linux-gnu/CMakeFiles/CMakeScratch/TryCompile-72XKKI/CheckSymbolExists.c: In function ‘main’:
/home/uhuj/skillbox_cpp/learn_cpp_tasks/out/build/GCC 11.3.0 x86_64-linux-gnu/CMakeFiles/CMakeScratch/TryCompile-72XKKI/CheckSymbolExists.c:41:19: error: ‘memrchr’ undeclared (first use in this function); did you mean ‘memchr’?
   41 |   return ((int*)(&memrchr))[argc];
      |                   ^~~~~~~
      |                   memchr
/home/uhuj/skillbox_cpp/learn_cpp_tasks/out/build/GCC 11.3.0 x86_64-linux-gnu/CMakeFiles/CMakeScratch/TryCompile-72XKKI/CheckSymbolExists.c:41:19: note: each undeclared identifier is reported only once for each function it appears in
/home/uhuj/skillbox_cpp/learn_cpp_tasks/out/build/GCC 11.3.0 x86_64-linux-gnu/CMakeFiles/CMakeScratch/TryCompile-72XKKI/CheckSymbolExists.c:37:14: warning: parameter ‘argc’ set but not used [-Wunused-but-set-parameter]
   37 | int main(int argc, char** argv)
      |          ~~~~^~~~
gmake[1]: *** [CMakeFiles/cmTC_dacf4.dir/build.make:78: CMakeFiles/cmTC_dacf4.dir/CheckSymbolExists.c.o] Error 1
gmake[1]: Leaving directory '/home/uhuj/skillbox_cpp/learn_cpp_tasks/out/build/GCC 11.3.0 x86_64-linux-gnu/CMakeFiles/CMakeScratch/TryCompile-72XKKI'
gmake: *** [Makefile:127: cmTC_dacf4/fast] Error 2


File CheckSymbolExists.c:
/* */
#include <inttypes.h>
#include <sys/wait.h>
#include <sys/ioctl.h>
#include <sys/param.h>
#include <sys/poll.h>
#include <sys/resource.h>
#include <sys/select.h>
#include <sys/socket.h>
#include <sys/stat.h>
#include <sys/time.h>
#include <sys/types.h>
#include <sys/un.h>
#include <sys/xattr.h>
#include <arpa/inet.h>
#include <fcntl.h>
#include <ifaddrs.h>
#include <libgen.h>
#include <locale.h>
#include <net/if.h>
#include <netdb.h>
#include <netinet/in.h>
#include <netinet/tcp.h>
#include <netinet/udp.h>
#include <poll.h>
#include <pwd.h>
#include <stdatomic.h>
#include <stdbool.h>
#include <stdint.h>
#include <strings.h>
#include <termio.h>
#include <termios.h>
#include <unistd.h>
#include <utime.h>
#include <string.h>

int main(int argc, char** argv)
{
  (void)argv;
#ifndef memrchr
  return ((int*)(&memrchr))[argc];
#else
  (void)argc;
  return 0;
#endif
}
Determining if the closesocket exist failed with the following output:
Change Dir: /home/uhuj/skillbox_cpp/learn_cpp_tasks/out/build/GCC 11.3.0 x86_64-linux-gnu/CMakeFiles/CMakeScratch/TryCompile-2TIdT0

Run Build Command(s):/usr/bin/gmake -f Makefile cmTC_00fc8/fast && /usr/bin/gmake  -f CMakeFiles/cmTC_00fc8.dir/build.make CMakeFiles/cmTC_00fc8.dir/build
gmake[1]: Entering directory '/home/uhuj/skillbox_cpp/learn_cpp_tasks/out/build/GCC 11.3.0 x86_64-linux-gnu/CMakeFiles/CMakeScratch/TryCompile-2TIdT0'
Building C object CMakeFiles/cmTC_00fc8.dir/CheckSymbolExists.c.o
/usr/bin/gcc-11   -W -Wall -pedantic -Wbad-function-cast -Wconversion -Winline -Wmissing-declarations -Wmissing-prototypes -Wnested-externs -Wno-long-long -Wno-multichar -Wpointer-arith -Wshadow -Wsign-compare -Wundef -Wunused -Wwrite-strings -Wcast-align -Wdeclaration-after-statement -Wempty-body -Wendif-labels -Wfloat-equal -Wignored-qualifiers -Wno-format-nonliteral -Wno-sign-conversion -Wno-system-headers -Wstrict-prototypes -Wtype-limits -Wvla -Wmissing-parameter-type -Wold-style-declaration -Wstrict-aliasing=3 -Wformat=2 -Warray-bounds=2 -ftree-vrp -Wduplicated-cond -Wnull-dereference -fdelete-null-pointer-checks -Wshift-negative-value -Wshift-overflow=2 -Walloc-zero -Wduplicated-branches -Wformat-overflow=2 -Wformat-truncation=1 -Wrestrict -Warith-conversion -Wdouble-promotion -Wenum-conversion -Wunused-const-variable  -o CMakeFiles/cmTC_00fc8.dir/CheckSymbolExists.c.o -c "/home/uhuj/skillbox_cpp/learn_cpp_tasks/out/build/GCC 11.3.0 x86_64-linux-gnu/CMakeFiles/CMakeScratch/TryCompile-2TIdT0/CheckSymbolExists.c"
/home/uhuj/skillbox_cpp/learn_cpp_tasks/out/build/GCC 11.3.0 x86_64-linux-gnu/CMakeFiles/CMakeScratch/TryCompile-2TIdT0/CheckSymbolExists.c: In function ‘main’:
/home/uhuj/skillbox_cpp/learn_cpp_tasks/out/build/GCC 11.3.0 x86_64-linux-gnu/CMakeFiles/CMakeScratch/TryCompile-2TIdT0/CheckSymbolExists.c:40:19: error: ‘closesocket’ undeclared (first use in this function)
   40 |   return ((int*)(&closesocket))[argc];
      |                   ^~~~~~~~~~~
/home/uhuj/skillbox_cpp/learn_cpp_tasks/out/build/GCC 11.3.0 x86_64-linux-gnu/CMakeFiles/CMakeScratch/TryCompile-2TIdT0/CheckSymbolExists.c:40:19: note: each undeclared identifier is reported only once for each function it appears in
/home/uhuj/skillbox_cpp/learn_cpp_tasks/out/build/GCC 11.3.0 x86_64-linux-gnu/CMakeFiles/CMakeScratch/TryCompile-2TIdT0/CheckSymbolExists.c:36:14: warning: parameter ‘argc’ set but not used [-Wunused-but-set-parameter]
   36 | int main(int argc, char** argv)
      |          ~~~~^~~~
gmake[1]: *** [CMakeFiles/cmTC_00fc8.dir/build.make:78: CMakeFiles/cmTC_00fc8.dir/CheckSymbolExists.c.o] Error 1
gmake[1]: Leaving directory '/home/uhuj/skillbox_cpp/learn_cpp_tasks/out/build/GCC 11.3.0 x86_64-linux-gnu/CMakeFiles/CMakeScratch/TryCompile-2TIdT0'
gmake: *** [Makefile:127: cmTC_00fc8/fast] Error 2


File CheckSymbolExists.c:
/* */
#include <inttypes.h>
#include <sys/wait.h>
#include <sys/ioctl.h>
#include <sys/param.h>
#include <sys/poll.h>
#include <sys/resource.h>
#include <sys/select.h>
#include <sys/socket.h>
#include <sys/stat.h>
#include <sys/time.h>
#include <sys/types.h>
#include <sys/un.h>
#include <sys/xattr.h>
#include <arpa/inet.h>
#include <fcntl.h>
#include <ifaddrs.h>
#include <libgen.h>
#include <locale.h>
#include <net/if.h>
#include <netdb.h>
#include <netinet/in.h>
#include <netinet/tcp.h>
#include <netinet/udp.h>
#include <poll.h>
#include <pwd.h>
#include <stdatomic.h>
#include <stdbool.h>
#include <stdint.h>
#include <strings.h>
#include <termio.h>
#include <termios.h>
#include <unistd.h>
#include <utime.h>

int main(int argc, char** argv)
{
  (void)argv;
#ifndef closesocket
  return ((int*)(&closesocket))[argc];
#else
  (void)argc;
  return 0;
#endif
}
Determining if the getpass_r exist failed with the following output:
Change Dir: /home/uhuj/skillbox_cpp/learn_cpp_tasks/out/build/GCC 11.3.0 x86_64-linux-gnu/CMakeFiles/CMakeScratch/TryCompile-98lSzX

Run Build Command(s):/usr/bin/gmake -f Makefile cmTC_14fec/fast && /usr/bin/gmake  -f CMakeFiles/cmTC_14fec.dir/build.make CMakeFiles/cmTC_14fec.dir/build
gmake[1]: Entering directory '/home/uhuj/skillbox_cpp/learn_cpp_tasks/out/build/GCC 11.3.0 x86_64-linux-gnu/CMakeFiles/CMakeScratch/TryCompile-98lSzX'
Building C object CMakeFiles/cmTC_14fec.dir/CheckSymbolExists.c.o
/usr/bin/gcc-11   -W -Wall -pedantic -Wbad-function-cast -Wconversion -Winline -Wmissing-declarations -Wmissing-prototypes -Wnested-externs -Wno-long-long -Wno-multichar -Wpointer-arith -Wshadow -Wsign-compare -Wundef -Wunused -Wwrite-strings -Wcast-align -Wdeclaration-after-statement -Wempty-body -Wendif-labels -Wfloat-equal -Wignored-qualifiers -Wno-format-nonliteral -Wno-sign-conversion -Wno-system-headers -Wstrict-prototypes -Wtype-limits -Wvla -Wmissing-parameter-type -Wold-style-declaration -Wstrict-aliasing=3 -Wformat=2 -Warray-bounds=2 -ftree-vrp -Wduplicated-cond -Wnull-dereference -fdelete-null-pointer-checks -Wshift-negative-value -Wshift-overflow=2 -Walloc-zero -Wduplicated-branches -Wformat-overflow=2 -Wformat-truncation=1 -Wrestrict -Warith-conversion -Wdouble-promotion -Wenum-conversion -Wunused-const-variable  -o CMakeFiles/cmTC_14fec.dir/CheckSymbolExists.c.o -c "/home/uhuj/skillbox_cpp/learn_cpp_tasks/out/build/GCC 11.3.0 x86_64-linux-gnu/CMakeFiles/CMakeScratch/TryCompile-98lSzX/CheckSymbolExists.c"
/home/uhuj/skillbox_cpp/learn_cpp_tasks/out/build/GCC 11.3.0 x86_64-linux-gnu/CMakeFiles/CMakeScratch/TryCompile-98lSzX/CheckSymbolExists.c: In function ‘main’:
/home/uhuj/skillbox_cpp/learn_cpp_tasks/out/build/GCC 11.3.0 x86_64-linux-gnu/CMakeFiles/CMakeScratch/TryCompile-98lSzX/CheckSymbolExists.c:40:19: error: ‘getpass_r’ undeclared (first use in this function); did you mean ‘getpass’?
   40 |   return ((int*)(&getpass_r))[argc];
      |                   ^~~~~~~~~
      |                   getpass
/home/uhuj/skillbox_cpp/learn_cpp_tasks/out/build/GCC 11.3.0 x86_64-linux-gnu/CMakeFiles/CMakeScratch/TryCompile-98lSzX/CheckSymbolExists.c:40:19: note: each undeclared identifier is reported only once for each function it appears in
/home/uhuj/skillbox_cpp/learn_cpp_tasks/out/build/GCC 11.3.0 x86_64-linux-gnu/CMakeFiles/CMakeScratch/TryCompile-98lSzX/CheckSymbolExists.c:36:14: warning: parameter ‘argc’ set but not used [-Wunused-but-set-parameter]
   36 | int main(int argc, char** argv)
      |          ~~~~^~~~
gmake[1]: *** [CMakeFiles/cmTC_14fec.dir/build.make:78: CMakeFiles/cmTC_14fec.dir/CheckSymbolExists.c.o] Error 1
gmake[1]: Leaving directory '/home/uhuj/skillbox_cpp/learn_cpp_tasks/out/build/GCC 11.3.0 x86_64-linux-gnu/CMakeFiles/CMakeScratch/TryCompile-98lSzX'
gmake: *** [Makefile:127: cmTC_14fec/fast] Error 2


File CheckSymbolExists.c:
/* */
#include <inttypes.h>
#include <sys/wait.h>
#include <sys/ioctl.h>
#include <sys/param.h>
#include <sys/poll.h>
#include <sys/resource.h>
#include <sys/select.h>
#include <sys/socket.h>
#include <sys/stat.h>
#include <sys/time.h>
#include <sys/types.h>
#include <sys/un.h>
#include <sys/xattr.h>
#include <arpa/inet.h>
#include <fcntl.h>
#include <ifaddrs.h>
#include <libgen.h>
#include <locale.h>
#include <net/if.h>
#include <netdb.h>
#include <netinet/in.h>
#include <netinet/tcp.h>
#include <netinet/udp.h>
#include <poll.h>
#include <pwd.h>
#include <stdatomic.h>
#include <stdbool.h>
#include <stdint.h>
#include <strings.h>
#include <termio.h>
#include <termios.h>
#include <unistd.h>
#include <utime.h>

int main(int argc, char** argv)
{
  (void)argv;
#ifndef getpass_r
  return ((int*)(&getpass_r))[argc];
#else
  (void)argc;
  return 0;
#endif
}
Determining if the _fseeki64 exist failed with the following output:
Change Dir: /home/uhuj/skillbox_cpp/learn_cpp_tasks/out/build/GCC 11.3.0 x86_64-linux-gnu/CMakeFiles/CMakeScratch/TryCompile-wcUbHM

Run Build Command(s):/usr/bin/gmake -f Makefile cmTC_56cc6/fast && /usr/bin/gmake  -f CMakeFiles/cmTC_56cc6.dir/build.make CMakeFiles/cmTC_56cc6.dir/build
gmake[1]: Entering directory '/home/uhuj/skillbox_cpp/learn_cpp_tasks/out/build/GCC 11.3.0 x86_64-linux-gnu/CMakeFiles/CMakeScratch/TryCompile-wcUbHM'
Building C object CMakeFiles/cmTC_56cc6.dir/CheckSymbolExists.c.o
/usr/bin/gcc-11   -W -Wall -pedantic -Wbad-function-cast -Wconversion -Winline -Wmissing-declarations -Wmissing-prototypes -Wnested-externs -Wno-long-long -Wno-multichar -Wpointer-arith -Wshadow -Wsign-compare -Wundef -Wunused -Wwrite-strings -Wcast-align -Wdeclaration-after-statement -Wempty-body -Wendif-labels -Wfloat-equal -Wignored-qualifiers -Wno-format-nonliteral -Wno-sign-conversion -Wno-system-headers -Wstrict-prototypes -Wtype-limits -Wvla -Wmissing-parameter-type -Wold-style-declaration -Wstrict-aliasing=3 -Wformat=2 -Warray-bounds=2 -ftree-vrp -Wduplicated-cond -Wnull-dereference -fdelete-null-pointer-checks -Wshift-negative-value -Wshift-overflow=2 -Walloc-zero -Wduplicated-branches -Wformat-overflow=2 -Wformat-truncation=1 -Wrestrict -Warith-conversion -Wdouble-promotion -Wenum-conversion -Wunused-const-variable  -o CMakeFiles/cmTC_56cc6.dir/CheckSymbolExists.c.o -c "/home/uhuj/skillbox_cpp/learn_cpp_tasks/out/build/GCC 11.3.0 x86_64-linux-gnu/CMakeFiles/CMakeScratch/TryCompile-wcUbHM/CheckSymbolExists.c"
/home/uhuj/skillbox_cpp/learn_cpp_tasks/out/build/GCC 11.3.0 x86_64-linux-gnu/CMakeFiles/CMakeScratch/TryCompile-wcUbHM/CheckSymbolExists.c: In function ‘main’:
/home/uhuj/skillbox_cpp/learn_cpp_tasks/out/build/GCC 11.3.0 x86_64-linux-gnu/CMakeFiles/CMakeScratch/TryCompile-wcUbHM/CheckSymbolExists.c:41:19: error: ‘_fseeki64’ undeclared (first use in this function)
   41 |   return ((int*)(&_fseeki64))[argc];
      |                   ^~~~~~~~~
/home/uhuj/skillbox_cpp/learn_cpp_tasks/out/build/GCC 11.3.0 x86_64-linux-gnu/CMakeFiles/CMakeScratch/TryCompile-wcUbHM/CheckSymbolExists.c:41:19: note: each undeclared identifier is reported only once for each function it appears in
/home/uhuj/skillbox_cpp/learn_cpp_tasks/out/build/GCC 11.3.0 x86_64-linux-gnu/CMakeFiles/CMakeScratch/TryCompile-wcUbHM/CheckSymbolExists.c:37:14: warning: parameter ‘argc’ set but not used [-Wunused-but-set-parameter]
   37 | int main(int argc, char** argv)
      |          ~~~~^~~~
gmake[1]: *** [CMakeFiles/cmTC_56cc6.dir/build.make:78: CMakeFiles/cmTC_56cc6.dir/CheckSymbolExists.c.o] Error 1
gmake[1]: Leaving directory '/home/uhuj/skillbox_cpp/learn_cpp_tasks/out/build/GCC 11.3.0 x86_64-linux-gnu/CMakeFiles/CMakeScratch/TryCompile-wcUbHM'
gmake: *** [Makefile:127: cmTC_56cc6/fast] Error 2


File CheckSymbolExists.c:
/* */
#include <inttypes.h>
#include <sys/wait.h>
#include <sys/ioctl.h>
#include <sys/param.h>
#include <sys/poll.h>
#include <sys/resource.h>
#include <sys/select.h>
#include <sys/socket.h>
#include <sys/stat.h>
#include <sys/time.h>
#include <sys/types.h>
#include <sys/un.h>
#include <sys/xattr.h>
#include <arpa/inet.h>
#include <fcntl.h>
#include <ifaddrs.h>
#include <libgen.h>
#include <locale.h>
#include <net/if.h>
#include <netdb.h>
#include <netinet/in.h>
#include <netinet/tcp.h>
#include <netinet/udp.h>
#include <poll.h>
#include <pwd.h>
#include <stdatomic.h>
#include <stdbool.h>
#include <stdint.h>
#include <strings.h>
#include <termio.h>
#include <termios.h>
#include <unistd.h>
#include <utime.h>
#include <stdio.h>

int main(int argc, char** argv)
{
  (void)argv;
#ifndef _fseeki64
  return ((int*)(&_fseeki64))[argc];
#else
  (void)argc;
  return 0;
#endif
}
Determining if the setmode exist failed with the following output:
Change Dir: /home/uhuj/skillbox_cpp/learn_cpp_tasks/out/build/GCC 11.3.0 x86_64-linux-gnu/CMakeFiles/CMakeScratch/TryCompile-9xUtJX

Run Build Command(s):/usr/bin/gmake -f Makefile cmTC_7049d/fast && /usr/bin/gmake  -f CMakeFiles/cmTC_7049d.dir/build.make CMakeFiles/cmTC_7049d.dir/build
gmake[1]: Entering directory '/home/uhuj/skillbox_cpp/learn_cpp_tasks/out/build/GCC 11.3.0 x86_64-linux-gnu/CMakeFiles/CMakeScratch/TryCompile-9xUtJX'
Building C object CMakeFiles/cmTC_7049d.dir/CheckSymbolExists.c.o
/usr/bin/gcc-11   -W -Wall -pedantic -Wbad-function-cast -Wconversion -Winline -Wmissing-declarations -Wmissing-prototypes -Wnested-externs -Wno-long-long -Wno-multichar -Wpointer-arith -Wshadow -Wsign-compare -Wundef -Wunused -Wwrite-strings -Wcast-align -Wdeclaration-after-statement -Wempty-body -Wendif-labels -Wfloat-equal -Wignored-qualifiers -Wno-format-nonliteral -Wno-sign-conversion -Wno-system-headers -Wstrict-prototypes -Wtype-limits -Wvla -Wmissing-parameter-type -Wold-style-declaration -Wstrict-aliasing=3 -Wformat=2 -Warray-bounds=2 -ftree-vrp -Wduplicated-cond -Wnull-dereference -fdelete-null-pointer-checks -Wshift-negative-value -Wshift-overflow=2 -Walloc-zero -Wduplicated-branches -Wformat-overflow=2 -Wformat-truncation=1 -Wrestrict -Warith-conversion -Wdouble-promotion -Wenum-conversion -Wunused-const-variable  -o CMakeFiles/cmTC_7049d.dir/CheckSymbolExists.c.o -c "/home/uhuj/skillbox_cpp/learn_cpp_tasks/out/build/GCC 11.3.0 x86_64-linux-gnu/CMakeFiles/CMakeScratch/TryCompile-9xUtJX/CheckSymbolExists.c"
/home/uhuj/skillbox_cpp/learn_cpp_tasks/out/build/GCC 11.3.0 x86_64-linux-gnu/CMakeFiles/CMakeScratch/TryCompile-9xUtJX/CheckSymbolExists.c: In function ‘main’:
/home/uhuj/skillbox_cpp/learn_cpp_tasks/out/build/GCC 11.3.0 x86_64-linux-gnu/CMakeFiles/CMakeScratch/TryCompile-9xUtJX/CheckSymbolExists.c:40:19: error: ‘setmode’ undeclared (first use in this function)
   40 |   return ((int*)(&setmode))[argc];
      |                   ^~~~~~~
/home/uhuj/skillbox_cpp/learn_cpp_tasks/out/build/GCC 11.3.0 x86_64-linux-gnu/CMakeFiles/CMakeScratch/TryCompile-9xUtJX/CheckSymbolExists.c:40:19: note: each undeclared identifier is reported only once for each function it appears in
/home/uhuj/skillbox_cpp/learn_cpp_tasks/out/build/GCC 11.3.0 x86_64-linux-gnu/CMakeFiles/CMakeScratch/TryCompile-9xUtJX/CheckSymbolExists.c:36:14: warning: parameter ‘argc’ set but not used [-Wunused-but-set-parameter]
   36 | int main(int argc, char** argv)
      |          ~~~~^~~~
gmake[1]: *** [CMakeFiles/cmTC_7049d.dir/build.make:78: CMakeFiles/cmTC_7049d.dir/CheckSymbolExists.c.o] Error 1
gmake[1]: Leaving directory '/home/uhuj/skillbox_cpp/learn_cpp_tasks/out/build/GCC 11.3.0 x86_64-linux-gnu/CMakeFiles/CMakeScratch/TryCompile-9xUtJX'
gmake: *** [Makefile:127: cmTC_7049d/fast] Error 2


File CheckSymbolExists.c:
/* */
#include <inttypes.h>
#include <sys/wait.h>
#include <sys/ioctl.h>
#include <sys/param.h>
#include <sys/poll.h>
#include <sys/resource.h>
#include <sys/select.h>
#include <sys/socket.h>
#include <sys/stat.h>
#include <sys/time.h>
#include <sys/types.h>
#include <sys/un.h>
#include <sys/xattr.h>
#include <arpa/inet.h>
#include <fcntl.h>
#include <ifaddrs.h>
#include <libgen.h>
#include <locale.h>
#include <net/if.h>
#include <netdb.h>
#include <netinet/in.h>
#include <netinet/tcp.h>
#include <netinet/udp.h>
#include <poll.h>
#include <pwd.h>
#include <stdatomic.h>
#include <stdbool.h>
#include <stdint.h>
#include <strings.h>
#include <termio.h>
#include <termios.h>
#include <unistd.h>
#include <utime.h>

int main(int argc, char** argv)
{
  (void)argv;
#ifndef setmode
  return ((int*)(&setmode))[argc];
#else
  (void)argc;
  return 0;
#endif
}
Determining if the function mach_absolute_time exists failed with the following output:
Change Dir: /home/uhuj/skillbox_cpp/learn_cpp_tasks/out/build/GCC 11.3.0 x86_64-linux-gnu/CMakeFiles/CMakeScratch/TryCompile-Z3S3HL

Run Build Command(s):/usr/bin/gmake -f Makefile cmTC_0d9b8/fast && /usr/bin/gmake  -f CMakeFiles/cmTC_0d9b8.dir/build.make CMakeFiles/cmTC_0d9b8.dir/build
gmake[1]: Entering directory '/home/uhuj/skillbox_cpp/learn_cpp_tasks/out/build/GCC 11.3.0 x86_64-linux-gnu/CMakeFiles/CMakeScratch/TryCompile-Z3S3HL'
Building C object CMakeFiles/cmTC_0d9b8.dir/CheckFunctionExists.c.o
/usr/bin/gcc-11   -W -Wall -pedantic -Wbad-function-cast -Wconversion -Winline -Wmissing-declarations -Wmissing-prototypes -Wnested-externs -Wno-long-long -Wno-multichar -Wpointer-arith -Wshadow -Wsign-compare -Wundef -Wunused -Wwrite-strings -Wcast-align -Wdeclaration-after-statement -Wempty-body -Wendif-labels -Wfloat-equal -Wignored-qualifiers -Wno-format-nonliteral -Wno-sign-conversion -Wno-system-headers -Wstrict-prototypes -Wtype-limits -Wvla -Wmissing-parameter-type -Wold-style-declaration -Wstrict-aliasing=3 -Wformat=2 -Warray-bounds=2 -ftree-vrp -Wduplicated-cond -Wnull-dereference -fdelete-null-pointer-checks -Wshift-negative-value -Wshift-overflow=2 -Walloc-zero -Wduplicated-branches -Wformat-overflow=2 -Wformat-truncation=1 -Wrestrict -Warith-conversion -Wdouble-promotion -Wenum-conversion -Wunused-const-variable -DCHECK_FUNCTION_EXISTS=mach_absolute_time -o CMakeFiles/cmTC_0d9b8.dir/CheckFunctionExists.c.o -c "/home/uhuj/skillbox_cpp/learn_cpp_tasks/out/build/GCC 11.3.0 x86_64-linux-gnu/CMakeFiles/CMakeScratch/TryCompile-Z3S3HL/CheckFunctionExists.c"
Linking C executable cmTC_0d9b8
/usr/bin/cmake -E cmake_link_script CMakeFiles/cmTC_0d9b8.dir/link.txt --verbose=1
/usr/bin/gcc-11   -W -Wall -pedantic -Wbad-function-cast -Wconversion -Winline -Wmissing-declarations -Wmissing-prototypes -Wnested-externs -Wno-long-long -Wno-multichar -Wpointer-arith -Wshadow -Wsign-compare -Wundef -Wunused -Wwrite-strings -Wcast-align -Wdeclaration-after-statement -Wempty-body -Wendif-labels -Wfloat-equal -Wignored-qualifiers -Wno-format-nonliteral -Wno-sign-conversion -Wno-system-headers -Wstrict-prototypes -Wtype-limits -Wvla -Wmissing-parameter-type -Wold-style-declaration -Wstrict-aliasing=3 -Wformat=2 -Warray-bounds=2 -ftree-vrp -Wduplicated-cond -Wnull-dereference -fdelete-null-pointer-checks -Wshift-negative-value -Wshift-overflow=2 -Walloc-zero -Wduplicated-branches -Wformat-overflow=2 -Wformat-truncation=1 -Wrestrict -Warith-conversion -Wdouble-promotion -Wenum-conversion -Wunused-const-variable -DCHECK_FUNCTION_EXISTS=mach_absolute_time CMakeFiles/cmTC_0d9b8.dir/CheckFunctionExists.c.o -o cmTC_0d9b8 
/usr/bin/ld: CMakeFiles/cmTC_0d9b8.dir/CheckFunctionExists.c.o: in function `main':
CheckFunctionExists.c:(.text+0x10): undefined reference to `mach_absolute_time'
collect2: error: ld returned 1 exit status
gmake[1]: *** [CMakeFiles/cmTC_0d9b8.dir/build.make:99: cmTC_0d9b8] Error 1
gmake[1]: Leaving directory '/home/uhuj/skillbox_cpp/learn_cpp_tasks/out/build/GCC 11.3.0 x86_64-linux-gnu/CMakeFiles/CMakeScratch/TryCompile-Z3S3HL'
gmake: *** [Makefile:127: cmTC_0d9b8/fast] Error 2



Performing Curl Test HAVE_FSETXATTR_6 failed with the following output:
Change Dir: /home/uhuj/skillbox_cpp/learn_cpp_tasks/out/build/GCC 11.3.0 x86_64-linux-gnu/CMakeFiles/CMakeTmp

Run Build Command(s):/usr/bin/gmake -f Makefile cmTC_4e0bf/fast && /usr/bin/gmake  -f CMakeFiles/cmTC_4e0bf.dir/build.make CMakeFiles/cmTC_4e0bf.dir/build
gmake[1]: Entering directory '/home/uhuj/skillbox_cpp/learn_cpp_tasks/out/build/GCC 11.3.0 x86_64-linux-gnu/CMakeFiles/CMakeTmp'
Building C object CMakeFiles/cmTC_4e0bf.dir/CurlTests.c.o
/usr/bin/gcc-11   -W -Wall -pedantic -Wbad-function-cast -Wconversion -Winline -Wmissing-declarations -Wmissing-prototypes -Wnested-externs -Wno-long-long -Wno-multichar -Wpointer-arith -Wshadow -Wsign-compare -Wundef -Wunused -Wwrite-strings -Wcast-align -Wdeclaration-after-statement -Wempty-body -Wendif-labels -Wfloat-equal -Wignored-qualifiers -Wno-format-nonliteral -Wno-sign-conversion -Wno-system-headers -Wstrict-prototypes -Wtype-limits -Wvla -Wmissing-parameter-type -Wold-style-declaration -Wstrict-aliasing=3 -Wformat=2 -Warray-bounds=2 -ftree-vrp -Wduplicated-cond -Wnull-dereference -fdelete-null-pointer-checks -Wshift-negative-value -Wshift-overflow=2 -Walloc-zero -Wduplicated-branches -Wformat-overflow=2 -Wformat-truncation=1 -Wrestrict -Warith-conversion -Wdouble-promotion -Wenum-conversion -Wunused-const-variable -DHAVE_FSETXATTR_6  -DHAVE_INTTYPES_H -DHAVE_SYS_WAIT_H -DHAVE_SYS_IOCTL_H -DHAVE_SYS_PARAM_H -DHAVE_SYS_POLL_H -DHAVE_SYS_RESOURCE_H -DHAVE_SYS_SELECT_H -DHAVE_SYS_SOCKET_H -DHAVE_SYS_STAT_H -DHAVE_SYS_TIME_H -DHAVE_SYS_TYPES_H -DHAVE_SYS_UN_H -DHAVE_SYS_XATTR_H -DHAVE_ARPA_INET_H -DHAVE_FCNTL_H -DHAVE_IFADDRS_H -DHAVE_LIBGEN_H -DHAVE_LOCALE_H -DHAVE_NET_IF_H -DHAVE_NETDB_H -DHAVE_NETINET_IN_H -DHAVE_NETINET_TCP_H -DHAVE_NETINET_UDP_H -DHAVE_POLL_H -DHAVE_PWD_H -DHAVE_STDATOMIC_H -DHAVE_STDBOOL_H -DHAVE_STDINT_H -DHAVE_STRINGS_H -DHAVE_TERMIO_H -DHAVE_TERMIOS_H -DHAVE_UNISTD_H -DHAVE_UTIME_H -o CMakeFiles/cmTC_4e0bf.dir/CurlTests.c.o -c "/home/uhuj/skillbox_cpp/learn_cpp_tasks/out/build/GCC 11.3.0 x86_64-linux-gnu/_deps/curl-src/CMake/CurlTests.c"
/home/uhuj/skillbox_cpp/learn_cpp_tasks/out/build/GCC 11.3.0 x86_64-linux-gnu/_deps/curl-src/CMake/CurlTests.c:405:1: warning: function declaration isn’t a prototype [-Wstrict-prototypes]
  405 | main() {
      | ^~~~
/home/uhuj/skillbox_cpp/learn_cpp_tasks/out/build/GCC 11.3.0 x86_64-linux-gnu/_deps/curl-src/CMake/CurlTests.c: In function ‘main’:
/home/uhuj/skillbox_cpp/learn_cpp_tasks/out/build/GCC 11.3.0 x86_64-linux-gnu/_deps/curl-src/CMake/CurlTests.c:406:3: error: too many arguments to function ‘fsetxattr’
  406 |   fsetxattr(0, 0, 0, 0, 0, 0);
      |   ^~~~~~~~~
In file included from /home/uhuj/skillbox_cpp/learn_cpp_tasks/out/build/GCC 11.3.0 x86_64-linux-gnu/_deps/curl-src/CMake/CurlTests.c:403:
/usr/include/x86_64-linux-gnu/sys/xattr.h:54:12: note: declared here
   54 | extern int fsetxattr (int __fd, const char *__name, const void *__value,
      |            ^~~~~~~~~
gmake[1]: *** [CMakeFiles/cmTC_4e0bf.dir/build.make:78: CMakeFiles/cmTC_4e0bf.dir/CurlTests.c.o] Error 1
gmake[1]: Leaving directory '/home/uhuj/skillbox_cpp/learn_cpp_tasks/out/build/GCC 11.3.0 x86_64-linux-gnu/CMakeFiles/CMakeTmp'
gmake: *** [Makefile:127: cmTC_4e0bf/fast] Error 2


Determining size of ADDRESS_FAMILY failed with the following output:
Change Dir: /home/uhuj/skillbox_cpp/learn_cpp_tasks/out/build/GCC 11.3.0 x86_64-linux-gnu/CMakeFiles/CMakeScratch/TryCompile-WAS1Gu

Run Build Command(s):/usr/bin/gmake -f Makefile cmTC_0a1eb/fast && /usr/bin/gmake  -f CMakeFiles/cmTC_0a1eb.dir/build.make CMakeFiles/cmTC_0a1eb.dir/build
gmake[1]: Entering directory '/home/uhuj/skillbox_cpp/learn_cpp_tasks/out/build/GCC 11.3.0 x86_64-linux-gnu/CMakeFiles/CMakeScratch/TryCompile-WAS1Gu'
Building C object CMakeFiles/cmTC_0a1eb.dir/SIZEOF_ADDRESS_FAMILY.c.o
/usr/bin/gcc-11   -W -Wall -pedantic -Wbad-function-cast -Wconversion -Winline -Wmissing-declarations -Wmissing-prototypes -Wnested-externs -Wno-long-long -Wno-multichar -Wpointer-arith -Wshadow -Wsign-compare -Wundef -Wunused -Wwrite-strings -Wcast-align -Wdeclaration-after-statement -Wempty-body -Wendif-labels -Wfloat-equal -Wignored-qualifiers -Wno-format-nonliteral -Wno-sign-conversion -Wno-system-headers -Wstrict-prototypes -Wtype-limits -Wvla -Wmissing-parameter-type -Wold-style-declaration -Wstrict-aliasing=3 -Wformat=2 -Warray-bounds=2 -ftree-vrp -Wduplicated-cond -Wnull-dereference -fdelete-null-pointer-checks -Wshift-negative-value -Wshift-overflow=2 -Walloc-zero -Wduplicated-branches -Wformat-overflow=2 -Wformat-truncation=1 -Wrestrict -Warith-conversion -Wdouble-promotion -Wenum-conversion -Wunused-const-variable  -o CMakeFiles/cmTC_0a1eb.dir/SIZEOF_ADDRESS_FAMILY.c.o -c "/home/uhuj/skillbox_cpp/learn_cpp_tasks/out/build/GCC 11.3.0 x86_64-linux-gnu/CMakeFiles/CMakeScratch/TryCompile-WAS1Gu/SIZEOF_ADDRESS_FAMILY.c"
/home/uhuj/skillbox_cpp/learn_cpp_tasks/out/build/GCC 11.3.0 x86_64-linux-gnu/CMakeFiles/CMakeScratch/TryCompile-WAS1Gu/SIZEOF_ADDRESS_FAMILY.c:4:10: fatal error: ws2def.h: No such file or directory
    4 | #include "ws2def.h"
      |          ^~~~~~~~~~
compilation terminated.
gmake[1]: *** [CMakeFiles/cmTC_0a1eb.dir/build.make:78: CMakeFiles/cmTC_0a1eb.dir/SIZEOF_ADDRESS_FAMILY.c.o] Error 1
gmake[1]: Leaving directory '/home/uhuj/skillbox_cpp/learn_cpp_tasks/out/build/GCC 11.3.0 x86_64-linux-gnu/CMakeFiles/CMakeScratch/TryCompile-WAS1Gu'
gmake: *** [Makefile:127: cmTC_0a1eb/fast] Error 2


SIZEOF_ADDRESS_FAMILY.c:
#include <sys/types.h>
#include <stdint.h>
#include <stddef.h>
#include "ws2def.h"


#undef KEY
#if defined(__i386)
# define KEY '_','_','i','3','8','6'
#elif defined(__x86_64)
# define KEY '_','_','x','8','6','_','6','4'
#elif defined(__PPC64__)
# define KEY '_','_','P','P','C','6','4','_','_'
#elif defined(__ppc64__)
# define KEY '_','_','p','p','c','6','4','_','_'
#elif defined(__PPC__)
# define KEY '_','_','P','P','C','_','_'
#elif defined(__ppc__)
# define KEY '_','_','p','p','c','_','_'
#elif defined(__aarch64__)
# define KEY '_','_','a','a','r','c','h','6','4','_','_'
#elif defined(__ARM_ARCH_7A__)
# define KEY '_','_','A','R','M','_','A','R','C','H','_','7','A','_','_'
#elif defined(__ARM_ARCH_7S__)
# define KEY '_','_','A','R','M','_','A','R','C','H','_','7','S','_','_'
#endif

#define SIZE (sizeof(ADDRESS_FAMILY))
static char info_size[] =  {'I', 'N', 'F', 'O', ':', 's','i','z','e','[',
  ('0' + ((SIZE / 10000)%10)),
  ('0' + ((SIZE / 1000)%10)),
  ('0' + ((SIZE / 100)%10)),
  ('0' + ((SIZE / 10)%10)),
  ('0' +  (SIZE    % 10)),
  ']',
#ifdef KEY
  ' ','k','e','y','[', KEY, ']',
#endif
  '\0'};

#ifdef __CLASSIC_C__
int main(argc, argv) int argc; char *argv[];
#else
int main(int argc, char *argv[])
#endif
{
  int require = 0;
  require += info_size[argc];
  (void)argv;
  return require;
}


Performing Curl Test HAVE_IOCTLSOCKET failed with the following output:
Change Dir: /home/uhuj/skillbox_cpp/learn_cpp_tasks/out/build/GCC 11.3.0 x86_64-linux-gnu/CMakeFiles/CMakeTmp

Run Build Command(s):/usr/bin/gmake -f Makefile cmTC_a6ba6/fast && /usr/bin/gmake  -f CMakeFiles/cmTC_a6ba6.dir/build.make CMakeFiles/cmTC_a6ba6.dir/build
gmake[1]: Entering directory '/home/uhuj/skillbox_cpp/learn_cpp_tasks/out/build/GCC 11.3.0 x86_64-linux-gnu/CMakeFiles/CMakeTmp'
Building C object CMakeFiles/cmTC_a6ba6.dir/CurlTests.c.o
/usr/bin/gcc-11   -W -Wall -pedantic -Wbad-function-cast -Wconversion -Winline -Wmissing-declarations -Wmissing-prototypes -Wnested-externs -Wno-long-long -Wno-multichar -Wpointer-arith -Wshadow -Wsign-compare -Wundef -Wunused -Wwrite-strings -Wcast-align -Wdeclaration-after-statement -Wempty-body -Wendif-labels -Wfloat-equal -Wignored-qualifiers -Wno-format-nonliteral -Wno-sign-conversion -Wno-system-headers -Wstrict-prototypes -Wtype-limits -Wvla -Wmissing-parameter-type -Wold-style-declaration -Wstrict-aliasing=3 -Wformat=2 -Warray-bounds=2 -ftree-vrp -Wduplicated-cond -Wnull-dereference -fdelete-null-pointer-checks -Wshift-negative-value -Wshift-overflow=2 -Walloc-zero -Wduplicated-branches -Wformat-overflow=2 -Wformat-truncation=1 -Wrestrict -Warith-conversion -Wdouble-promotion -Wenum-conversion -Wunused-const-variable -DHAVE_IOCTLSOCKET  -DHAVE_INTTYPES_H -DHAVE_SYS_WAIT_H -DHAVE_SYS_IOCTL_H -DHAVE_SYS_PARAM_H -DHAVE_SYS_POLL_H -DHAVE_SYS_RESOURCE_H -DHAVE_SYS_SELECT_H -DHAVE_SYS_SOCKET_H -DHAVE_SYS_STAT_H -DHAVE_SYS_TIME_H -DHAVE_SYS_TYPES_H -DHAVE_SYS_UN_H -DHAVE_SYS_XATTR_H -DHAVE_ARPA_INET_H -DHAVE_FCNTL_H -DHAVE_IFADDRS_H -DHAVE_LIBGEN_H -DHAVE_LOCALE_H -DHAVE_NET_IF_H -DHAVE_NETDB_H -DHAVE_NETINET_IN_H -DHAVE_NETINET_TCP_H -DHAVE_NETINET_UDP_H -DHAVE_POLL_H -DHAVE_PWD_H -DHAVE_STDATOMIC_H -DHAVE_STDBOOL_H -DHAVE_STDINT_H -DHAVE_STRINGS_H -DHAVE_TERMIO_H -DHAVE_TERMIOS_H -DHAVE_UNISTD_H -DHAVE_UTIME_H -o CMakeFiles/cmTC_a6ba6.dir/CurlTests.c.o -c "/home/uhuj/skillbox_cpp/learn_cpp_tasks/out/build/GCC 11.3.0 x86_64-linux-gnu/_deps/curl-src/CMake/CurlTests.c"
/home/uhuj/skillbox_cpp/learn_cpp_tasks/out/build/GCC 11.3.0 x86_64-linux-gnu/_deps/curl-src/CMake/CurlTests.c:199:1: warning: function declaration isn’t a prototype [-Wstrict-prototypes]
  199 | main ()
      | ^~~~
/home/uhuj/skillbox_cpp/learn_cpp_tasks/out/build/GCC 11.3.0 x86_64-linux-gnu/_deps/curl-src/CMake/CurlTests.c: In function ‘main’:
/home/uhuj/skillbox_cpp/learn_cpp_tasks/out/build/GCC 11.3.0 x86_64-linux-gnu/_deps/curl-src/CMake/CurlTests.c:204:24: warning: implicit declaration of function ‘ioctlsocket’ [-Wimplicit-function-declaration]
  204 |  unsigned long flags = ioctlsocket(socket, FIONBIO, &flags);
      |                        ^~~~~~~~~~~
/home/uhuj/skillbox_cpp/learn_cpp_tasks/out/build/GCC 11.3.0 x86_64-linux-gnu/_deps/curl-src/CMake/CurlTests.c:204:24: warning: nested extern declaration of ‘ioctlsocket’ [-Wnested-externs]
/home/uhuj/skillbox_cpp/learn_cpp_tasks/out/build/GCC 11.3.0 x86_64-linux-gnu/_deps/curl-src/CMake/CurlTests.c:204:44: error: ‘FIONBIO’ undeclared (first use in this function)
  204 |  unsigned long flags = ioctlsocket(socket, FIONBIO, &flags);
      |                                            ^~~~~~~
/home/uhuj/skillbox_cpp/learn_cpp_tasks/out/build/GCC 11.3.0 x86_64-linux-gnu/_deps/curl-src/CMake/CurlTests.c:204:44: note: each undeclared identifier is reported only once for each function it appears in
gmake[1]: *** [CMakeFiles/cmTC_a6ba6.dir/build.make:78: CMakeFiles/cmTC_a6ba6.dir/CurlTests.c.o] Error 1
gmake[1]: Leaving directory '/home/uhuj/skillbox_cpp/learn_cpp_tasks/out/build/GCC 11.3.0 x86_64-linux-gnu/CMakeFiles/CMakeTmp'
gmake: *** [Makefile:127: cmTC_a6ba6/fast] Error 2


Performing Curl Test HAVE_IOCTLSOCKET_CAMEL failed with the following output:
Change Dir: /home/uhuj/skillbox_cpp/learn_cpp_tasks/out/build/GCC 11.3.0 x86_64-linux-gnu/CMakeFiles/CMakeTmp

Run Build Command(s):/usr/bin/gmake -f Makefile cmTC_3ddc2/fast && /usr/bin/gmake  -f CMakeFiles/cmTC_3ddc2.dir/build.make CMakeFiles/cmTC_3ddc2.dir/build
gmake[1]: Entering directory '/home/uhuj/skillbox_cpp/learn_cpp_tasks/out/build/GCC 11.3.0 x86_64-linux-gnu/CMakeFiles/CMakeTmp'
Building C object CMakeFiles/cmTC_3ddc2.dir/CurlTests.c.o
/usr/bin/gcc-11   -W -Wall -pedantic -Wbad-function-cast -Wconversion -Winline -Wmissing-declarations -Wmissing-prototypes -Wnested-externs -Wno-long-long -Wno-multichar -Wpointer-arith -Wshadow -Wsign-compare -Wundef -Wunused -Wwrite-strings -Wcast-align -Wdeclaration-after-statement -Wempty-body -Wendif-labels -Wfloat-equal -Wignored-qualifiers -Wno-format-nonliteral -Wno-sign-conversion -Wno-system-headers -Wstrict-prototypes -Wtype-limits -Wvla -Wmissing-parameter-type -Wold-style-declaration -Wstrict-aliasing=3 -Wformat=2 -Warray-bounds=2 -ftree-vrp -Wduplicated-cond -Wnull-dereference -fdelete-null-pointer-checks -Wshift-negative-value -Wshift-overflow=2 -Walloc-zero -Wduplicated-branches -Wformat-overflow=2 -Wformat-truncation=1 -Wrestrict -Warith-conversion -Wdouble-promotion -Wenum-conversion -Wunused-const-variable -DHAVE_IOCTLSOCKET_CAMEL  -DHAVE_INTTYPES_H -DHAVE_SYS_WAIT_H -DHAVE_SYS_IOCTL_H -DHAVE_SYS_PARAM_H -DHAVE_SYS_POLL_H -DHAVE_SYS_RESOURCE_H -DHAVE_SYS_SELECT_H -DHAVE_SYS_SOCKET_H -DHAVE_SYS_STAT_H -DHAVE_SYS_TIME_H -DHAVE_SYS_TYPES_H -DHAVE_SYS_UN_H -DHAVE_SYS_XATTR_H -DHAVE_ARPA_INET_H -DHAVE_FCNTL_H -DHAVE_IFADDRS_H -DHAVE_LIBGEN_H -DHAVE_LOCALE_H -DHAVE_NET_IF_H -DHAVE_NETDB_H -DHAVE_NETINET_IN_H -DHAVE_NETINET_TCP_H -DHAVE_NETINET_UDP_H -DHAVE_POLL_H -DHAVE_PWD_H -DHAVE_STDATOMIC_H -DHAVE_STDBOOL_H -DHAVE_STDINT_H -DHAVE_STRINGS_H -DHAVE_TERMIO_H -DHAVE_TERMIOS_H -DHAVE_UNISTD_H -DHAVE_UTIME_H -o CMakeFiles/cmTC_3ddc2.dir/CurlTests.c.o -c "/home/uhuj/skillbox_cpp/learn_cpp_tasks/out/build/GCC 11.3.0 x86_64-linux-gnu/_deps/curl-src/CMake/CurlTests.c"
/home/uhuj/skillbox_cpp/learn_cpp_tasks/out/build/GCC 11.3.0 x86_64-linux-gnu/_deps/curl-src/CMake/CurlTests.c:224:1: warning: function declaration isn’t a prototype [-Wstrict-prototypes]
  224 | main ()
      | ^~~~
/home/uhuj/skillbox_cpp/learn_cpp_tasks/out/build/GCC 11.3.0 x86_64-linux-gnu/_deps/curl-src/CMake/CurlTests.c: In function ‘main’:
/home/uhuj/skillbox_cpp/learn_cpp_tasks/out/build/GCC 11.3.0 x86_64-linux-gnu/_deps/curl-src/CMake/CurlTests.c:228:13: warning: implicit declaration of function ‘IoctlSocket’ [-Wimplicit-function-declaration]
  228 |     if(0 != IoctlSocket(0, 0, 0))
      |             ^~~~~~~~~~~
/home/uhuj/skillbox_cpp/learn_cpp_tasks/out/build/GCC 11.3.0 x86_64-linux-gnu/_deps/curl-src/CMake/CurlTests.c:228:13: warning: nested extern declaration of ‘IoctlSocket’ [-Wnested-externs]
Linking C executable cmTC_3ddc2
/usr/bin/cmake -E cmake_link_script CMakeFiles/cmTC_3ddc2.dir/link.txt --verbose=1
/usr/bin/gcc-11   -W -Wall -pedantic -Wbad-function-cast -Wconversion -Winline -Wmissing-declarations -Wmissing-prototypes -Wnested-externs -Wno-long-long -Wno-multichar -Wpointer-arith -Wshadow -Wsign-compare -Wundef -Wunused -Wwrite-strings -Wcast-align -Wdeclaration-after-statement -Wempty-body -Wendif-labels -Wfloat-equal -Wignored-qualifiers -Wno-format-nonliteral -Wno-sign-conversion -Wno-system-headers -Wstrict-prototypes -Wtype-limits -Wvla -Wmissing-parameter-type -Wold-style-declaration -Wstrict-aliasing=3 -Wformat=2 -Warray-bounds=2 -ftree-vrp -Wduplicated-cond -Wnull-dereference -fdelete-null-pointer-checks -Wshift-negative-value -Wshift-overflow=2 -Walloc-zero -Wduplicated-branches -Wformat-overflow=2 -Wformat-truncation=1 -Wrestrict -Warith-conversion -Wdouble-promotion -Wenum-conversion -Wunused-const-variable -DHAVE_IOCTLSOCKET_CAMEL  -DHAVE_INTTYPES_H -DHAVE_SYS_WAIT_H -DHAVE_SYS_IOCTL_H -DHAVE_SYS_PARAM_H -DHAVE_SYS_POLL_H -DHAVE_SYS_RESOURCE_H -DHAVE_SYS_SELECT_H -DHAVE_SYS_SOCKET_H -DHAVE_SYS_STAT_H -DHAVE_SYS_TIME_H -DHAVE_SYS_TYPES_H -DHAVE_SYS_UN_H -DHAVE_SYS_XATTR_H -DHAVE_ARPA_INET_H -DHAVE_FCNTL_H -DHAVE_IFADDRS_H -DHAVE_LIBGEN_H -DHAVE_LOCALE_H -DHAVE_NET_IF_H -DHAVE_NETDB_H -DHAVE_NETINET_IN_H -DHAVE_NETINET_TCP_H -DHAVE_NETINET_UDP_H -DHAVE_POLL_H -DHAVE_PWD_H -DHAVE_STDATOMIC_H -DHAVE_STDBOOL_H -DHAVE_STDINT_H -DHAVE_STRINGS_H -DHAVE_TERMIO_H -DHAVE_TERMIOS_H -DHAVE_UNISTD_H -DHAVE_UTIME_H CMakeFiles/cmTC_3ddc2.dir/CurlTests.c.o -o cmTC_3ddc2 
/usr/bin/ld: CMakeFiles/cmTC_3ddc2.dir/CurlTests.c.o: in function `main':
CurlTests.c:(.text+0x19): undefined reference to `IoctlSocket'
collect2: error: ld returned 1 exit status
gmake[1]: *** [CMakeFiles/cmTC_3ddc2.dir/build.make:99: cmTC_3ddc2] Error 1
gmake[1]: Leaving directory '/home/uhuj/skillbox_cpp/learn_cpp_tasks/out/build/GCC 11.3.0 x86_64-linux-gnu/CMakeFiles/CMakeTmp'
gmake: *** [Makefile:127: cmTC_3ddc2/fast] Error 2


Performing Curl Test HAVE_IOCTLSOCKET_CAMEL_FIONBIO failed with the following output:
Change Dir: /home/uhuj/skillbox_cpp/learn_cpp_tasks/out/build/GCC 11.3.0 x86_64-linux-gnu/CMakeFiles/CMakeTmp

Run Build Command(s):/usr/bin/gmake -f Makefile cmTC_e392e/fast && /usr/bin/gmake  -f CMakeFiles/cmTC_e392e.dir/build.make CMakeFiles/cmTC_e392e.dir/build
gmake[1]: Entering directory '/home/uhuj/skillbox_cpp/learn_cpp_tasks/out/build/GCC 11.3.0 x86_64-linux-gnu/CMakeFiles/CMakeTmp'
Building C object CMakeFiles/cmTC_e392e.dir/CurlTests.c.o
/usr/bin/gcc-11   -W -Wall -pedantic -Wbad-function-cast -Wconversion -Winline -Wmissing-declarations -Wmissing-prototypes -Wnested-externs -Wno-long-long -Wno-multichar -Wpointer-arith -Wshadow -Wsign-compare -Wundef -Wunused -Wwrite-strings -Wcast-align -Wdeclaration-after-statement -Wempty-body -Wendif-labels -Wfloat-equal -Wignored-qualifiers -Wno-format-nonliteral -Wno-sign-conversion -Wno-system-headers -Wstrict-prototypes -Wtype-limits -Wvla -Wmissing-parameter-type -Wold-style-declaration -Wstrict-aliasing=3 -Wformat=2 -Warray-bounds=2 -ftree-vrp -Wduplicated-cond -Wnull-dereference -fdelete-null-pointer-checks -Wshift-negative-value -Wshift-overflow=2 -Walloc-zero -Wduplicated-branches -Wformat-overflow=2 -Wformat-truncation=1 -Wrestrict -Warith-conversion -Wdouble-promotion -Wenum-conversion -Wunused-const-variable -DHAVE_IOCTLSOCKET_CAMEL_FIONBIO  -DHAVE_INTTYPES_H -DHAVE_SYS_WAIT_H -DHAVE_SYS_IOCTL_H -DHAVE_SYS_PARAM_H -DHAVE_SYS_POLL_H -DHAVE_SYS_RESOURCE_H -DHAVE_SYS_SELECT_H -DHAVE_SYS_SOCKET_H -DHAVE_SYS_STAT_H -DHAVE_SYS_TIME_H -DHAVE_SYS_TYPES_H -DHAVE_SYS_UN_H -DHAVE_SYS_XATTR_H -DHAVE_ARPA_INET_H -DHAVE_FCNTL_H -DHAVE_IFADDRS_H -DHAVE_LIBGEN_H -DHAVE_LOCALE_H -DHAVE_NET_IF_H -DHAVE_NETDB_H -DHAVE_NETINET_IN_H -DHAVE_NETINET_TCP_H -DHAVE_NETINET_UDP_H -DHAVE_POLL_H -DHAVE_PWD_H -DHAVE_STDATOMIC_H -DHAVE_STDBOOL_H -DHAVE_STDINT_H -DHAVE_STRINGS_H -DHAVE_TERMIO_H -DHAVE_TERMIOS_H -DHAVE_UNISTD_H -DHAVE_UTIME_H -o CMakeFiles/cmTC_e392e.dir/CurlTests.c.o -c "/home/uhuj/skillbox_cpp/learn_cpp_tasks/out/build/GCC 11.3.0 x86_64-linux-gnu/_deps/curl-src/CMake/CurlTests.c"
/home/uhuj/skillbox_cpp/learn_cpp_tasks/out/build/GCC 11.3.0 x86_64-linux-gnu/_deps/curl-src/CMake/CurlTests.c:247:1: warning: function declaration isn’t a prototype [-Wstrict-prototypes]
  247 | main ()
      | ^~~~
/home/uhuj/skillbox_cpp/learn_cpp_tasks/out/build/GCC 11.3.0 x86_64-linux-gnu/_deps/curl-src/CMake/CurlTests.c: In function ‘main’:
/home/uhuj/skillbox_cpp/learn_cpp_tasks/out/build/GCC 11.3.0 x86_64-linux-gnu/_deps/curl-src/CMake/CurlTests.c:252:17: warning: implicit declaration of function ‘IoctlSocket’ [-Wimplicit-function-declaration]
  252 |         if(0 != IoctlSocket(0, FIONBIO, &flags))
      |                 ^~~~~~~~~~~
/home/uhuj/skillbox_cpp/learn_cpp_tasks/out/build/GCC 11.3.0 x86_64-linux-gnu/_deps/curl-src/CMake/CurlTests.c:252:17: warning: nested extern declaration of ‘IoctlSocket’ [-Wnested-externs]
/home/uhuj/skillbox_cpp/learn_cpp_tasks/out/build/GCC 11.3.0 x86_64-linux-gnu/_deps/curl-src/CMake/CurlTests.c:252:32: error: ‘FIONBIO’ undeclared (first use in this function)
  252 |         if(0 != IoctlSocket(0, FIONBIO, &flags))
      |                                ^~~~~~~
/home/uhuj/skillbox_cpp/learn_cpp_tasks/out/build/GCC 11.3.0 x86_64-linux-gnu/_deps/curl-src/CMake/CurlTests.c:252:32: note: each undeclared identifier is reported only once for each function it appears in
gmake[1]: *** [CMakeFiles/cmTC_e392e.dir/build.make:78: CMakeFiles/cmTC_e392e.dir/CurlTests.c.o] Error 1
gmake[1]: Leaving directory '/home/uhuj/skillbox_cpp/learn_cpp_tasks/out/build/GCC 11.3.0 x86_64-linux-gnu/CMakeFiles/CMakeTmp'
gmake: *** [Makefile:127: cmTC_e392e/fast] Error 2


Performing Curl Test HAVE_IOCTLSOCKET_FIONBIO failed with the following output:
Change Dir: /home/uhuj/skillbox_cpp/learn_cpp_tasks/out/build/GCC 11.3.0 x86_64-linux-gnu/CMakeFiles/CMakeTmp

Run Build Command(s):/usr/bin/gmake -f Makefile cmTC_1d293/fast && /usr/bin/gmake  -f CMakeFiles/cmTC_1d293.dir/build.make CMakeFiles/cmTC_1d293.dir/build
gmake[1]: Entering directory '/home/uhuj/skillbox_cpp/learn_cpp_tasks/out/build/GCC 11.3.0 x86_64-linux-gnu/CMakeFiles/CMakeTmp'
Building C object CMakeFiles/cmTC_1d293.dir/CurlTests.c.o
/usr/bin/gcc-11   -W -Wall -pedantic -Wbad-function-cast -Wconversion -Winline -Wmissing-declarations -Wmissing-prototypes -Wnested-externs -Wno-long-long -Wno-multichar -Wpointer-arith -Wshadow -Wsign-compare -Wundef -Wunused -Wwrite-strings -Wcast-align -Wdeclaration-after-statement -Wempty-body -Wendif-labels -Wfloat-equal -Wignored-qualifiers -Wno-format-nonliteral -Wno-sign-conversion -Wno-system-headers -Wstrict-prototypes -Wtype-limits -Wvla -Wmissing-parameter-type -Wold-style-declaration -Wstrict-aliasing=3 -Wformat=2 -Warray-bounds=2 -ftree-vrp -Wduplicated-cond -Wnull-dereference -fdelete-null-pointer-checks -Wshift-negative-value -Wshift-overflow=2 -Walloc-zero -Wduplicated-branches -Wformat-overflow=2 -Wformat-truncation=1 -Wrestrict -Warith-conversion -Wdouble-promotion -Wenum-conversion -Wunused-const-variable -DHAVE_IOCTLSOCKET_FIONBIO  -DHAVE_INTTYPES_H -DHAVE_SYS_WAIT_H -DHAVE_SYS_IOCTL_H -DHAVE_SYS_PARAM_H -DHAVE_SYS_POLL_H -DHAVE_SYS_RESOURCE_H -DHAVE_SYS_SELECT_H -DHAVE_SYS_SOCKET_H -DHAVE_SYS_STAT_H -DHAVE_SYS_TIME_H -DHAVE_SYS_TYPES_H -DHAVE_SYS_UN_H -DHAVE_SYS_XATTR_H -DHAVE_ARPA_INET_H -DHAVE_FCNTL_H -DHAVE_IFADDRS_H -DHAVE_LIBGEN_H -DHAVE_LOCALE_H -DHAVE_NET_IF_H -DHAVE_NETDB_H -DHAVE_NETINET_IN_H -DHAVE_NETINET_TCP_H -DHAVE_NETINET_UDP_H -DHAVE_POLL_H -DHAVE_PWD_H -DHAVE_STDATOMIC_H -DHAVE_STDBOOL_H -DHAVE_STDINT_H -DHAVE_STRINGS_H -DHAVE_TERMIO_H -DHAVE_TERMIOS_H -DHAVE_UNISTD_H -DHAVE_UTIME_H -o CMakeFiles/cmTC_1d293.dir/CurlTests.c.o -c "/home/uhuj/skillbox_cpp/learn_cpp_tasks/out/build/GCC 11.3.0 x86_64-linux-gnu/_deps/curl-src/CMake/CurlTests.c"
/home/uhuj/skillbox_cpp/learn_cpp_tasks/out/build/GCC 11.3.0 x86_64-linux-gnu/_deps/curl-src/CMake/CurlTests.c:271:1: warning: function declaration isn’t a prototype [-Wstrict-prototypes]
  271 | main ()
      | ^~~~
/home/uhuj/skillbox_cpp/learn_cpp_tasks/out/build/GCC 11.3.0 x86_64-linux-gnu/_deps/curl-src/CMake/CurlTests.c: In function ‘main’:
/home/uhuj/skillbox_cpp/learn_cpp_tasks/out/build/GCC 11.3.0 x86_64-linux-gnu/_deps/curl-src/CMake/CurlTests.c:275:17: warning: implicit declaration of function ‘ioctlsocket’ [-Wimplicit-function-declaration]
  275 |         if(0 != ioctlsocket(0, FIONBIO, &flags))
      |                 ^~~~~~~~~~~
/home/uhuj/skillbox_cpp/learn_cpp_tasks/out/build/GCC 11.3.0 x86_64-linux-gnu/_deps/curl-src/CMake/CurlTests.c:275:17: warning: nested extern declaration of ‘ioctlsocket’ [-Wnested-externs]
/home/uhuj/skillbox_cpp/learn_cpp_tasks/out/build/GCC 11.3.0 x86_64-linux-gnu/_deps/curl-src/CMake/CurlTests.c:275:32: error: ‘FIONBIO’ undeclared (first use in this function)
  275 |         if(0 != ioctlsocket(0, FIONBIO, &flags))
      |                                ^~~~~~~
/home/uhuj/skillbox_cpp/learn_cpp_tasks/out/build/GCC 11.3.0 x86_64-linux-gnu/_deps/curl-src/CMake/CurlTests.c:275:32: note: each undeclared identifier is reported only once for each function it appears in
gmake[1]: *** [CMakeFiles/cmTC_1d293.dir/build.make:78: CMakeFiles/cmTC_1d293.dir/CurlTests.c.o] Error 1
gmake[1]: Leaving directory '/home/uhuj/skillbox_cpp/learn_cpp_tasks/out/build/GCC 11.3.0 x86_64-linux-gnu/CMakeFiles/CMakeTmp'
gmake: *** [Makefile:127: cmTC_1d293/fast] Error 2


Performing Curl Test HAVE_SETSOCKOPT_SO_NONBLOCK failed with the following output:
Change Dir: /home/uhuj/skillbox_cpp/learn_cpp_tasks/out/build/GCC 11.3.0 x86_64-linux-gnu/CMakeFiles/CMakeTmp

Run Build Command(s):/usr/bin/gmake -f Makefile cmTC_8fcb2/fast && /usr/bin/gmake  -f CMakeFiles/cmTC_8fcb2.dir/build.make CMakeFiles/cmTC_8fcb2.dir/build
gmake[1]: Entering directory '/home/uhuj/skillbox_cpp/learn_cpp_tasks/out/build/GCC 11.3.0 x86_64-linux-gnu/CMakeFiles/CMakeTmp'
Building C object CMakeFiles/cmTC_8fcb2.dir/CurlTests.c.o
/usr/bin/gcc-11   -W -Wall -pedantic -Wbad-function-cast -Wconversion -Winline -Wmissing-declarations -Wmissing-prototypes -Wnested-externs -Wno-long-long -Wno-multichar -Wpointer-arith -Wshadow -Wsign-compare -Wundef -Wunused -Wwrite-strings -Wcast-align -Wdeclaration-after-statement -Wempty-body -Wendif-labels -Wfloat-equal -Wignored-qualifiers -Wno-format-nonliteral -Wno-sign-conversion -Wno-system-headers -Wstrict-prototypes -Wtype-limits -Wvla -Wmissing-parameter-type -Wold-style-declaration -Wstrict-aliasing=3 -Wformat=2 -Warray-bounds=2 -ftree-vrp -Wduplicated-cond -Wnull-dereference -fdelete-null-pointer-checks -Wshift-negative-value -Wshift-overflow=2 -Walloc-zero -Wduplicated-branches -Wformat-overflow=2 -Wformat-truncation=1 -Wrestrict -Warith-conversion -Wdouble-promotion -Wenum-conversion -Wunused-const-variable -DHAVE_SETSOCKOPT_SO_NONBLOCK  -DHAVE_INTTYPES_H -DHAVE_SYS_WAIT_H -DHAVE_SYS_IOCTL_H -DHAVE_SYS_PARAM_H -DHAVE_SYS_POLL_H -DHAVE_SYS_RESOURCE_H -DHAVE_SYS_SELECT_H -DHAVE_SYS_SOCKET_H -DHAVE_SYS_STAT_H -DHAVE_SYS_TIME_H -DHAVE_SYS_TYPES_H -DHAVE_SYS_UN_H -DHAVE_SYS_XATTR_H -DHAVE_ARPA_INET_H -DHAVE_FCNTL_H -DHAVE_IFADDRS_H -DHAVE_LIBGEN_H -DHAVE_LOCALE_H -DHAVE_NET_IF_H -DHAVE_NETDB_H -DHAVE_NETINET_IN_H -DHAVE_NETINET_TCP_H -DHAVE_NETINET_UDP_H -DHAVE_POLL_H -DHAVE_PWD_H -DHAVE_STDATOMIC_H -DHAVE_STDBOOL_H -DHAVE_STDINT_H -DHAVE_STRINGS_H -DHAVE_TERMIO_H -DHAVE_TERMIOS_H -DHAVE_UNISTD_H -DHAVE_UTIME_H -o CMakeFiles/cmTC_8fcb2.dir/CurlTests.c.o -c "/home/uhuj/skillbox_cpp/learn_cpp_tasks/out/build/GCC 11.3.0 x86_64-linux-gnu/_deps/curl-src/CMake/CurlTests.c"
/home/uhuj/skillbox_cpp/learn_cpp_tasks/out/build/GCC 11.3.0 x86_64-linux-gnu/_deps/curl-src/CMake/CurlTests.c:365:1: warning: function declaration isn’t a prototype [-Wstrict-prototypes]
  365 | main ()
      | ^~~~
/home/uhuj/skillbox_cpp/learn_cpp_tasks/out/build/GCC 11.3.0 x86_64-linux-gnu/_deps/curl-src/CMake/CurlTests.c: In function ‘main’:
/home/uhuj/skillbox_cpp/learn_cpp_tasks/out/build/GCC 11.3.0 x86_64-linux-gnu/_deps/curl-src/CMake/CurlTests.c:367:43: error: ‘SO_NONBLOCK’ undeclared (first use in this function); did you mean ‘SOCK_NONBLOCK’?
  367 |         if(0 != setsockopt(0, SOL_SOCKET, SO_NONBLOCK, 0, 0))
      |                                           ^~~~~~~~~~~
      |                                           SOCK_NONBLOCK
/home/uhuj/skillbox_cpp/learn_cpp_tasks/out/build/GCC 11.3.0 x86_64-linux-gnu/_deps/curl-src/CMake/CurlTests.c:367:43: note: each undeclared identifier is reported only once for each function it appears in
gmake[1]: *** [CMakeFiles/cmTC_8fcb2.dir/build.make:78: CMakeFiles/cmTC_8fcb2.dir/CurlTests.c.o] Error 1
gmake[1]: Leaving directory '/home/uhuj/skillbox_cpp/learn_cpp_tasks/out/build/GCC 11.3.0 x86_64-linux-gnu/CMakeFiles/CMakeTmp'
gmake: *** [Makefile:127: cmTC_8fcb2/fast] Error 2


Performing Curl Test HAVE_O_NONBLOCK failed with the following output:
Change Dir: /home/uhuj/skillbox_cpp/learn_cpp_tasks/out/build/GCC 11.3.0 x86_64-linux-gnu/CMakeFiles/CMakeTmp

Run Build Command(s):/usr/bin/gmake -f Makefile cmTC_49c19/fast && /usr/bin/gmake  -f CMakeFiles/cmTC_49c19.dir/build.make CMakeFiles/cmTC_49c19.dir/build
gmake[1]: Entering directory '/home/uhuj/skillbox_cpp/learn_cpp_tasks/out/build/GCC 11.3.0 x86_64-linux-gnu/CMakeFiles/CMakeTmp'
Building C object CMakeFiles/cmTC_49c19.dir/CurlTests.c.o
/usr/bin/gcc-11   -W -Wall -pedantic -Wbad-function-cast -Wconversion -Winline -Wmissing-declarations -Wmissing-prototypes -Wnested-externs -Wno-long-long -Wno-multichar -Wpointer-arith -Wshadow -Wsign-compare -Wundef -Wunused -Wwrite-strings -Wcast-align -Wdeclaration-after-statement -Wempty-body -Wendif-labels -Wfloat-equal -Wignored-qualifiers -Wno-format-nonliteral -Wno-sign-conversion -Wno-system-headers -Wstrict-prototypes -Wtype-limits -Wvla -Wmissing-parameter-type -Wold-style-declaration -Wstrict-aliasing=3 -Wformat=2 -Warray-bounds=2 -ftree-vrp -Wduplicated-cond -Wnull-dereference -fdelete-null-pointer-checks -Wshift-negative-value -Wshift-overflow=2 -Walloc-zero -Wduplicated-branches -Wformat-overflow=2 -Wformat-truncation=1 -Wrestrict -Warith-conversion -Wdouble-promotion -Wenum-conversion -Wunused-const-variable -DHAVE_O_NONBLOCK  -DHAVE_INTTYPES_H -DHAVE_SYS_WAIT_H -DHAVE_SYS_IOCTL_H -DHAVE_SYS_PARAM_H -DHAVE_SYS_POLL_H -DHAVE_SYS_RESOURCE_H -DHAVE_SYS_SELECT_H -DHAVE_SYS_SOCKET_H -DHAVE_SYS_STAT_H -DHAVE_SYS_TIME_H -DHAVE_SYS_TYPES_H -DHAVE_SYS_UN_H -DHAVE_SYS_XATTR_H -DHAVE_ARPA_INET_H -DHAVE_FCNTL_H -DHAVE_IFADDRS_H -DHAVE_LIBGEN_H -DHAVE_LOCALE_H -DHAVE_NET_IF_H -DHAVE_NETDB_H -DHAVE_NETINET_IN_H -DHAVE_NETINET_TCP_H -DHAVE_NETINET_UDP_H -DHAVE_POLL_H -DHAVE_PWD_H -DHAVE_STDATOMIC_H -DHAVE_STDBOOL_H -DHAVE_STDINT_H -DHAVE_STRINGS_H -DHAVE_TERMIO_H -DHAVE_TERMIOS_H -DHAVE_UNISTD_H -DHAVE_UTIME_H -o CMakeFiles/cmTC_49c19.dir/CurlTests.c.o -c "/home/uhuj/skillbox_cpp/learn_cpp_tasks/out/build/GCC 11.3.0 x86_64-linux-gnu/_deps/curl-src/CMake/CurlTests.c"
/home/uhuj/skillbox_cpp/learn_cpp_tasks/out/build/GCC 11.3.0 x86_64-linux-gnu/_deps/curl-src/CMake/CurlTests.c:516: warning: ISO C forbids an empty translation unit [-Wpedantic]
Linking C executable cmTC_49c19
/usr/bin/cmake -E cmake_link_script CMakeFiles/cmTC_49c19.dir/link.txt --verbose=1
/usr/bin/gcc-11   -W -Wall -pedantic -Wbad-function-cast -Wconversion -Winline -Wmissing-declarations -Wmissing-prototypes -Wnested-externs -Wno-long-long -Wno-multichar -Wpointer-arith -Wshadow -Wsign-compare -Wundef -Wunused -Wwrite-strings -Wcast-align -Wdeclaration-after-statement -Wempty-body -Wendif-labels -Wfloat-equal -Wignored-qualifiers -Wno-format-nonliteral -Wno-sign-conversion -Wno-system-headers -Wstrict-prototypes -Wtype-limits -Wvla -Wmissing-parameter-type -Wold-style-declaration -Wstrict-aliasing=3 -Wformat=2 -Warray-bounds=2 -ftree-vrp -Wduplicated-cond -Wnull-dereference -fdelete-null-pointer-checks -Wshift-negative-value -Wshift-overflow=2 -Walloc-zero -Wduplicated-branches -Wformat-overflow=2 -Wformat-truncation=1 -Wrestrict -Warith-conversion -Wdouble-promotion -Wenum-conversion -Wunused-const-variable -DHAVE_O_NONBLOCK  -DHAVE_INTTYPES_H -DHAVE_SYS_WAIT_H -DHAVE_SYS_IOCTL_H -DHAVE_SYS_PARAM_H -DHAVE_SYS_POLL_H -DHAVE_SYS_RESOURCE_H -DHAVE_SYS_SELECT_H -DHAVE_SYS_SOCKET_H -DHAVE_SYS_STAT_H -DHAVE_SYS_TIME_H -DHAVE_SYS_TYPES_H -DHAVE_SYS_UN_H -DHAVE_SYS_XATTR_H -DHAVE_ARPA_INET_H -DHAVE_FCNTL_H -DHAVE_IFADDRS_H -DHAVE_LIBGEN_H -DHAVE_LOCALE_H -DHAVE_NET_IF_H -DHAVE_NETDB_H -DHAVE_NETINET_IN_H -DHAVE_NETINET_TCP_H -DHAVE_NETINET_UDP_H -DHAVE_POLL_H -DHAVE_PWD_H -DHAVE_STDATOMIC_H -DHAVE_STDBOOL_H -DHAVE_STDINT_H -DHAVE_STRINGS_H -DHAVE_TERMIO_H -DHAVE_TERMIOS_H -DHAVE_UNISTD_H -DHAVE_UTIME_H CMakeFiles/cmTC_49c19.dir/CurlTests.c.o -o cmTC_49c19 
/usr/bin/ld: /usr/lib/gcc/x86_64-linux-gnu/11/../../../x86_64-linux-gnu/Scrt1.o: in function `_start':
(.text+0x17): undefined reference to `main'
collect2: error: ld returned 1 exit status
gmake[1]: *** [CMakeFiles/cmTC_49c19.dir/build.make:99: cmTC_49c19] Error 1
gmake[1]: Leaving directory '/home/uhuj/skillbox_cpp/learn_cpp_tasks/out/build/GCC 11.3.0 x86_64-linux-gnu/CMakeFiles/CMakeTmp'
gmake: *** [Makefile:127: cmTC_49c19/fast] Error 2


Performing Curl Test HAVE_GETHOSTBYNAME_R_3 failed with the following output:
Change Dir: /home/uhuj/skillbox_cpp/learn_cpp_tasks/out/build/GCC 11.3.0 x86_64-linux-gnu/CMakeFiles/CMakeTmp

Run Build Command(s):/usr/bin/gmake -f Makefile cmTC_fc1fb/fast && /usr/bin/gmake  -f CMakeFiles/cmTC_fc1fb.dir/build.make CMakeFiles/cmTC_fc1fb.dir/build
gmake[1]: Entering directory '/home/uhuj/skillbox_cpp/learn_cpp_tasks/out/build/GCC 11.3.0 x86_64-linux-gnu/CMakeFiles/CMakeTmp'
Building C object CMakeFiles/cmTC_fc1fb.dir/CurlTests.c.o
/usr/bin/gcc-11   -W -Wall -pedantic -Wbad-function-cast -Wconversion -Winline -Wmissing-declarations -Wmissing-prototypes -Wnested-externs -Wno-long-long -Wno-multichar -Wpointer-arith -Wshadow -Wsign-compare -Wundef -Wunused -Wwrite-strings -Wcast-align -Wdeclaration-after-statement -Wempty-body -Wendif-labels -Wfloat-equal -Wignored-qualifiers -Wno-format-nonliteral -Wno-sign-conversion -Wno-system-headers -Wstrict-prototypes -Wtype-limits -Wvla -Wmissing-parameter-type -Wold-style-declaration -Wstrict-aliasing=3 -Wformat=2 -Warray-bounds=2 -ftree-vrp -Wduplicated-cond -Wnull-dereference -fdelete-null-pointer-checks -Wshift-negative-value -Wshift-overflow=2 -Walloc-zero -Wduplicated-branches -Wformat-overflow=2 -Wformat-truncation=1 -Wrestrict -Warith-conversion -Wdouble-promotion -Wenum-conversion -Wunused-const-variable -DHAVE_GETHOSTBYNAME_R_3  -DHAVE_INTTYPES_H -DHAVE_SYS_WAIT_H -DHAVE_SYS_IOCTL_H -DHAVE_SYS_PARAM_H -DHAVE_SYS_POLL_H -DHAVE_SYS_RESOURCE_H -DHAVE_SYS_SELECT_H -DHAVE_SYS_SOCKET_H -DHAVE_SYS_STAT_H -DHAVE_SYS_TIME_H -DHAVE_SYS_TYPES_H -DHAVE_SYS_UN_H -DHAVE_SYS_XATTR_H -DHAVE_ARPA_INET_H -DHAVE_FCNTL_H -DHAVE_IFADDRS_H -DHAVE_LIBGEN_H -DHAVE_LOCALE_H -DHAVE_NET_IF_H -DHAVE_NETDB_H -DHAVE_NETINET_IN_H -DHAVE_NETINET_TCP_H -DHAVE_NETINET_UDP_H -DHAVE_POLL_H -DHAVE_PWD_H -DHAVE_STDATOMIC_H -DHAVE_STDBOOL_H -DHAVE_STDINT_H -DHAVE_STRINGS_H -DHAVE_TERMIO_H -DHAVE_TERMIOS_H -DHAVE_UNISTD_H -DHAVE_UTIME_H -o CMakeFiles/cmTC_fc1fb.dir/CurlTests.c.o -c "/home/uhuj/skillbox_cpp/learn_cpp_tasks/out/build/GCC 11.3.0 x86_64-linux-gnu/_deps/curl-src/CMake/CurlTests.c"
/home/uhuj/skillbox_cpp/learn_cpp_tasks/out/build/GCC 11.3.0 x86_64-linux-gnu/_deps/curl-src/CMake/CurlTests.c: In function ‘main’:
/home/uhuj/skillbox_cpp/learn_cpp_tasks/out/build/GCC 11.3.0 x86_64-linux-gnu/_deps/curl-src/CMake/CurlTests.c:75:19: warning: initialization discards ‘const’ qualifier from pointer target type [-Wdiscarded-qualifiers]
   75 |   char *address = "example.com";
      |                   ^~~~~~~~~~~~~
/home/uhuj/skillbox_cpp/learn_cpp_tasks/out/build/GCC 11.3.0 x86_64-linux-gnu/_deps/curl-src/CMake/CurlTests.c:82:23: error: storage size of ‘hdata’ isn’t known
   82 |   struct hostent_data hdata;
      |                       ^~~~~
/home/uhuj/skillbox_cpp/learn_cpp_tasks/out/build/GCC 11.3.0 x86_64-linux-gnu/_deps/curl-src/CMake/CurlTests.c:94:8: error: too few arguments to function ‘gethostbyname_r’
   94 |   rc = gethostbyname_r(address, &h, &hdata);
      |        ^~~~~~~~~~~~~~~
In file included from /home/uhuj/skillbox_cpp/learn_cpp_tasks/out/build/GCC 11.3.0 x86_64-linux-gnu/_deps/curl-src/CMake/CurlTests.c:72:
/usr/include/netdb.h:177:12: note: declared here
  177 | extern int gethostbyname_r (const char *__restrict __name,
      |            ^~~~~~~~~~~~~~~
/home/uhuj/skillbox_cpp/learn_cpp_tasks/out/build/GCC 11.3.0 x86_64-linux-gnu/_deps/curl-src/CMake/CurlTests.c:82:23: warning: unused variable ‘hdata’ [-Wunused-variable]
   82 |   struct hostent_data hdata;
      |                       ^~~~~
gmake[1]: *** [CMakeFiles/cmTC_fc1fb.dir/build.make:78: CMakeFiles/cmTC_fc1fb.dir/CurlTests.c.o] Error 1
gmake[1]: Leaving directory '/home/uhuj/skillbox_cpp/learn_cpp_tasks/out/build/GCC 11.3.0 x86_64-linux-gnu/CMakeFiles/CMakeTmp'
gmake: *** [Makefile:127: cmTC_fc1fb/fast] Error 2


Performing Curl Test HAVE_GETHOSTBYNAME_R_5 failed with the following output:
Change Dir: /home/uhuj/skillbox_cpp/learn_cpp_tasks/out/build/GCC 11.3.0 x86_64-linux-gnu/CMakeFiles/CMakeTmp

Run Build Command(s):/usr/bin/gmake -f Makefile cmTC_721f5/fast && /usr/bin/gmake  -f CMakeFiles/cmTC_721f5.dir/build.make CMakeFiles/cmTC_721f5.dir/build
gmake[1]: Entering directory '/home/uhuj/skillbox_cpp/learn_cpp_tasks/out/build/GCC 11.3.0 x86_64-linux-gnu/CMakeFiles/CMakeTmp'
Building C object CMakeFiles/cmTC_721f5.dir/CurlTests.c.o
/usr/bin/gcc-11   -W -Wall -pedantic -Wbad-function-cast -Wconversion -Winline -Wmissing-declarations -Wmissing-prototypes -Wnested-externs -Wno-long-long -Wno-multichar -Wpointer-arith -Wshadow -Wsign-compare -Wundef -Wunused -Wwrite-strings -Wcast-align -Wdeclaration-after-statement -Wempty-body -Wendif-labels -Wfloat-equal -Wignored-qualifiers -Wno-format-nonliteral -Wno-sign-conversion -Wno-system-headers -Wstrict-prototypes -Wtype-limits -Wvla -Wmissing-parameter-type -Wold-style-declaration -Wstrict-aliasing=3 -Wformat=2 -Warray-bounds=2 -ftree-vrp -Wduplicated-cond -Wnull-dereference -fdelete-null-pointer-checks -Wshift-negative-value -Wshift-overflow=2 -Walloc-zero -Wduplicated-branches -Wformat-overflow=2 -Wformat-truncation=1 -Wrestrict -Warith-conversion -Wdouble-promotion -Wenum-conversion -Wunused-const-variable -DHAVE_GETHOSTBYNAME_R_5  -DHAVE_INTTYPES_H -DHAVE_SYS_WAIT_H -DHAVE_SYS_IOCTL_H -DHAVE_SYS_PARAM_H -DHAVE_SYS_POLL_H -DHAVE_SYS_RESOURCE_H -DHAVE_SYS_SELECT_H -DHAVE_SYS_SOCKET_H -DHAVE_SYS_STAT_H -DHAVE_SYS_TIME_H -DHAVE_SYS_TYPES_H -DHAVE_SYS_UN_H -DHAVE_SYS_XATTR_H -DHAVE_ARPA_INET_H -DHAVE_FCNTL_H -DHAVE_IFADDRS_H -DHAVE_LIBGEN_H -DHAVE_LOCALE_H -DHAVE_NET_IF_H -DHAVE_NETDB_H -DHAVE_NETINET_IN_H -DHAVE_NETINET_TCP_H -DHAVE_NETINET_UDP_H -DHAVE_POLL_H -DHAVE_PWD_H -DHAVE_STDATOMIC_H -DHAVE_STDBOOL_H -DHAVE_STDINT_H -DHAVE_STRINGS_H -DHAVE_TERMIO_H -DHAVE_TERMIOS_H -DHAVE_UNISTD_H -DHAVE_UTIME_H -o CMakeFiles/cmTC_721f5.dir/CurlTests.c.o -c "/home/uhuj/skillbox_cpp/learn_cpp_tasks/out/build/GCC 11.3.0 x86_64-linux-gnu/_deps/curl-src/CMake/CurlTests.c"
/home/uhuj/skillbox_cpp/learn_cpp_tasks/out/build/GCC 11.3.0 x86_64-linux-gnu/_deps/curl-src/CMake/CurlTests.c: In function ‘main’:
/home/uhuj/skillbox_cpp/learn_cpp_tasks/out/build/GCC 11.3.0 x86_64-linux-gnu/_deps/curl-src/CMake/CurlTests.c:75:19: warning: initialization discards ‘const’ qualifier from pointer target type [-Wdiscarded-qualifiers]
   75 |   char *address = "example.com";
      |                   ^~~~~~~~~~~~~
/home/uhuj/skillbox_cpp/learn_cpp_tasks/out/build/GCC 11.3.0 x86_64-linux-gnu/_deps/curl-src/CMake/CurlTests.c:97:51: warning: passing argument 5 of ‘gethostbyname_r’ from incompatible pointer type [-Wincompatible-pointer-types]
   97 |   rc = gethostbyname_r(address, &h, buffer, 8192, &h_errnop);
      |                                                   ^~~~~~~~~
      |                                                   |
      |                                                   int *
In file included from /home/uhuj/skillbox_cpp/learn_cpp_tasks/out/build/GCC 11.3.0 x86_64-linux-gnu/_deps/curl-src/CMake/CurlTests.c:72:
/usr/include/netdb.h:180:57: note: expected ‘struct hostent ** restrict’ but argument is of type ‘int *’
  180 |                             struct hostent **__restrict __result,
      |                             ~~~~~~~~~~~~~~~~~~~~~~~~~~~~^~~~~~~~
/home/uhuj/skillbox_cpp/learn_cpp_tasks/out/build/GCC 11.3.0 x86_64-linux-gnu/_deps/curl-src/CMake/CurlTests.c:97:8: error: too few arguments to function ‘gethostbyname_r’
   97 |   rc = gethostbyname_r(address, &h, buffer, 8192, &h_errnop);
      |        ^~~~~~~~~~~~~~~
In file included from /home/uhuj/skillbox_cpp/learn_cpp_tasks/out/build/GCC 11.3.0 x86_64-linux-gnu/_deps/curl-src/CMake/CurlTests.c:72:
/usr/include/netdb.h:177:12: note: declared here
  177 | extern int gethostbyname_r (const char *__restrict __name,
      |            ^~~~~~~~~~~~~~~
gmake[1]: *** [CMakeFiles/cmTC_721f5.dir/build.make:78: CMakeFiles/cmTC_721f5.dir/CurlTests.c.o] Error 1
gmake[1]: Leaving directory '/home/uhuj/skillbox_cpp/learn_cpp_tasks/out/build/GCC 11.3.0 x86_64-linux-gnu/CMakeFiles/CMakeTmp'
gmake: *** [Makefile:127: cmTC_721f5/fast] Error 2


Performing Curl Test HAVE_GETHOSTBYNAME_R_3_REENTRANT failed with the following output:
Change Dir: /home/uhuj/skillbox_cpp/learn_cpp_tasks/out/build/GCC 11.3.0 x86_64-linux-gnu/CMakeFiles/CMakeTmp

Run Build Command(s):/usr/bin/gmake -f Makefile cmTC_aae9c/fast && /usr/bin/gmake  -f CMakeFiles/cmTC_aae9c.dir/build.make CMakeFiles/cmTC_aae9c.dir/build
gmake[1]: Entering directory '/home/uhuj/skillbox_cpp/learn_cpp_tasks/out/build/GCC 11.3.0 x86_64-linux-gnu/CMakeFiles/CMakeTmp'
Building C object CMakeFiles/cmTC_aae9c.dir/CurlTests.c.o
/usr/bin/gcc-11   -W -Wall -pedantic -Wbad-function-cast -Wconversion -Winline -Wmissing-declarations -Wmissing-prototypes -Wnested-externs -Wno-long-long -Wno-multichar -Wpointer-arith -Wshadow -Wsign-compare -Wundef -Wunused -Wwrite-strings -Wcast-align -Wdeclaration-after-statement -Wempty-body -Wendif-labels -Wfloat-equal -Wignored-qualifiers -Wno-format-nonliteral -Wno-sign-conversion -Wno-system-headers -Wstrict-prototypes -Wtype-limits -Wvla -Wmissing-parameter-type -Wold-style-declaration -Wstrict-aliasing=3 -Wformat=2 -Warray-bounds=2 -ftree-vrp -Wduplicated-cond -Wnull-dereference -fdelete-null-pointer-checks -Wshift-negative-value -Wshift-overflow=2 -Walloc-zero -Wduplicated-branches -Wformat-overflow=2 -Wformat-truncation=1 -Wrestrict -Warith-conversion -Wdouble-promotion -Wenum-conversion -Wunused-const-variable -DHAVE_GETHOSTBYNAME_R_3_REENTRANT  -DHAVE_INTTYPES_H -DHAVE_SYS_WAIT_H -DHAVE_SYS_IOCTL_H -DHAVE_SYS_PARAM_H -DHAVE_SYS_POLL_H -DHAVE_SYS_RESOURCE_H -DHAVE_SYS_SELECT_H -DHAVE_SYS_SOCKET_H -DHAVE_SYS_STAT_H -DHAVE_SYS_TIME_H -DHAVE_SYS_TYPES_H -DHAVE_SYS_UN_H -DHAVE_SYS_XATTR_H -DHAVE_ARPA_INET_H -DHAVE_FCNTL_H -DHAVE_IFADDRS_H -DHAVE_LIBGEN_H -DHAVE_LOCALE_H -DHAVE_NET_IF_H -DHAVE_NETDB_H -DHAVE_NETINET_IN_H -DHAVE_NETINET_TCP_H -DHAVE_NETINET_UDP_H -DHAVE_POLL_H -DHAVE_PWD_H -DHAVE_STDATOMIC_H -DHAVE_STDBOOL_H -DHAVE_STDINT_H -DHAVE_STRINGS_H -DHAVE_TERMIO_H -DHAVE_TERMIOS_H -DHAVE_UNISTD_H -DHAVE_UTIME_H -o CMakeFiles/cmTC_aae9c.dir/CurlTests.c.o -c "/home/uhuj/skillbox_cpp/learn_cpp_tasks/out/build/GCC 11.3.0 x86_64-linux-gnu/_deps/curl-src/CMake/CurlTests.c"
/home/uhuj/skillbox_cpp/learn_cpp_tasks/out/build/GCC 11.3.0 x86_64-linux-gnu/_deps/curl-src/CMake/CurlTests.c: In function ‘main’:
/home/uhuj/skillbox_cpp/learn_cpp_tasks/out/build/GCC 11.3.0 x86_64-linux-gnu/_deps/curl-src/CMake/CurlTests.c:75:19: warning: initialization discards ‘const’ qualifier from pointer target type [-Wdiscarded-qualifiers]
   75 |   char *address = "example.com";
      |                   ^~~~~~~~~~~~~
/home/uhuj/skillbox_cpp/learn_cpp_tasks/out/build/GCC 11.3.0 x86_64-linux-gnu/_deps/curl-src/CMake/CurlTests.c:82:23: error: storage size of ‘hdata’ isn’t known
   82 |   struct hostent_data hdata;
      |                       ^~~~~
/home/uhuj/skillbox_cpp/learn_cpp_tasks/out/build/GCC 11.3.0 x86_64-linux-gnu/_deps/curl-src/CMake/CurlTests.c:94:8: error: too few arguments to function ‘gethostbyname_r’
   94 |   rc = gethostbyname_r(address, &h, &hdata);
      |        ^~~~~~~~~~~~~~~
In file included from /home/uhuj/skillbox_cpp/learn_cpp_tasks/out/build/GCC 11.3.0 x86_64-linux-gnu/_deps/curl-src/CMake/CurlTests.c:72:
/usr/include/netdb.h:177:12: note: declared here
  177 | extern int gethostbyname_r (const char *__restrict __name,
      |            ^~~~~~~~~~~~~~~
/home/uhuj/skillbox_cpp/learn_cpp_tasks/out/build/GCC 11.3.0 x86_64-linux-gnu/_deps/curl-src/CMake/CurlTests.c:82:23: warning: unused variable ‘hdata’ [-Wunused-variable]
   82 |   struct hostent_data hdata;
      |                       ^~~~~
gmake[1]: *** [CMakeFiles/cmTC_aae9c.dir/build.make:78: CMakeFiles/cmTC_aae9c.dir/CurlTests.c.o] Error 1
gmake[1]: Leaving directory '/home/uhuj/skillbox_cpp/learn_cpp_tasks/out/build/GCC 11.3.0 x86_64-linux-gnu/CMakeFiles/CMakeTmp'
gmake: *** [Makefile:127: cmTC_aae9c/fast] Error 2


Performing Curl Test HAVE_GETHOSTBYNAME_R_5_REENTRANT failed with the following output:
Change Dir: /home/uhuj/skillbox_cpp/learn_cpp_tasks/out/build/GCC 11.3.0 x86_64-linux-gnu/CMakeFiles/CMakeTmp

Run Build Command(s):/usr/bin/gmake -f Makefile cmTC_6e190/fast && /usr/bin/gmake  -f CMakeFiles/cmTC_6e190.dir/build.make CMakeFiles/cmTC_6e190.dir/build
gmake[1]: Entering directory '/home/uhuj/skillbox_cpp/learn_cpp_tasks/out/build/GCC 11.3.0 x86_64-linux-gnu/CMakeFiles/CMakeTmp'
Building C object CMakeFiles/cmTC_6e190.dir/CurlTests.c.o
/usr/bin/gcc-11   -W -Wall -pedantic -Wbad-function-cast -Wconversion -Winline -Wmissing-declarations -Wmissing-prototypes -Wnested-externs -Wno-long-long -Wno-multichar -Wpointer-arith -Wshadow -Wsign-compare -Wundef -Wunused -Wwrite-strings -Wcast-align -Wdeclaration-after-statement -Wempty-body -Wendif-labels -Wfloat-equal -Wignored-qualifiers -Wno-format-nonliteral -Wno-sign-conversion -Wno-system-headers -Wstrict-prototypes -Wtype-limits -Wvla -Wmissing-parameter-type -Wold-style-declaration -Wstrict-aliasing=3 -Wformat=2 -Warray-bounds=2 -ftree-vrp -Wduplicated-cond -Wnull-dereference -fdelete-null-pointer-checks -Wshift-negative-value -Wshift-overflow=2 -Walloc-zero -Wduplicated-branches -Wformat-overflow=2 -Wformat-truncation=1 -Wrestrict -Warith-conversion -Wdouble-promotion -Wenum-conversion -Wunused-const-variable -DHAVE_GETHOSTBYNAME_R_5_REENTRANT  -DHAVE_INTTYPES_H -DHAVE_SYS_WAIT_H -DHAVE_SYS_IOCTL_H -DHAVE_SYS_PARAM_H -DHAVE_SYS_POLL_H -DHAVE_SYS_RESOURCE_H -DHAVE_SYS_SELECT_H -DHAVE_SYS_SOCKET_H -DHAVE_SYS_STAT_H -DHAVE_SYS_TIME_H -DHAVE_SYS_TYPES_H -DHAVE_SYS_UN_H -DHAVE_SYS_XATTR_H -DHAVE_ARPA_INET_H -DHAVE_FCNTL_H -DHAVE_IFADDRS_H -DHAVE_LIBGEN_H -DHAVE_LOCALE_H -DHAVE_NET_IF_H -DHAVE_NETDB_H -DHAVE_NETINET_IN_H -DHAVE_NETINET_TCP_H -DHAVE_NETINET_UDP_H -DHAVE_POLL_H -DHAVE_PWD_H -DHAVE_STDATOMIC_H -DHAVE_STDBOOL_H -DHAVE_STDINT_H -DHAVE_STRINGS_H -DHAVE_TERMIO_H -DHAVE_TERMIOS_H -DHAVE_UNISTD_H -DHAVE_UTIME_H -o CMakeFiles/cmTC_6e190.dir/CurlTests.c.o -c "/home/uhuj/skillbox_cpp/learn_cpp_tasks/out/build/GCC 11.3.0 x86_64-linux-gnu/_deps/curl-src/CMake/CurlTests.c"
/home/uhuj/skillbox_cpp/learn_cpp_tasks/out/build/GCC 11.3.0 x86_64-linux-gnu/_deps/curl-src/CMake/CurlTests.c: In function ‘main’:
/home/uhuj/skillbox_cpp/learn_cpp_tasks/out/build/GCC 11.3.0 x86_64-linux-gnu/_deps/curl-src/CMake/CurlTests.c:75:19: warning: initialization discards ‘const’ qualifier from pointer target type [-Wdiscarded-qualifiers]
   75 |   char *address = "example.com";
      |                   ^~~~~~~~~~~~~
/home/uhuj/skillbox_cpp/learn_cpp_tasks/out/build/GCC 11.3.0 x86_64-linux-gnu/_deps/curl-src/CMake/CurlTests.c:97:51: warning: passing argument 5 of ‘gethostbyname_r’ from incompatible pointer type [-Wincompatible-pointer-types]
   97 |   rc = gethostbyname_r(address, &h, buffer, 8192, &h_errnop);
      |                                                   ^~~~~~~~~
      |                                                   |
      |                                                   int *
In file included from /home/uhuj/skillbox_cpp/learn_cpp_tasks/out/build/GCC 11.3.0 x86_64-linux-gnu/_deps/curl-src/CMake/CurlTests.c:72:
/usr/include/netdb.h:180:57: note: expected ‘struct hostent ** restrict’ but argument is of type ‘int *’
  180 |                             struct hostent **__restrict __result,
      |                             ~~~~~~~~~~~~~~~~~~~~~~~~~~~~^~~~~~~~
/home/uhuj/skillbox_cpp/learn_cpp_tasks/out/build/GCC 11.3.0 x86_64-linux-gnu/_deps/curl-src/CMake/CurlTests.c:97:8: error: too few arguments to function ‘gethostbyname_r’
   97 |   rc = gethostbyname_r(address, &h, buffer, 8192, &h_errnop);
      |        ^~~~~~~~~~~~~~~
In file included from /home/uhuj/skillbox_cpp/learn_cpp_tasks/out/build/GCC 11.3.0 x86_64-linux-gnu/_deps/curl-src/CMake/CurlTests.c:72:
/usr/include/netdb.h:177:12: note: declared here
  177 | extern int gethostbyname_r (const char *__restrict __name,
      |            ^~~~~~~~~~~~~~~
gmake[1]: *** [CMakeFiles/cmTC_6e190.dir/build.make:78: CMakeFiles/cmTC_6e190.dir/CurlTests.c.o] Error 1
gmake[1]: Leaving directory '/home/uhuj/skillbox_cpp/learn_cpp_tasks/out/build/GCC 11.3.0 x86_64-linux-gnu/CMakeFiles/CMakeTmp'
gmake: *** [Makefile:127: cmTC_6e190/fast] Error 2


Performing Curl Test HAVE_GLIBC_STRERROR_R failed with the following output:
Change Dir: /home/uhuj/skillbox_cpp/learn_cpp_tasks/out/build/GCC 11.3.0 x86_64-linux-gnu/CMakeFiles/CMakeTmp

Run Build Command(s):/usr/bin/gmake -f Makefile cmTC_13511/fast && /usr/bin/gmake  -f CMakeFiles/cmTC_13511.dir/build.make CMakeFiles/cmTC_13511.dir/build
gmake[1]: Entering directory '/home/uhuj/skillbox_cpp/learn_cpp_tasks/out/build/GCC 11.3.0 x86_64-linux-gnu/CMakeFiles/CMakeTmp'
Building C object CMakeFiles/cmTC_13511.dir/CurlTests.c.o
/usr/bin/gcc-11   -W -Wall -pedantic -Wbad-function-cast -Wconversion -Winline -Wmissing-declarations -Wmissing-prototypes -Wnested-externs -Wno-long-long -Wno-multichar -Wpointer-arith -Wshadow -Wsign-compare -Wundef -Wunused -Wwrite-strings -Wcast-align -Wdeclaration-after-statement -Wempty-body -Wendif-labels -Wfloat-equal -Wignored-qualifiers -Wno-format-nonliteral -Wno-sign-conversion -Wno-system-headers -Wstrict-prototypes -Wtype-limits -Wvla -Wmissing-parameter-type -Wold-style-declaration -Wstrict-aliasing=3 -Wformat=2 -Warray-bounds=2 -ftree-vrp -Wduplicated-cond -Wnull-dereference -fdelete-null-pointer-checks -Wshift-negative-value -Wshift-overflow=2 -Walloc-zero -Wduplicated-branches -Wformat-overflow=2 -Wformat-truncation=1 -Wrestrict -Warith-conversion -Wdouble-promotion -Wenum-conversion -Wunused-const-variable -DHAVE_GLIBC_STRERROR_R  -DHAVE_INTTYPES_H -DHAVE_SYS_WAIT_H -DHAVE_SYS_IOCTL_H -DHAVE_SYS_PARAM_H -DHAVE_SYS_POLL_H -DHAVE_SYS_RESOURCE_H -DHAVE_SYS_SELECT_H -DHAVE_SYS_SOCKET_H -DHAVE_SYS_STAT_H -DHAVE_SYS_TIME_H -DHAVE_SYS_TYPES_H -DHAVE_SYS_UN_H -DHAVE_SYS_XATTR_H -DHAVE_ARPA_INET_H -DHAVE_FCNTL_H -DHAVE_IFADDRS_H -DHAVE_LIBGEN_H -DHAVE_LOCALE_H -DHAVE_NET_IF_H -DHAVE_NETDB_H -DHAVE_NETINET_IN_H -DHAVE_NETINET_TCP_H -DHAVE_NETINET_UDP_H -DHAVE_POLL_H -DHAVE_PWD_H -DHAVE_STDATOMIC_H -DHAVE_STDBOOL_H -DHAVE_STDINT_H -DHAVE_STRINGS_H -DHAVE_TERMIO_H -DHAVE_TERMIOS_H -DHAVE_UNISTD_H -DHAVE_UTIME_H -o CMakeFiles/cmTC_13511.dir/CurlTests.c.o -c "/home/uhuj/skillbox_cpp/learn_cpp_tasks/out/build/GCC 11.3.0 x86_64-linux-gnu/_deps/curl-src/CMake/CurlTests.c"
/home/uhuj/skillbox_cpp/learn_cpp_tasks/out/build/GCC 11.3.0 x86_64-linux-gnu/_deps/curl-src/CMake/CurlTests.c:377:6: warning: no previous prototype for ‘check’ [-Wmissing-prototypes]
  377 | void check(char c) {}
      |      ^~~~~
/home/uhuj/skillbox_cpp/learn_cpp_tasks/out/build/GCC 11.3.0 x86_64-linux-gnu/_deps/curl-src/CMake/CurlTests.c: In function ‘check’:
/home/uhuj/skillbox_cpp/learn_cpp_tasks/out/build/GCC 11.3.0 x86_64-linux-gnu/_deps/curl-src/CMake/CurlTests.c:377:17: warning: unused parameter ‘c’ [-Wunused-parameter]
  377 | void check(char c) {}
      |            ~~~~~^
/home/uhuj/skillbox_cpp/learn_cpp_tasks/out/build/GCC 11.3.0 x86_64-linux-gnu/_deps/curl-src/CMake/CurlTests.c: At top level:
/home/uhuj/skillbox_cpp/learn_cpp_tasks/out/build/GCC 11.3.0 x86_64-linux-gnu/_deps/curl-src/CMake/CurlTests.c:380:1: warning: function declaration isn’t a prototype [-Wstrict-prototypes]
  380 | main () {
      | ^~~~
/home/uhuj/skillbox_cpp/learn_cpp_tasks/out/build/GCC 11.3.0 x86_64-linux-gnu/_deps/curl-src/CMake/CurlTests.c: In function ‘main’:
/home/uhuj/skillbox_cpp/learn_cpp_tasks/out/build/GCC 11.3.0 x86_64-linux-gnu/_deps/curl-src/CMake/CurlTests.c:383:51: error: subscripted value is neither array nor pointer nor vector
  383 |   check(strerror_r(EACCES, buffer, sizeof(buffer))[0]);
      |                                                   ^
gmake[1]: *** [CMakeFiles/cmTC_13511.dir/build.make:78: CMakeFiles/cmTC_13511.dir/CurlTests.c.o] Error 1
gmake[1]: Leaving directory '/home/uhuj/skillbox_cpp/learn_cpp_tasks/out/build/GCC 11.3.0 x86_64-linux-gnu/CMakeFiles/CMakeTmp'
gmake: *** [Makefile:127: cmTC_13511/fast] Error 2


Performing Curl Test HAVE_BUILTIN_AVAILABLE failed with the following output:
Change Dir: /home/uhuj/skillbox_cpp/learn_cpp_tasks/out/build/GCC 11.3.0 x86_64-linux-gnu/CMakeFiles/CMakeTmp

Run Build Command(s):/usr/bin/gmake -f Makefile cmTC_732bd/fast && /usr/bin/gmake  -f CMakeFiles/cmTC_732bd.dir/build.make CMakeFiles/cmTC_732bd.dir/build
gmake[1]: Entering directory '/home/uhuj/skillbox_cpp/learn_cpp_tasks/out/build/GCC 11.3.0 x86_64-linux-gnu/CMakeFiles/CMakeTmp'
Building C object CMakeFiles/cmTC_732bd.dir/CurlTests.c.o
/usr/bin/gcc-11   -W -Wall -pedantic -Wbad-function-cast -Wconversion -Winline -Wmissing-declarations -Wmissing-prototypes -Wnested-externs -Wno-long-long -Wno-multichar -Wpointer-arith -Wshadow -Wsign-compare -Wundef -Wunused -Wwrite-strings -Wcast-align -Wdeclaration-after-statement -Wempty-body -Wendif-labels -Wfloat-equal -Wignored-qualifiers -Wno-format-nonliteral -Wno-sign-conversion -Wno-system-headers -Wstrict-prototypes -Wtype-limits -Wvla -Wmissing-parameter-type -Wold-style-declaration -Wstrict-aliasing=3 -Wformat=2 -Warray-bounds=2 -ftree-vrp -Wduplicated-cond -Wnull-dereference -fdelete-null-pointer-checks -Wshift-negative-value -Wshift-overflow=2 -Walloc-zero -Wduplicated-branches -Wformat-overflow=2 -Wformat-truncation=1 -Wrestrict -Warith-conversion -Wdouble-promotion -Wenum-conversion -Wunused-const-variable -DHAVE_BUILTIN_AVAILABLE  -DHAVE_INTTYPES_H -DHAVE_SYS_WAIT_H -DHAVE_SYS_IOCTL_H -DHAVE_SYS_PARAM_H -DHAVE_SYS_POLL_H -DHAVE_SYS_RESOURCE_H -DHAVE_SYS_SELECT_H -DHAVE_SYS_SOCKET_H -DHAVE_SYS_STAT_H -DHAVE_SYS_TIME_H -DHAVE_SYS_TYPES_H -DHAVE_SYS_UN_H -DHAVE_SYS_XATTR_H -DHAVE_ARPA_INET_H -DHAVE_FCNTL_H -DHAVE_IFADDRS_H -DHAVE_LIBGEN_H -DHAVE_LOCALE_H -DHAVE_NET_IF_H -DHAVE_NETDB_H -DHAVE_NETINET_IN_H -DHAVE_NETINET_TCP_H -DHAVE_NETINET_UDP_H -DHAVE_POLL_H -DHAVE_PWD_H -DHAVE_STDATOMIC_H -DHAVE_STDBOOL_H -DHAVE_STDINT_H -DHAVE_STRINGS_H -DHAVE_TERMIO_H -DHAVE_TERMIOS_H -DHAVE_UNISTD_H -DHAVE_UTIME_H -o CMakeFiles/cmTC_732bd.dir/CurlTests.c.o -c "/home/uhuj/skillbox_cpp/learn_cpp_tasks/out/build/GCC 11.3.0 x86_64-linux-gnu/_deps/curl-src/CMake/CurlTests.c"
/home/uhuj/skillbox_cpp/learn_cpp_tasks/out/build/GCC 11.3.0 x86_64-linux-gnu/_deps/curl-src/CMake/CurlTests.c:429:1: warning: function declaration isn’t a prototype [-Wstrict-prototypes]
  429 | main() {
      | ^~~~
/home/uhuj/skillbox_cpp/learn_cpp_tasks/out/build/GCC 11.3.0 x86_64-linux-gnu/_deps/curl-src/CMake/CurlTests.c: In function ‘main’:
/home/uhuj/skillbox_cpp/learn_cpp_tasks/out/build/GCC 11.3.0 x86_64-linux-gnu/_deps/curl-src/CMake/CurlTests.c:430:6: warning: implicit declaration of function ‘__builtin_available’; did you mean ‘__builtin_scalbl’? [-Wimplicit-function-declaration]
  430 |   if(__builtin_available(macOS 10.12, *)) {}
      |      ^~~~~~~~~~~~~~~~~~~
      |      __builtin_scalbl
/home/uhuj/skillbox_cpp/learn_cpp_tasks/out/build/GCC 11.3.0 x86_64-linux-gnu/_deps/curl-src/CMake/CurlTests.c:430:6: warning: nested extern declaration of ‘__builtin_available’ [-Wnested-externs]
/home/uhuj/skillbox_cpp/learn_cpp_tasks/out/build/GCC 11.3.0 x86_64-linux-gnu/_deps/curl-src/CMake/CurlTests.c:430:26: error: ‘macOS’ undeclared (first use in this function)
  430 |   if(__builtin_available(macOS 10.12, *)) {}
      |                          ^~~~~
/home/uhuj/skillbox_cpp/learn_cpp_tasks/out/build/GCC 11.3.0 x86_64-linux-gnu/_deps/curl-src/CMake/CurlTests.c:430:26: note: each undeclared identifier is reported only once for each function it appears in
/home/uhuj/skillbox_cpp/learn_cpp_tasks/out/build/GCC 11.3.0 x86_64-linux-gnu/_deps/curl-src/CMake/CurlTests.c:430:31: error: expected ‘)’ before numeric constant
  430 |   if(__builtin_available(macOS 10.12, *)) {}
      |                         ~     ^~~~~~
      |                               )
gmake[1]: *** [CMakeFiles/cmTC_732bd.dir/build.make:78: CMakeFiles/cmTC_732bd.dir/CurlTests.c.o] Error 1
gmake[1]: Leaving directory '/home/uhuj/skillbox_cpp/learn_cpp_tasks/out/build/GCC 11.3.0 x86_64-linux-gnu/CMakeFiles/CMakeTmp'
gmake: *** [Makefile:127: cmTC_732bd/fast] Error 2


