The system is: Linux - 6.1.0-38-amd64 - x86_64
Compiling the C compiler identification source file "CMakeCCompilerId.c" succeeded.
Compiler: /usr/bin/gcc 
Build flags: 
Id flags:  

The output was:
0


Compilation of the C compiler identification source "CMakeCCompilerId.c" produced "a.out"

The C compiler identification is GNU, found in "/home/uhuj/skillbox_cpp/learn_cpp_tasks/out/build/GCC 12.2.0 x86_64-linux-gnu/CMakeFiles/3.25.1/CompilerIdC/a.out"

Compiling the CXX compiler identification source file "CMakeCXXCompilerId.cpp" succeeded.
Compiler: /usr/bin/g++ 
Build flags: 
Id flags:  

The output was:
0


Compilation of the CXX compiler identification source "CMakeCXXCompilerId.cpp" produced "a.out"

The CXX compiler identification is GNU, found in "/home/uhuj/skillbox_cpp/learn_cpp_tasks/out/build/GCC 12.2.0 x86_64-linux-gnu/CMakeFiles/3.25.1/CompilerIdCXX/a.out"

Detecting C compiler ABI info compiled with the following output:
Change Dir: /home/uhuj/skillbox_cpp/learn_cpp_tasks/out/build/GCC 12.2.0 x86_64-linux-gnu/CMakeFiles/CMakeScratch/TryCompile-tIrgzU

Run Build Command(s):/usr/bin/gmake -f Makefile cmTC_c262d/fast && /usr/bin/gmake  -f CMakeFiles/cmTC_c262d.dir/build.make CMakeFiles/cmTC_c262d.dir/build
gmake[1]: Entering directory '/home/uhuj/skillbox_cpp/learn_cpp_tasks/out/build/GCC 12.2.0 x86_64-linux-gnu/CMakeFiles/CMakeScratch/TryCompile-tIrgzU'
Building C object CMakeFiles/cmTC_c262d.dir/CMakeCCompilerABI.c.o
/usr/bin/gcc   -v -o CMakeFiles/cmTC_c262d.dir/CMakeCCompilerABI.c.o -c /usr/share/cmake-3.25/Modules/CMakeCCompilerABI.c
Using built-in specs.
COLLECT_GCC=/usr/bin/gcc
OFFLOAD_TARGET_NAMES=nvptx-none:amdgcn-amdhsa
OFFLOAD_TARGET_DEFAULT=1
Target: x86_64-linux-gnu
Configured with: ../src/configure -v --with-pkgversion='Debian 12.2.0-14+deb12u1' --with-bugurl=file:///usr/share/doc/gcc-12/README.Bugs --enable-languages=c,ada,c++,go,d,fortran,objc,obj-c++,m2 --prefix=/usr --with-gcc-major-version-only --program-suffix=-12 --program-prefix=x86_64-linux-gnu- --enable-shared --enable-linker-build-id --libexecdir=/usr/lib --without-included-gettext --enable-threads=posix --libdir=/usr/lib --enable-nls --enable-clocale=gnu --enable-libstdcxx-debug --enable-libstdcxx-time=yes --with-default-libstdcxx-abi=new --enable-gnu-unique-object --disable-vtable-verify --enable-plugin --enable-default-pie --with-system-zlib --enable-libphobos-checking=release --with-target-system-zlib=auto --enable-objc-gc=auto --enable-multiarch --disable-werror --enable-cet --with-arch-32=i686 --with-abi=m64 --with-multilib-list=m32,m64,mx32 --enable-multilib --with-tune=generic --enable-offload-targets=nvptx-none=/build/reproducible-path/gcc-12-12.2.0/debian/tmp-nvptx/usr,amdgcn-amdhsa=/build/reproducible-path/gcc-12-12.2.0/debian/tmp-gcn/usr --enable-offload-defaulted --without-cuda-driver --enable-checking=release --build=x86_64-linux-gnu --host=x86_64-linux-gnu --target=x86_64-linux-gnu
Thread model: posix
Supported LTO compression algorithms: zlib zstd
gcc version 12.2.0 (Debian 12.2.0-14+deb12u1) 
COLLECT_GCC_OPTIONS='-v' '-o' 'CMakeFiles/cmTC_c262d.dir/CMakeCCompilerABI.c.o' '-c' '-mtune=generic' '-march=x86-64' '-dumpdir' 'CMakeFiles/cmTC_c262d.dir/'
 /usr/lib/gcc/x86_64-linux-gnu/12/cc1 -quiet -v -imultiarch x86_64-linux-gnu /usr/share/cmake-3.25/Modules/CMakeCCompilerABI.c -quiet -dumpdir CMakeFiles/cmTC_c262d.dir/ -dumpbase CMakeCCompilerABI.c.c -dumpbase-ext .c -mtune=generic -march=x86-64 -version -fasynchronous-unwind-tables -o /tmp/ccSRFScI.s
GNU C17 (Debian 12.2.0-14+deb12u1) version 12.2.0 (x86_64-linux-gnu)
	compiled by GNU C version 12.2.0, GMP version 6.2.1, MPFR version 4.2.0, MPC version 1.3.1, isl version isl-0.25-GMP

GGC heuristics: --param ggc-min-expand=100 --param ggc-min-heapsize=131072
ignoring nonexistent directory "/usr/local/include/x86_64-linux-gnu"
ignoring nonexistent directory "/usr/lib/gcc/x86_64-linux-gnu/12/include-fixed"
ignoring nonexistent directory "/usr/lib/gcc/x86_64-linux-gnu/12/../../../../x86_64-linux-gnu/include"
#include "..." search starts here:
#include <...> search starts here:
 /usr/lib/gcc/x86_64-linux-gnu/12/include
 /usr/local/include
 /usr/include/x86_64-linux-gnu
 /usr/include
End of search list.
GNU C17 (Debian 12.2.0-14+deb12u1) version 12.2.0 (x86_64-linux-gnu)
	compiled by GNU C version 12.2.0, GMP version 6.2.1, MPFR version 4.2.0, MPC version 1.3.1, isl version isl-0.25-GMP

GGC heuristics: --param ggc-min-expand=100 --param ggc-min-heapsize=131072
Compiler executable checksum: df5cb71f7b1353aac39c2b59ae45fa4a
COLLECT_GCC_OPTIONS='-v' '-o' 'CMakeFiles/cmTC_c262d.dir/CMakeCCompilerABI.c.o' '-c' '-mtune=generic' '-march=x86-64' '-dumpdir' 'CMakeFiles/cmTC_c262d.dir/'
 as -v --64 -o CMakeFiles/cmTC_c262d.dir/CMakeCCompilerABI.c.o /tmp/ccSRFScI.s
GNU assembler version 2.40 (x86_64-linux-gnu) using BFD version (GNU Binutils for Debian) 2.40
COMPILER_PATH=/usr/lib/gcc/x86_64-linux-gnu/12/:/usr/lib/gcc/x86_64-linux-gnu/12/:/usr/lib/gcc/x86_64-linux-gnu/:/usr/lib/gcc/x86_64-linux-gnu/12/:/usr/lib/gcc/x86_64-linux-gnu/
LIBRARY_PATH=/usr/lib/gcc/x86_64-linux-gnu/12/:/usr/lib/gcc/x86_64-linux-gnu/12/../../../x86_64-linux-gnu/:/usr/lib/gcc/x86_64-linux-gnu/12/../../../../lib/:/lib/x86_64-linux-gnu/:/lib/../lib/:/usr/lib/x86_64-linux-gnu/:/usr/lib/../lib/:/usr/lib/gcc/x86_64-linux-gnu/12/../../../:/lib/:/usr/lib/
COLLECT_GCC_OPTIONS='-v' '-o' 'CMakeFiles/cmTC_c262d.dir/CMakeCCompilerABI.c.o' '-c' '-mtune=generic' '-march=x86-64' '-dumpdir' 'CMakeFiles/cmTC_c262d.dir/CMakeCCompilerABI.c.'
Linking C executable cmTC_c262d
/usr/bin/cmake -E cmake_link_script CMakeFiles/cmTC_c262d.dir/link.txt --verbose=1
/usr/bin/gcc  -v CMakeFiles/cmTC_c262d.dir/CMakeCCompilerABI.c.o -o cmTC_c262d 
Using built-in specs.
COLLECT_GCC=/usr/bin/gcc
COLLECT_LTO_WRAPPER=/usr/lib/gcc/x86_64-linux-gnu/12/lto-wrapper
OFFLOAD_TARGET_NAMES=nvptx-none:amdgcn-amdhsa
OFFLOAD_TARGET_DEFAULT=1
Target: x86_64-linux-gnu
Configured with: ../src/configure -v --with-pkgversion='Debian 12.2.0-14+deb12u1' --with-bugurl=file:///usr/share/doc/gcc-12/README.Bugs --enable-languages=c,ada,c++,go,d,fortran,objc,obj-c++,m2 --prefix=/usr --with-gcc-major-version-only --program-suffix=-12 --program-prefix=x86_64-linux-gnu- --enable-shared --enable-linker-build-id --libexecdir=/usr/lib --without-included-gettext --enable-threads=posix --libdir=/usr/lib --enable-nls --enable-clocale=gnu --enable-libstdcxx-debug --enable-libstdcxx-time=yes --with-default-libstdcxx-abi=new --enable-gnu-unique-object --disable-vtable-verify --enable-plugin --enable-default-pie --with-system-zlib --enable-libphobos-checking=release --with-target-system-zlib=auto --enable-objc-gc=auto --enable-multiarch --disable-werror --enable-cet --with-arch-32=i686 --with-abi=m64 --with-multilib-list=m32,m64,mx32 --enable-multilib --with-tune=generic --enable-offload-targets=nvptx-none=/build/reproducible-path/gcc-12-12.2.0/debian/tmp-nvptx/usr,amdgcn-amdhsa=/build/reproducible-path/gcc-12-12.2.0/debian/tmp-gcn/usr --enable-offload-defaulted --without-cuda-driver --enable-checking=release --build=x86_64-linux-gnu --host=x86_64-linux-gnu --target=x86_64-linux-gnu
Thread model: posix
Supported LTO compression algorithms: zlib zstd
gcc version 12.2.0 (Debian 12.2.0-14+deb12u1) 
COMPILER_PATH=/usr/lib/gcc/x86_64-linux-gnu/12/:/usr/lib/gcc/x86_64-linux-gnu/12/:/usr/lib/gcc/x86_64-linux-gnu/:/usr/lib/gcc/x86_64-linux-gnu/12/:/usr/lib/gcc/x86_64-linux-gnu/
LIBRARY_PATH=/usr/lib/gcc/x86_64-linux-gnu/12/:/usr/lib/gcc/x86_64-linux-gnu/12/../../../x86_64-linux-gnu/:/usr/lib/gcc/x86_64-linux-gnu/12/../../../../lib/:/lib/x86_64-linux-gnu/:/lib/../lib/:/usr/lib/x86_64-linux-gnu/:/usr/lib/../lib/:/usr/lib/gcc/x86_64-linux-gnu/12/../../../:/lib/:/usr/lib/
COLLECT_GCC_OPTIONS='-v' '-o' 'cmTC_c262d' '-mtune=generic' '-march=x86-64' '-dumpdir' 'cmTC_c262d.'
 /usr/lib/gcc/x86_64-linux-gnu/12/collect2 -plugin /usr/lib/gcc/x86_64-linux-gnu/12/liblto_plugin.so -plugin-opt=/usr/lib/gcc/x86_64-linux-gnu/12/lto-wrapper -plugin-opt=-fresolution=/tmp/ccgsnRce.res -plugin-opt=-pass-through=-lgcc -plugin-opt=-pass-through=-lgcc_s -plugin-opt=-pass-through=-lc -plugin-opt=-pass-through=-lgcc -plugin-opt=-pass-through=-lgcc_s --build-id --eh-frame-hdr -m elf_x86_64 --hash-style=gnu --as-needed -dynamic-linker /lib64/ld-linux-x86-64.so.2 -pie -o cmTC_c262d /usr/lib/gcc/x86_64-linux-gnu/12/../../../x86_64-linux-gnu/Scrt1.o /usr/lib/gcc/x86_64-linux-gnu/12/../../../x86_64-linux-gnu/crti.o /usr/lib/gcc/x86_64-linux-gnu/12/crtbeginS.o -L/usr/lib/gcc/x86_64-linux-gnu/12 -L/usr/lib/gcc/x86_64-linux-gnu/12/../../../x86_64-linux-gnu -L/usr/lib/gcc/x86_64-linux-gnu/12/../../../../lib -L/lib/x86_64-linux-gnu -L/lib/../lib -L/usr/lib/x86_64-linux-gnu -L/usr/lib/../lib -L/usr/lib/gcc/x86_64-linux-gnu/12/../../.. CMakeFiles/cmTC_c262d.dir/CMakeCCompilerABI.c.o -lgcc --push-state --as-needed -lgcc_s --pop-state -lc -lgcc --push-state --as-needed -lgcc_s --pop-state /usr/lib/gcc/x86_64-linux-gnu/12/crtendS.o /usr/lib/gcc/x86_64-linux-gnu/12/../../../x86_64-linux-gnu/crtn.o
COLLECT_GCC_OPTIONS='-v' '-o' 'cmTC_c262d' '-mtune=generic' '-march=x86-64' '-dumpdir' 'cmTC_c262d.'
gmake[1]: Leaving directory '/home/uhuj/skillbox_cpp/learn_cpp_tasks/out/build/GCC 12.2.0 x86_64-linux-gnu/CMakeFiles/CMakeScratch/TryCompile-tIrgzU'



Parsed C implicit include dir info from above output: rv=done
  found start of include info
  found start of implicit include info
    add: [/usr/lib/gcc/x86_64-linux-gnu/12/include]
    add: [/usr/local/include]
    add: [/usr/include/x86_64-linux-gnu]
    add: [/usr/include]
  end of search list found
  collapse include dir [/usr/lib/gcc/x86_64-linux-gnu/12/include] ==> [/usr/lib/gcc/x86_64-linux-gnu/12/include]
  collapse include dir [/usr/local/include] ==> [/usr/local/include]
  collapse include dir [/usr/include/x86_64-linux-gnu] ==> [/usr/include/x86_64-linux-gnu]
  collapse include dir [/usr/include] ==> [/usr/include]
  implicit include dirs: [/usr/lib/gcc/x86_64-linux-gnu/12/include;/usr/local/include;/usr/include/x86_64-linux-gnu;/usr/include]


Parsed C implicit link information from above output:
  link line regex: [^( *|.*[/\])(ld|CMAKE_LINK_STARTFILE-NOTFOUND|([^/\]+-)?ld|collect2)[^/\]*( |$)]
  ignore line: [Change Dir: /home/uhuj/skillbox_cpp/learn_cpp_tasks/out/build/GCC 12.2.0 x86_64-linux-gnu/CMakeFiles/CMakeScratch/TryCompile-tIrgzU]
  ignore line: []
  ignore line: [Run Build Command(s):/usr/bin/gmake -f Makefile cmTC_c262d/fast && /usr/bin/gmake  -f CMakeFiles/cmTC_c262d.dir/build.make CMakeFiles/cmTC_c262d.dir/build]
  ignore line: [gmake[1]: Entering directory '/home/uhuj/skillbox_cpp/learn_cpp_tasks/out/build/GCC 12.2.0 x86_64-linux-gnu/CMakeFiles/CMakeScratch/TryCompile-tIrgzU']
  ignore line: [Building C object CMakeFiles/cmTC_c262d.dir/CMakeCCompilerABI.c.o]
  ignore line: [/usr/bin/gcc   -v -o CMakeFiles/cmTC_c262d.dir/CMakeCCompilerABI.c.o -c /usr/share/cmake-3.25/Modules/CMakeCCompilerABI.c]
  ignore line: [Using built-in specs.]
  ignore line: [COLLECT_GCC=/usr/bin/gcc]
  ignore line: [OFFLOAD_TARGET_NAMES=nvptx-none:amdgcn-amdhsa]
  ignore line: [OFFLOAD_TARGET_DEFAULT=1]
  ignore line: [Target: x86_64-linux-gnu]
  ignore line: [Configured with: ../src/configure -v --with-pkgversion='Debian 12.2.0-14+deb12u1' --with-bugurl=file:///usr/share/doc/gcc-12/README.Bugs --enable-languages=c ada c++ go d fortran objc obj-c++ m2 --prefix=/usr --with-gcc-major-version-only --program-suffix=-12 --program-prefix=x86_64-linux-gnu- --enable-shared --enable-linker-build-id --libexecdir=/usr/lib --without-included-gettext --enable-threads=posix --libdir=/usr/lib --enable-nls --enable-clocale=gnu --enable-libstdcxx-debug --enable-libstdcxx-time=yes --with-default-libstdcxx-abi=new --enable-gnu-unique-object --disable-vtable-verify --enable-plugin --enable-default-pie --with-system-zlib --enable-libphobos-checking=release --with-target-system-zlib=auto --enable-objc-gc=auto --enable-multiarch --disable-werror --enable-cet --with-arch-32=i686 --with-abi=m64 --with-multilib-list=m32 m64 mx32 --enable-multilib --with-tune=generic --enable-offload-targets=nvptx-none=/build/reproducible-path/gcc-12-12.2.0/debian/tmp-nvptx/usr amdgcn-amdhsa=/build/reproducible-path/gcc-12-12.2.0/debian/tmp-gcn/usr --enable-offload-defaulted --without-cuda-driver --enable-checking=release --build=x86_64-linux-gnu --host=x86_64-linux-gnu --target=x86_64-linux-gnu]
  ignore line: [Thread model: posix]
  ignore line: [Supported LTO compression algorithms: zlib zstd]
  ignore line: [gcc version 12.2.0 (Debian 12.2.0-14+deb12u1) ]
  ignore line: [COLLECT_GCC_OPTIONS='-v' '-o' 'CMakeFiles/cmTC_c262d.dir/CMakeCCompilerABI.c.o' '-c' '-mtune=generic' '-march=x86-64' '-dumpdir' 'CMakeFiles/cmTC_c262d.dir/']
  ignore line: [ /usr/lib/gcc/x86_64-linux-gnu/12/cc1 -quiet -v -imultiarch x86_64-linux-gnu /usr/share/cmake-3.25/Modules/CMakeCCompilerABI.c -quiet -dumpdir CMakeFiles/cmTC_c262d.dir/ -dumpbase CMakeCCompilerABI.c.c -dumpbase-ext .c -mtune=generic -march=x86-64 -version -fasynchronous-unwind-tables -o /tmp/ccSRFScI.s]
  ignore line: [GNU C17 (Debian 12.2.0-14+deb12u1) version 12.2.0 (x86_64-linux-gnu)]
  ignore line: [	compiled by GNU C version 12.2.0  GMP version 6.2.1  MPFR version 4.2.0  MPC version 1.3.1  isl version isl-0.25-GMP]
  ignore line: []
  ignore line: [GGC heuristics: --param ggc-min-expand=100 --param ggc-min-heapsize=131072]
  ignore line: [ignoring nonexistent directory "/usr/local/include/x86_64-linux-gnu"]
  ignore line: [ignoring nonexistent directory "/usr/lib/gcc/x86_64-linux-gnu/12/include-fixed"]
  ignore line: [ignoring nonexistent directory "/usr/lib/gcc/x86_64-linux-gnu/12/../../../../x86_64-linux-gnu/include"]
  ignore line: [#include "..." search starts here:]
  ignore line: [#include <...> search starts here:]
  ignore line: [ /usr/lib/gcc/x86_64-linux-gnu/12/include]
  ignore line: [ /usr/local/include]
  ignore line: [ /usr/include/x86_64-linux-gnu]
  ignore line: [ /usr/include]
  ignore line: [End of search list.]
  ignore line: [GNU C17 (Debian 12.2.0-14+deb12u1) version 12.2.0 (x86_64-linux-gnu)]
  ignore line: [	compiled by GNU C version 12.2.0  GMP version 6.2.1  MPFR version 4.2.0  MPC version 1.3.1  isl version isl-0.25-GMP]
  ignore line: []
  ignore line: [GGC heuristics: --param ggc-min-expand=100 --param ggc-min-heapsize=131072]
  ignore line: [Compiler executable checksum: df5cb71f7b1353aac39c2b59ae45fa4a]
  ignore line: [COLLECT_GCC_OPTIONS='-v' '-o' 'CMakeFiles/cmTC_c262d.dir/CMakeCCompilerABI.c.o' '-c' '-mtune=generic' '-march=x86-64' '-dumpdir' 'CMakeFiles/cmTC_c262d.dir/']
  ignore line: [ as -v --64 -o CMakeFiles/cmTC_c262d.dir/CMakeCCompilerABI.c.o /tmp/ccSRFScI.s]
  ignore line: [GNU assembler version 2.40 (x86_64-linux-gnu) using BFD version (GNU Binutils for Debian) 2.40]
  ignore line: [COMPILER_PATH=/usr/lib/gcc/x86_64-linux-gnu/12/:/usr/lib/gcc/x86_64-linux-gnu/12/:/usr/lib/gcc/x86_64-linux-gnu/:/usr/lib/gcc/x86_64-linux-gnu/12/:/usr/lib/gcc/x86_64-linux-gnu/]
  ignore line: [LIBRARY_PATH=/usr/lib/gcc/x86_64-linux-gnu/12/:/usr/lib/gcc/x86_64-linux-gnu/12/../../../x86_64-linux-gnu/:/usr/lib/gcc/x86_64-linux-gnu/12/../../../../lib/:/lib/x86_64-linux-gnu/:/lib/../lib/:/usr/lib/x86_64-linux-gnu/:/usr/lib/../lib/:/usr/lib/gcc/x86_64-linux-gnu/12/../../../:/lib/:/usr/lib/]
  ignore line: [COLLECT_GCC_OPTIONS='-v' '-o' 'CMakeFiles/cmTC_c262d.dir/CMakeCCompilerABI.c.o' '-c' '-mtune=generic' '-march=x86-64' '-dumpdir' 'CMakeFiles/cmTC_c262d.dir/CMakeCCompilerABI.c.']
  ignore line: [Linking C executable cmTC_c262d]
  ignore line: [/usr/bin/cmake -E cmake_link_script CMakeFiles/cmTC_c262d.dir/link.txt --verbose=1]
  ignore line: [/usr/bin/gcc  -v CMakeFiles/cmTC_c262d.dir/CMakeCCompilerABI.c.o -o cmTC_c262d ]
  ignore line: [Using built-in specs.]
  ignore line: [COLLECT_GCC=/usr/bin/gcc]
  ignore line: [COLLECT_LTO_WRAPPER=/usr/lib/gcc/x86_64-linux-gnu/12/lto-wrapper]
  ignore line: [OFFLOAD_TARGET_NAMES=nvptx-none:amdgcn-amdhsa]
  ignore line: [OFFLOAD_TARGET_DEFAULT=1]
  ignore line: [Target: x86_64-linux-gnu]
  ignore line: [Configured with: ../src/configure -v --with-pkgversion='Debian 12.2.0-14+deb12u1' --with-bugurl=file:///usr/share/doc/gcc-12/README.Bugs --enable-languages=c ada c++ go d fortran objc obj-c++ m2 --prefix=/usr --with-gcc-major-version-only --program-suffix=-12 --program-prefix=x86_64-linux-gnu- --enable-shared --enable-linker-build-id --libexecdir=/usr/lib --without-included-gettext --enable-threads=posix --libdir=/usr/lib --enable-nls --enable-clocale=gnu --enable-libstdcxx-debug --enable-libstdcxx-time=yes --with-default-libstdcxx-abi=new --enable-gnu-unique-object --disable-vtable-verify --enable-plugin --enable-default-pie --with-system-zlib --enable-libphobos-checking=release --with-target-system-zlib=auto --enable-objc-gc=auto --enable-multiarch --disable-werror --enable-cet --with-arch-32=i686 --with-abi=m64 --with-multilib-list=m32 m64 mx32 --enable-multilib --with-tune=generic --enable-offload-targets=nvptx-none=/build/reproducible-path/gcc-12-12.2.0/debian/tmp-nvptx/usr amdgcn-amdhsa=/build/reproducible-path/gcc-12-12.2.0/debian/tmp-gcn/usr --enable-offload-defaulted --without-cuda-driver --enable-checking=release --build=x86_64-linux-gnu --host=x86_64-linux-gnu --target=x86_64-linux-gnu]
  ignore line: [Thread model: posix]
  ignore line: [Supported LTO compression algorithms: zlib zstd]
  ignore line: [gcc version 12.2.0 (Debian 12.2.0-14+deb12u1) ]
  ignore line: [COMPILER_PATH=/usr/lib/gcc/x86_64-linux-gnu/12/:/usr/lib/gcc/x86_64-linux-gnu/12/:/usr/lib/gcc/x86_64-linux-gnu/:/usr/lib/gcc/x86_64-linux-gnu/12/:/usr/lib/gcc/x86_64-linux-gnu/]
  ignore line: [LIBRARY_PATH=/usr/lib/gcc/x86_64-linux-gnu/12/:/usr/lib/gcc/x86_64-linux-gnu/12/../../../x86_64-linux-gnu/:/usr/lib/gcc/x86_64-linux-gnu/12/../../../../lib/:/lib/x86_64-linux-gnu/:/lib/../lib/:/usr/lib/x86_64-linux-gnu/:/usr/lib/../lib/:/usr/lib/gcc/x86_64-linux-gnu/12/../../../:/lib/:/usr/lib/]
  ignore line: [COLLECT_GCC_OPTIONS='-v' '-o' 'cmTC_c262d' '-mtune=generic' '-march=x86-64' '-dumpdir' 'cmTC_c262d.']
  link line: [ /usr/lib/gcc/x86_64-linux-gnu/12/collect2 -plugin /usr/lib/gcc/x86_64-linux-gnu/12/liblto_plugin.so -plugin-opt=/usr/lib/gcc/x86_64-linux-gnu/12/lto-wrapper -plugin-opt=-fresolution=/tmp/ccgsnRce.res -plugin-opt=-pass-through=-lgcc -plugin-opt=-pass-through=-lgcc_s -plugin-opt=-pass-through=-lc -plugin-opt=-pass-through=-lgcc -plugin-opt=-pass-through=-lgcc_s --build-id --eh-frame-hdr -m elf_x86_64 --hash-style=gnu --as-needed -dynamic-linker /lib64/ld-linux-x86-64.so.2 -pie -o cmTC_c262d /usr/lib/gcc/x86_64-linux-gnu/12/../../../x86_64-linux-gnu/Scrt1.o /usr/lib/gcc/x86_64-linux-gnu/12/../../../x86_64-linux-gnu/crti.o /usr/lib/gcc/x86_64-linux-gnu/12/crtbeginS.o -L/usr/lib/gcc/x86_64-linux-gnu/12 -L/usr/lib/gcc/x86_64-linux-gnu/12/../../../x86_64-linux-gnu -L/usr/lib/gcc/x86_64-linux-gnu/12/../../../../lib -L/lib/x86_64-linux-gnu -L/lib/../lib -L/usr/lib/x86_64-linux-gnu -L/usr/lib/../lib -L/usr/lib/gcc/x86_64-linux-gnu/12/../../.. CMakeFiles/cmTC_c262d.dir/CMakeCCompilerABI.c.o -lgcc --push-state --as-needed -lgcc_s --pop-state -lc -lgcc --push-state --as-needed -lgcc_s --pop-state /usr/lib/gcc/x86_64-linux-gnu/12/crtendS.o /usr/lib/gcc/x86_64-linux-gnu/12/../../../x86_64-linux-gnu/crtn.o]
    arg [/usr/lib/gcc/x86_64-linux-gnu/12/collect2] ==> ignore
    arg [-plugin] ==> ignore
    arg [/usr/lib/gcc/x86_64-linux-gnu/12/liblto_plugin.so] ==> ignore
    arg [-plugin-opt=/usr/lib/gcc/x86_64-linux-gnu/12/lto-wrapper] ==> ignore
    arg [-plugin-opt=-fresolution=/tmp/ccgsnRce.res] ==> ignore
    arg [-plugin-opt=-pass-through=-lgcc] ==> ignore
    arg [-plugin-opt=-pass-through=-lgcc_s] ==> ignore
    arg [-plugin-opt=-pass-through=-lc] ==> ignore
    arg [-plugin-opt=-pass-through=-lgcc] ==> ignore
    arg [-plugin-opt=-pass-through=-lgcc_s] ==> ignore
    arg [--build-id] ==> ignore
    arg [--eh-frame-hdr] ==> ignore
    arg [-m] ==> ignore
    arg [elf_x86_64] ==> ignore
    arg [--hash-style=gnu] ==> ignore
    arg [--as-needed] ==> ignore
    arg [-dynamic-linker] ==> ignore
    arg [/lib64/ld-linux-x86-64.so.2] ==> ignore
    arg [-pie] ==> ignore
    arg [-o] ==> ignore
    arg [cmTC_c262d] ==> ignore
    arg [/usr/lib/gcc/x86_64-linux-gnu/12/../../../x86_64-linux-gnu/Scrt1.o] ==> obj [/usr/lib/gcc/x86_64-linux-gnu/12/../../../x86_64-linux-gnu/Scrt1.o]
    arg [/usr/lib/gcc/x86_64-linux-gnu/12/../../../x86_64-linux-gnu/crti.o] ==> obj [/usr/lib/gcc/x86_64-linux-gnu/12/../../../x86_64-linux-gnu/crti.o]
    arg [/usr/lib/gcc/x86_64-linux-gnu/12/crtbeginS.o] ==> obj [/usr/lib/gcc/x86_64-linux-gnu/12/crtbeginS.o]
    arg [-L/usr/lib/gcc/x86_64-linux-gnu/12] ==> dir [/usr/lib/gcc/x86_64-linux-gnu/12]
    arg [-L/usr/lib/gcc/x86_64-linux-gnu/12/../../../x86_64-linux-gnu] ==> dir [/usr/lib/gcc/x86_64-linux-gnu/12/../../../x86_64-linux-gnu]
    arg [-L/usr/lib/gcc/x86_64-linux-gnu/12/../../../../lib] ==> dir [/usr/lib/gcc/x86_64-linux-gnu/12/../../../../lib]
    arg [-L/lib/x86_64-linux-gnu] ==> dir [/lib/x86_64-linux-gnu]
    arg [-L/lib/../lib] ==> dir [/lib/../lib]
    arg [-L/usr/lib/x86_64-linux-gnu] ==> dir [/usr/lib/x86_64-linux-gnu]
    arg [-L/usr/lib/../lib] ==> dir [/usr/lib/../lib]
    arg [-L/usr/lib/gcc/x86_64-linux-gnu/12/../../..] ==> dir [/usr/lib/gcc/x86_64-linux-gnu/12/../../..]
    arg [CMakeFiles/cmTC_c262d.dir/CMakeCCompilerABI.c.o] ==> ignore
    arg [-lgcc] ==> lib [gcc]
    arg [--push-state] ==> ignore
    arg [--as-needed] ==> ignore
    arg [-lgcc_s] ==> lib [gcc_s]
    arg [--pop-state] ==> ignore
    arg [-lc] ==> lib [c]
    arg [-lgcc] ==> lib [gcc]
    arg [--push-state] ==> ignore
    arg [--as-needed] ==> ignore
    arg [-lgcc_s] ==> lib [gcc_s]
    arg [--pop-state] ==> ignore
    arg [/usr/lib/gcc/x86_64-linux-gnu/12/crtendS.o] ==> obj [/usr/lib/gcc/x86_64-linux-gnu/12/crtendS.o]
    arg [/usr/lib/gcc/x86_64-linux-gnu/12/../../../x86_64-linux-gnu/crtn.o] ==> obj [/usr/lib/gcc/x86_64-linux-gnu/12/../../../x86_64-linux-gnu/crtn.o]
  collapse obj [/usr/lib/gcc/x86_64-linux-gnu/12/../../../x86_64-linux-gnu/Scrt1.o] ==> [/usr/lib/x86_64-linux-gnu/Scrt1.o]
  collapse obj [/usr/lib/gcc/x86_64-linux-gnu/12/../../../x86_64-linux-gnu/crti.o] ==> [/usr/lib/x86_64-linux-gnu/crti.o]
  collapse obj [/usr/lib/gcc/x86_64-linux-gnu/12/../../../x86_64-linux-gnu/crtn.o] ==> [/usr/lib/x86_64-linux-gnu/crtn.o]
  collapse library dir [/usr/lib/gcc/x86_64-linux-gnu/12] ==> [/usr/lib/gcc/x86_64-linux-gnu/12]
  collapse library dir [/usr/lib/gcc/x86_64-linux-gnu/12/../../../x86_64-linux-gnu] ==> [/usr/lib/x86_64-linux-gnu]
  collapse library dir [/usr/lib/gcc/x86_64-linux-gnu/12/../../../../lib] ==> [/usr/lib]
  collapse library dir [/lib/x86_64-linux-gnu] ==> [/lib/x86_64-linux-gnu]
  collapse library dir [/lib/../lib] ==> [/lib]
  collapse library dir [/usr/lib/x86_64-linux-gnu] ==> [/usr/lib/x86_64-linux-gnu]
  collapse library dir [/usr/lib/../lib] ==> [/usr/lib]
  collapse library dir [/usr/lib/gcc/x86_64-linux-gnu/12/../../..] ==> [/usr/lib]
  implicit libs: [gcc;gcc_s;c;gcc;gcc_s]
  implicit objs: [/usr/lib/x86_64-linux-gnu/Scrt1.o;/usr/lib/x86_64-linux-gnu/crti.o;/usr/lib/gcc/x86_64-linux-gnu/12/crtbeginS.o;/usr/lib/gcc/x86_64-linux-gnu/12/crtendS.o;/usr/lib/x86_64-linux-gnu/crtn.o]
  implicit dirs: [/usr/lib/gcc/x86_64-linux-gnu/12;/usr/lib/x86_64-linux-gnu;/usr/lib;/lib/x86_64-linux-gnu;/lib]
  implicit fwks: []


Detecting CXX compiler ABI info compiled with the following output:
Change Dir: /home/uhuj/skillbox_cpp/learn_cpp_tasks/out/build/GCC 12.2.0 x86_64-linux-gnu/CMakeFiles/CMakeScratch/TryCompile-bRHRei

Run Build Command(s):/usr/bin/gmake -f Makefile cmTC_581e5/fast && /usr/bin/gmake  -f CMakeFiles/cmTC_581e5.dir/build.make CMakeFiles/cmTC_581e5.dir/build
gmake[1]: Entering directory '/home/uhuj/skillbox_cpp/learn_cpp_tasks/out/build/GCC 12.2.0 x86_64-linux-gnu/CMakeFiles/CMakeScratch/TryCompile-bRHRei'
Building CXX object CMakeFiles/cmTC_581e5.dir/CMakeCXXCompilerABI.cpp.o
/usr/bin/g++   -v -o CMakeFiles/cmTC_581e5.dir/CMakeCXXCompilerABI.cpp.o -c /usr/share/cmake-3.25/Modules/CMakeCXXCompilerABI.cpp
Using built-in specs.
COLLECT_GCC=/usr/bin/g++
OFFLOAD_TARGET_NAMES=nvptx-none:amdgcn-amdhsa
OFFLOAD_TARGET_DEFAULT=1
Target: x86_64-linux-gnu
Configured with: ../src/configure -v --with-pkgversion='Debian 12.2.0-14+deb12u1' --with-bugurl=file:///usr/share/doc/gcc-12/README.Bugs --enable-languages=c,ada,c++,go,d,fortran,objc,obj-c++,m2 --prefix=/usr --with-gcc-major-version-only --program-suffix=-12 --program-prefix=x86_64-linux-gnu- --enable-shared --enable-linker-build-id --libexecdir=/usr/lib --without-included-gettext --enable-threads=posix --libdir=/usr/lib --enable-nls --enable-clocale=gnu --enable-libstdcxx-debug --enable-libstdcxx-time=yes --with-default-libstdcxx-abi=new --enable-gnu-unique-object --disable-vtable-verify --enable-plugin --enable-default-pie --with-system-zlib --enable-libphobos-checking=release --with-target-system-zlib=auto --enable-objc-gc=auto --enable-multiarch --disable-werror --enable-cet --with-arch-32=i686 --with-abi=m64 --with-multilib-list=m32,m64,mx32 --enable-multilib --with-tune=generic --enable-offload-targets=nvptx-none=/build/reproducible-path/gcc-12-12.2.0/debian/tmp-nvptx/usr,amdgcn-amdhsa=/build/reproducible-path/gcc-12-12.2.0/debian/tmp-gcn/usr --enable-offload-defaulted --without-cuda-driver --enable-checking=release --build=x86_64-linux-gnu --host=x86_64-linux-gnu --target=x86_64-linux-gnu
Thread model: posix
Supported LTO compression algorithms: zlib zstd
gcc version 12.2.0 (Debian 12.2.0-14+deb12u1) 
COLLECT_GCC_OPTIONS='-v' '-o' 'CMakeFiles/cmTC_581e5.dir/CMakeCXXCompilerABI.cpp.o' '-c' '-shared-libgcc' '-mtune=generic' '-march=x86-64' '-dumpdir' 'CMakeFiles/cmTC_581e5.dir/'
 /usr/lib/gcc/x86_64-linux-gnu/12/cc1plus -quiet -v -imultiarch x86_64-linux-gnu -D_GNU_SOURCE /usr/share/cmake-3.25/Modules/CMakeCXXCompilerABI.cpp -quiet -dumpdir CMakeFiles/cmTC_581e5.dir/ -dumpbase CMakeCXXCompilerABI.cpp.cpp -dumpbase-ext .cpp -mtune=generic -march=x86-64 -version -fasynchronous-unwind-tables -o /tmp/ccMbnEmE.s
GNU C++17 (Debian 12.2.0-14+deb12u1) version 12.2.0 (x86_64-linux-gnu)
	compiled by GNU C version 12.2.0, GMP version 6.2.1, MPFR version 4.2.0, MPC version 1.3.1, isl version isl-0.25-GMP

GGC heuristics: --param ggc-min-expand=100 --param ggc-min-heapsize=131072
ignoring duplicate directory "/usr/include/x86_64-linux-gnu/c++/12"
ignoring nonexistent directory "/usr/local/include/x86_64-linux-gnu"
ignoring nonexistent directory "/usr/lib/gcc/x86_64-linux-gnu/12/include-fixed"
ignoring nonexistent directory "/usr/lib/gcc/x86_64-linux-gnu/12/../../../../x86_64-linux-gnu/include"
#include "..." search starts here:
#include <...> search starts here:
 /usr/include/c++/12
 /usr/include/x86_64-linux-gnu/c++/12
 /usr/include/c++/12/backward
 /usr/lib/gcc/x86_64-linux-gnu/12/include
 /usr/local/include
 /usr/include/x86_64-linux-gnu
 /usr/include
End of search list.
GNU C++17 (Debian 12.2.0-14+deb12u1) version 12.2.0 (x86_64-linux-gnu)
	compiled by GNU C version 12.2.0, GMP version 6.2.1, MPFR version 4.2.0, MPC version 1.3.1, isl version isl-0.25-GMP

GGC heuristics: --param ggc-min-expand=100 --param ggc-min-heapsize=131072
Compiler executable checksum: 18a4c0b3348b838f5ec9d956298050ac
COLLECT_GCC_OPTIONS='-v' '-o' 'CMakeFiles/cmTC_581e5.dir/CMakeCXXCompilerABI.cpp.o' '-c' '-shared-libgcc' '-mtune=generic' '-march=x86-64' '-dumpdir' 'CMakeFiles/cmTC_581e5.dir/'
 as -v --64 -o CMakeFiles/cmTC_581e5.dir/CMakeCXXCompilerABI.cpp.o /tmp/ccMbnEmE.s
GNU assembler version 2.40 (x86_64-linux-gnu) using BFD version (GNU Binutils for Debian) 2.40
COMPILER_PATH=/usr/lib/gcc/x86_64-linux-gnu/12/:/usr/lib/gcc/x86_64-linux-gnu/12/:/usr/lib/gcc/x86_64-linux-gnu/:/usr/lib/gcc/x86_64-linux-gnu/12/:/usr/lib/gcc/x86_64-linux-gnu/
LIBRARY_PATH=/usr/lib/gcc/x86_64-linux-gnu/12/:/usr/lib/gcc/x86_64-linux-gnu/12/../../../x86_64-linux-gnu/:/usr/lib/gcc/x86_64-linux-gnu/12/../../../../lib/:/lib/x86_64-linux-gnu/:/lib/../lib/:/usr/lib/x86_64-linux-gnu/:/usr/lib/../lib/:/usr/lib/gcc/x86_64-linux-gnu/12/../../../:/lib/:/usr/lib/
COLLECT_GCC_OPTIONS='-v' '-o' 'CMakeFiles/cmTC_581e5.dir/CMakeCXXCompilerABI.cpp.o' '-c' '-shared-libgcc' '-mtune=generic' '-march=x86-64' '-dumpdir' 'CMakeFiles/cmTC_581e5.dir/CMakeCXXCompilerABI.cpp.'
Linking CXX executable cmTC_581e5
/usr/bin/cmake -E cmake_link_script CMakeFiles/cmTC_581e5.dir/link.txt --verbose=1
/usr/bin/g++  -v CMakeFiles/cmTC_581e5.dir/CMakeCXXCompilerABI.cpp.o -o cmTC_581e5 
Using built-in specs.
COLLECT_GCC=/usr/bin/g++
COLLECT_LTO_WRAPPER=/usr/lib/gcc/x86_64-linux-gnu/12/lto-wrapper
OFFLOAD_TARGET_NAMES=nvptx-none:amdgcn-amdhsa
OFFLOAD_TARGET_DEFAULT=1
Target: x86_64-linux-gnu
Configured with: ../src/configure -v --with-pkgversion='Debian 12.2.0-14+deb12u1' --with-bugurl=file:///usr/share/doc/gcc-12/README.Bugs --enable-languages=c,ada,c++,go,d,fortran,objc,obj-c++,m2 --prefix=/usr --with-gcc-major-version-only --program-suffix=-12 --program-prefix=x86_64-linux-gnu- --enable-shared --enable-linker-build-id --libexecdir=/usr/lib --without-included-gettext --enable-threads=posix --libdir=/usr/lib --enable-nls --enable-clocale=gnu --enable-libstdcxx-debug --enable-libstdcxx-time=yes --with-default-libstdcxx-abi=new --enable-gnu-unique-object --disable-vtable-verify --enable-plugin --enable-default-pie --with-system-zlib --enable-libphobos-checking=release --with-target-system-zlib=auto --enable-objc-gc=auto --enable-multiarch --disable-werror --enable-cet --with-arch-32=i686 --with-abi=m64 --with-multilib-list=m32,m64,mx32 --enable-multilib --with-tune=generic --enable-offload-targets=nvptx-none=/build/reproducible-path/gcc-12-12.2.0/debian/tmp-nvptx/usr,amdgcn-amdhsa=/build/reproducible-path/gcc-12-12.2.0/debian/tmp-gcn/usr --enable-offload-defaulted --without-cuda-driver --enable-checking=release --build=x86_64-linux-gnu --host=x86_64-linux-gnu --target=x86_64-linux-gnu
Thread model: posix
Supported LTO compression algorithms: zlib zstd
gcc version 12.2.0 (Debian 12.2.0-14+deb12u1) 
COMPILER_PATH=/usr/lib/gcc/x86_64-linux-gnu/12/:/usr/lib/gcc/x86_64-linux-gnu/12/:/usr/lib/gcc/x86_64-linux-gnu/:/usr/lib/gcc/x86_64-linux-gnu/12/:/usr/lib/gcc/x86_64-linux-gnu/
LIBRARY_PATH=/usr/lib/gcc/x86_64-linux-gnu/12/:/usr/lib/gcc/x86_64-linux-gnu/12/../../../x86_64-linux-gnu/:/usr/lib/gcc/x86_64-linux-gnu/12/../../../../lib/:/lib/x86_64-linux-gnu/:/lib/../lib/:/usr/lib/x86_64-linux-gnu/:/usr/lib/../lib/:/usr/lib/gcc/x86_64-linux-gnu/12/../../../:/lib/:/usr/lib/
COLLECT_GCC_OPTIONS='-v' '-o' 'cmTC_581e5' '-shared-libgcc' '-mtune=generic' '-march=x86-64' '-dumpdir' 'cmTC_581e5.'
 /usr/lib/gcc/x86_64-linux-gnu/12/collect2 -plugin /usr/lib/gcc/x86_64-linux-gnu/12/liblto_plugin.so -plugin-opt=/usr/lib/gcc/x86_64-linux-gnu/12/lto-wrapper -plugin-opt=-fresolution=/tmp/cc21NbdT.res -plugin-opt=-pass-through=-lgcc_s -plugin-opt=-pass-through=-lgcc -plugin-opt=-pass-through=-lc -plugin-opt=-pass-through=-lgcc_s -plugin-opt=-pass-through=-lgcc --build-id --eh-frame-hdr -m elf_x86_64 --hash-style=gnu --as-needed -dynamic-linker /lib64/ld-linux-x86-64.so.2 -pie -o cmTC_581e5 /usr/lib/gcc/x86_64-linux-gnu/12/../../../x86_64-linux-gnu/Scrt1.o /usr/lib/gcc/x86_64-linux-gnu/12/../../../x86_64-linux-gnu/crti.o /usr/lib/gcc/x86_64-linux-gnu/12/crtbeginS.o -L/usr/lib/gcc/x86_64-linux-gnu/12 -L/usr/lib/gcc/x86_64-linux-gnu/12/../../../x86_64-linux-gnu -L/usr/lib/gcc/x86_64-linux-gnu/12/../../../../lib -L/lib/x86_64-linux-gnu -L/lib/../lib -L/usr/lib/x86_64-linux-gnu -L/usr/lib/../lib -L/usr/lib/gcc/x86_64-linux-gnu/12/../../.. CMakeFiles/cmTC_581e5.dir/CMakeCXXCompilerABI.cpp.o -lstdc++ -lm -lgcc_s -lgcc -lc -lgcc_s -lgcc /usr/lib/gcc/x86_64-linux-gnu/12/crtendS.o /usr/lib/gcc/x86_64-linux-gnu/12/../../../x86_64-linux-gnu/crtn.o
COLLECT_GCC_OPTIONS='-v' '-o' 'cmTC_581e5' '-shared-libgcc' '-mtune=generic' '-march=x86-64' '-dumpdir' 'cmTC_581e5.'
gmake[1]: Leaving directory '/home/uhuj/skillbox_cpp/learn_cpp_tasks/out/build/GCC 12.2.0 x86_64-linux-gnu/CMakeFiles/CMakeScratch/TryCompile-bRHRei'



Parsed CXX implicit include dir info from above output: rv=done
  found start of include info
  found start of implicit include info
    add: [/usr/include/c++/12]
    add: [/usr/include/x86_64-linux-gnu/c++/12]
    add: [/usr/include/c++/12/backward]
    add: [/usr/lib/gcc/x86_64-linux-gnu/12/include]
    add: [/usr/local/include]
    add: [/usr/include/x86_64-linux-gnu]
    add: [/usr/include]
  end of search list found
  collapse include dir [/usr/include/c++/12] ==> [/usr/include/c++/12]
  collapse include dir [/usr/include/x86_64-linux-gnu/c++/12] ==> [/usr/include/x86_64-linux-gnu/c++/12]
  collapse include dir [/usr/include/c++/12/backward] ==> [/usr/include/c++/12/backward]
  collapse include dir [/usr/lib/gcc/x86_64-linux-gnu/12/include] ==> [/usr/lib/gcc/x86_64-linux-gnu/12/include]
  collapse include dir [/usr/local/include] ==> [/usr/local/include]
  collapse include dir [/usr/include/x86_64-linux-gnu] ==> [/usr/include/x86_64-linux-gnu]
  collapse include dir [/usr/include] ==> [/usr/include]
  implicit include dirs: [/usr/include/c++/12;/usr/include/x86_64-linux-gnu/c++/12;/usr/include/c++/12/backward;/usr/lib/gcc/x86_64-linux-gnu/12/include;/usr/local/include;/usr/include/x86_64-linux-gnu;/usr/include]


Parsed CXX implicit link information from above output:
  link line regex: [^( *|.*[/\])(ld|CMAKE_LINK_STARTFILE-NOTFOUND|([^/\]+-)?ld|collect2)[^/\]*( |$)]
  ignore line: [Change Dir: /home/uhuj/skillbox_cpp/learn_cpp_tasks/out/build/GCC 12.2.0 x86_64-linux-gnu/CMakeFiles/CMakeScratch/TryCompile-bRHRei]
  ignore line: []
  ignore line: [Run Build Command(s):/usr/bin/gmake -f Makefile cmTC_581e5/fast && /usr/bin/gmake  -f CMakeFiles/cmTC_581e5.dir/build.make CMakeFiles/cmTC_581e5.dir/build]
  ignore line: [gmake[1]: Entering directory '/home/uhuj/skillbox_cpp/learn_cpp_tasks/out/build/GCC 12.2.0 x86_64-linux-gnu/CMakeFiles/CMakeScratch/TryCompile-bRHRei']
  ignore line: [Building CXX object CMakeFiles/cmTC_581e5.dir/CMakeCXXCompilerABI.cpp.o]
  ignore line: [/usr/bin/g++   -v -o CMakeFiles/cmTC_581e5.dir/CMakeCXXCompilerABI.cpp.o -c /usr/share/cmake-3.25/Modules/CMakeCXXCompilerABI.cpp]
  ignore line: [Using built-in specs.]
  ignore line: [COLLECT_GCC=/usr/bin/g++]
  ignore line: [OFFLOAD_TARGET_NAMES=nvptx-none:amdgcn-amdhsa]
  ignore line: [OFFLOAD_TARGET_DEFAULT=1]
  ignore line: [Target: x86_64-linux-gnu]
  ignore line: [Configured with: ../src/configure -v --with-pkgversion='Debian 12.2.0-14+deb12u1' --with-bugurl=file:///usr/share/doc/gcc-12/README.Bugs --enable-languages=c ada c++ go d fortran objc obj-c++ m2 --prefix=/usr --with-gcc-major-version-only --program-suffix=-12 --program-prefix=x86_64-linux-gnu- --enable-shared --enable-linker-build-id --libexecdir=/usr/lib --without-included-gettext --enable-threads=posix --libdir=/usr/lib --enable-nls --enable-clocale=gnu --enable-libstdcxx-debug --enable-libstdcxx-time=yes --with-default-libstdcxx-abi=new --enable-gnu-unique-object --disable-vtable-verify --enable-plugin --enable-default-pie --with-system-zlib --enable-libphobos-checking=release --with-target-system-zlib=auto --enable-objc-gc=auto --enable-multiarch --disable-werror --enable-cet --with-arch-32=i686 --with-abi=m64 --with-multilib-list=m32 m64 mx32 --enable-multilib --with-tune=generic --enable-offload-targets=nvptx-none=/build/reproducible-path/gcc-12-12.2.0/debian/tmp-nvptx/usr amdgcn-amdhsa=/build/reproducible-path/gcc-12-12.2.0/debian/tmp-gcn/usr --enable-offload-defaulted --without-cuda-driver --enable-checking=release --build=x86_64-linux-gnu --host=x86_64-linux-gnu --target=x86_64-linux-gnu]
  ignore line: [Thread model: posix]
  ignore line: [Supported LTO compression algorithms: zlib zstd]
  ignore line: [gcc version 12.2.0 (Debian 12.2.0-14+deb12u1) ]
  ignore line: [COLLECT_GCC_OPTIONS='-v' '-o' 'CMakeFiles/cmTC_581e5.dir/CMakeCXXCompilerABI.cpp.o' '-c' '-shared-libgcc' '-mtune=generic' '-march=x86-64' '-dumpdir' 'CMakeFiles/cmTC_581e5.dir/']
  ignore line: [ /usr/lib/gcc/x86_64-linux-gnu/12/cc1plus -quiet -v -imultiarch x86_64-linux-gnu -D_GNU_SOURCE /usr/share/cmake-3.25/Modules/CMakeCXXCompilerABI.cpp -quiet -dumpdir CMakeFiles/cmTC_581e5.dir/ -dumpbase CMakeCXXCompilerABI.cpp.cpp -dumpbase-ext .cpp -mtune=generic -march=x86-64 -version -fasynchronous-unwind-tables -o /tmp/ccMbnEmE.s]
  ignore line: [GNU C++17 (Debian 12.2.0-14+deb12u1) version 12.2.0 (x86_64-linux-gnu)]
  ignore line: [	compiled by GNU C version 12.2.0  GMP version 6.2.1  MPFR version 4.2.0  MPC version 1.3.1  isl version isl-0.25-GMP]
  ignore line: []
  ignore line: [GGC heuristics: --param ggc-min-expand=100 --param ggc-min-heapsize=131072]
  ignore line: [ignoring duplicate directory "/usr/include/x86_64-linux-gnu/c++/12"]
  ignore line: [ignoring nonexistent directory "/usr/local/include/x86_64-linux-gnu"]
  ignore line: [ignoring nonexistent directory "/usr/lib/gcc/x86_64-linux-gnu/12/include-fixed"]
  ignore line: [ignoring nonexistent directory "/usr/lib/gcc/x86_64-linux-gnu/12/../../../../x86_64-linux-gnu/include"]
  ignore line: [#include "..." search starts here:]
  ignore line: [#include <...> search starts here:]
  ignore line: [ /usr/include/c++/12]
  ignore line: [ /usr/include/x86_64-linux-gnu/c++/12]
  ignore line: [ /usr/include/c++/12/backward]
  ignore line: [ /usr/lib/gcc/x86_64-linux-gnu/12/include]
  ignore line: [ /usr/local/include]
  ignore line: [ /usr/include/x86_64-linux-gnu]
  ignore line: [ /usr/include]
  ignore line: [End of search list.]
  ignore line: [GNU C++17 (Debian 12.2.0-14+deb12u1) version 12.2.0 (x86_64-linux-gnu)]
  ignore line: [	compiled by GNU C version 12.2.0  GMP version 6.2.1  MPFR version 4.2.0  MPC version 1.3.1  isl version isl-0.25-GMP]
  ignore line: []
  ignore line: [GGC heuristics: --param ggc-min-expand=100 --param ggc-min-heapsize=131072]
  ignore line: [Compiler executable checksum: 18a4c0b3348b838f5ec9d956298050ac]
  ignore line: [COLLECT_GCC_OPTIONS='-v' '-o' 'CMakeFiles/cmTC_581e5.dir/CMakeCXXCompilerABI.cpp.o' '-c' '-shared-libgcc' '-mtune=generic' '-march=x86-64' '-dumpdir' 'CMakeFiles/cmTC_581e5.dir/']
  ignore line: [ as -v --64 -o CMakeFiles/cmTC_581e5.dir/CMakeCXXCompilerABI.cpp.o /tmp/ccMbnEmE.s]
  ignore line: [GNU assembler version 2.40 (x86_64-linux-gnu) using BFD version (GNU Binutils for Debian) 2.40]
  ignore line: [COMPILER_PATH=/usr/lib/gcc/x86_64-linux-gnu/12/:/usr/lib/gcc/x86_64-linux-gnu/12/:/usr/lib/gcc/x86_64-linux-gnu/:/usr/lib/gcc/x86_64-linux-gnu/12/:/usr/lib/gcc/x86_64-linux-gnu/]
  ignore line: [LIBRARY_PATH=/usr/lib/gcc/x86_64-linux-gnu/12/:/usr/lib/gcc/x86_64-linux-gnu/12/../../../x86_64-linux-gnu/:/usr/lib/gcc/x86_64-linux-gnu/12/../../../../lib/:/lib/x86_64-linux-gnu/:/lib/../lib/:/usr/lib/x86_64-linux-gnu/:/usr/lib/../lib/:/usr/lib/gcc/x86_64-linux-gnu/12/../../../:/lib/:/usr/lib/]
  ignore line: [COLLECT_GCC_OPTIONS='-v' '-o' 'CMakeFiles/cmTC_581e5.dir/CMakeCXXCompilerABI.cpp.o' '-c' '-shared-libgcc' '-mtune=generic' '-march=x86-64' '-dumpdir' 'CMakeFiles/cmTC_581e5.dir/CMakeCXXCompilerABI.cpp.']
  ignore line: [Linking CXX executable cmTC_581e5]
  ignore line: [/usr/bin/cmake -E cmake_link_script CMakeFiles/cmTC_581e5.dir/link.txt --verbose=1]
  ignore line: [/usr/bin/g++  -v CMakeFiles/cmTC_581e5.dir/CMakeCXXCompilerABI.cpp.o -o cmTC_581e5 ]
  ignore line: [Using built-in specs.]
  ignore line: [COLLECT_GCC=/usr/bin/g++]
  ignore line: [COLLECT_LTO_WRAPPER=/usr/lib/gcc/x86_64-linux-gnu/12/lto-wrapper]
  ignore line: [OFFLOAD_TARGET_NAMES=nvptx-none:amdgcn-amdhsa]
  ignore line: [OFFLOAD_TARGET_DEFAULT=1]
  ignore line: [Target: x86_64-linux-gnu]
  ignore line: [Configured with: ../src/configure -v --with-pkgversion='Debian 12.2.0-14+deb12u1' --with-bugurl=file:///usr/share/doc/gcc-12/README.Bugs --enable-languages=c ada c++ go d fortran objc obj-c++ m2 --prefix=/usr --with-gcc-major-version-only --program-suffix=-12 --program-prefix=x86_64-linux-gnu- --enable-shared --enable-linker-build-id --libexecdir=/usr/lib --without-included-gettext --enable-threads=posix --libdir=/usr/lib --enable-nls --enable-clocale=gnu --enable-libstdcxx-debug --enable-libstdcxx-time=yes --with-default-libstdcxx-abi=new --enable-gnu-unique-object --disable-vtable-verify --enable-plugin --enable-default-pie --with-system-zlib --enable-libphobos-checking=release --with-target-system-zlib=auto --enable-objc-gc=auto --enable-multiarch --disable-werror --enable-cet --with-arch-32=i686 --with-abi=m64 --with-multilib-list=m32 m64 mx32 --enable-multilib --with-tune=generic --enable-offload-targets=nvptx-none=/build/reproducible-path/gcc-12-12.2.0/debian/tmp-nvptx/usr amdgcn-amdhsa=/build/reproducible-path/gcc-12-12.2.0/debian/tmp-gcn/usr --enable-offload-defaulted --without-cuda-driver --enable-checking=release --build=x86_64-linux-gnu --host=x86_64-linux-gnu --target=x86_64-linux-gnu]
  ignore line: [Thread model: posix]
  ignore line: [Supported LTO compression algorithms: zlib zstd]
  ignore line: [gcc version 12.2.0 (Debian 12.2.0-14+deb12u1) ]
  ignore line: [COMPILER_PATH=/usr/lib/gcc/x86_64-linux-gnu/12/:/usr/lib/gcc/x86_64-linux-gnu/12/:/usr/lib/gcc/x86_64-linux-gnu/:/usr/lib/gcc/x86_64-linux-gnu/12/:/usr/lib/gcc/x86_64-linux-gnu/]
  ignore line: [LIBRARY_PATH=/usr/lib/gcc/x86_64-linux-gnu/12/:/usr/lib/gcc/x86_64-linux-gnu/12/../../../x86_64-linux-gnu/:/usr/lib/gcc/x86_64-linux-gnu/12/../../../../lib/:/lib/x86_64-linux-gnu/:/lib/../lib/:/usr/lib/x86_64-linux-gnu/:/usr/lib/../lib/:/usr/lib/gcc/x86_64-linux-gnu/12/../../../:/lib/:/usr/lib/]
  ignore line: [COLLECT_GCC_OPTIONS='-v' '-o' 'cmTC_581e5' '-shared-libgcc' '-mtune=generic' '-march=x86-64' '-dumpdir' 'cmTC_581e5.']
  link line: [ /usr/lib/gcc/x86_64-linux-gnu/12/collect2 -plugin /usr/lib/gcc/x86_64-linux-gnu/12/liblto_plugin.so -plugin-opt=/usr/lib/gcc/x86_64-linux-gnu/12/lto-wrapper -plugin-opt=-fresolution=/tmp/cc21NbdT.res -plugin-opt=-pass-through=-lgcc_s -plugin-opt=-pass-through=-lgcc -plugin-opt=-pass-through=-lc -plugin-opt=-pass-through=-lgcc_s -plugin-opt=-pass-through=-lgcc --build-id --eh-frame-hdr -m elf_x86_64 --hash-style=gnu --as-needed -dynamic-linker /lib64/ld-linux-x86-64.so.2 -pie -o cmTC_581e5 /usr/lib/gcc/x86_64-linux-gnu/12/../../../x86_64-linux-gnu/Scrt1.o /usr/lib/gcc/x86_64-linux-gnu/12/../../../x86_64-linux-gnu/crti.o /usr/lib/gcc/x86_64-linux-gnu/12/crtbeginS.o -L/usr/lib/gcc/x86_64-linux-gnu/12 -L/usr/lib/gcc/x86_64-linux-gnu/12/../../../x86_64-linux-gnu -L/usr/lib/gcc/x86_64-linux-gnu/12/../../../../lib -L/lib/x86_64-linux-gnu -L/lib/../lib -L/usr/lib/x86_64-linux-gnu -L/usr/lib/../lib -L/usr/lib/gcc/x86_64-linux-gnu/12/../../.. CMakeFiles/cmTC_581e5.dir/CMakeCXXCompilerABI.cpp.o -lstdc++ -lm -lgcc_s -lgcc -lc -lgcc_s -lgcc /usr/lib/gcc/x86_64-linux-gnu/12/crtendS.o /usr/lib/gcc/x86_64-linux-gnu/12/../../../x86_64-linux-gnu/crtn.o]
    arg [/usr/lib/gcc/x86_64-linux-gnu/12/collect2] ==> ignore
    arg [-plugin] ==> ignore
    arg [/usr/lib/gcc/x86_64-linux-gnu/12/liblto_plugin.so] ==> ignore
    arg [-plugin-opt=/usr/lib/gcc/x86_64-linux-gnu/12/lto-wrapper] ==> ignore
    arg [-plugin-opt=-fresolution=/tmp/cc21NbdT.res] ==> ignore
    arg [-plugin-opt=-pass-through=-lgcc_s] ==> ignore
    arg [-plugin-opt=-pass-through=-lgcc] ==> ignore
    arg [-plugin-opt=-pass-through=-lc] ==> ignore
    arg [-plugin-opt=-pass-through=-lgcc_s] ==> ignore
    arg [-plugin-opt=-pass-through=-lgcc] ==> ignore
    arg [--build-id] ==> ignore
    arg [--eh-frame-hdr] ==> ignore
    arg [-m] ==> ignore
    arg [elf_x86_64] ==> ignore
    arg [--hash-style=gnu] ==> ignore
    arg [--as-needed] ==> ignore
    arg [-dynamic-linker] ==> ignore
    arg [/lib64/ld-linux-x86-64.so.2] ==> ignore
    arg [-pie] ==> ignore
    arg [-o] ==> ignore
    arg [cmTC_581e5] ==> ignore
    arg [/usr/lib/gcc/x86_64-linux-gnu/12/../../../x86_64-linux-gnu/Scrt1.o] ==> obj [/usr/lib/gcc/x86_64-linux-gnu/12/../../../x86_64-linux-gnu/Scrt1.o]
    arg [/usr/lib/gcc/x86_64-linux-gnu/12/../../../x86_64-linux-gnu/crti.o] ==> obj [/usr/lib/gcc/x86_64-linux-gnu/12/../../../x86_64-linux-gnu/crti.o]
    arg [/usr/lib/gcc/x86_64-linux-gnu/12/crtbeginS.o] ==> obj [/usr/lib/gcc/x86_64-linux-gnu/12/crtbeginS.o]
    arg [-L/usr/lib/gcc/x86_64-linux-gnu/12] ==> dir [/usr/lib/gcc/x86_64-linux-gnu/12]
    arg [-L/usr/lib/gcc/x86_64-linux-gnu/12/../../../x86_64-linux-gnu] ==> dir [/usr/lib/gcc/x86_64-linux-gnu/12/../../../x86_64-linux-gnu]
    arg [-L/usr/lib/gcc/x86_64-linux-gnu/12/../../../../lib] ==> dir [/usr/lib/gcc/x86_64-linux-gnu/12/../../../../lib]
    arg [-L/lib/x86_64-linux-gnu] ==> dir [/lib/x86_64-linux-gnu]
    arg [-L/lib/../lib] ==> dir [/lib/../lib]
    arg [-L/usr/lib/x86_64-linux-gnu] ==> dir [/usr/lib/x86_64-linux-gnu]
    arg [-L/usr/lib/../lib] ==> dir [/usr/lib/../lib]
    arg [-L/usr/lib/gcc/x86_64-linux-gnu/12/../../..] ==> dir [/usr/lib/gcc/x86_64-linux-gnu/12/../../..]
    arg [CMakeFiles/cmTC_581e5.dir/CMakeCXXCompilerABI.cpp.o] ==> ignore
    arg [-lstdc++] ==> lib [stdc++]
    arg [-lm] ==> lib [m]
    arg [-lgcc_s] ==> lib [gcc_s]
    arg [-lgcc] ==> lib [gcc]
    arg [-lc] ==> lib [c]
    arg [-lgcc_s] ==> lib [gcc_s]
    arg [-lgcc] ==> lib [gcc]
    arg [/usr/lib/gcc/x86_64-linux-gnu/12/crtendS.o] ==> obj [/usr/lib/gcc/x86_64-linux-gnu/12/crtendS.o]
    arg [/usr/lib/gcc/x86_64-linux-gnu/12/../../../x86_64-linux-gnu/crtn.o] ==> obj [/usr/lib/gcc/x86_64-linux-gnu/12/../../../x86_64-linux-gnu/crtn.o]
  collapse obj [/usr/lib/gcc/x86_64-linux-gnu/12/../../../x86_64-linux-gnu/Scrt1.o] ==> [/usr/lib/x86_64-linux-gnu/Scrt1.o]
  collapse obj [/usr/lib/gcc/x86_64-linux-gnu/12/../../../x86_64-linux-gnu/crti.o] ==> [/usr/lib/x86_64-linux-gnu/crti.o]
  collapse obj [/usr/lib/gcc/x86_64-linux-gnu/12/../../../x86_64-linux-gnu/crtn.o] ==> [/usr/lib/x86_64-linux-gnu/crtn.o]
  collapse library dir [/usr/lib/gcc/x86_64-linux-gnu/12] ==> [/usr/lib/gcc/x86_64-linux-gnu/12]
  collapse library dir [/usr/lib/gcc/x86_64-linux-gnu/12/../../../x86_64-linux-gnu] ==> [/usr/lib/x86_64-linux-gnu]
  collapse library dir [/usr/lib/gcc/x86_64-linux-gnu/12/../../../../lib] ==> [/usr/lib]
  collapse library dir [/lib/x86_64-linux-gnu] ==> [/lib/x86_64-linux-gnu]
  collapse library dir [/lib/../lib] ==> [/lib]
  collapse library dir [/usr/lib/x86_64-linux-gnu] ==> [/usr/lib/x86_64-linux-gnu]
  collapse library dir [/usr/lib/../lib] ==> [/usr/lib]
  collapse library dir [/usr/lib/gcc/x86_64-linux-gnu/12/../../..] ==> [/usr/lib]
  implicit libs: [stdc++;m;gcc_s;gcc;c;gcc_s;gcc]
  implicit objs: [/usr/lib/x86_64-linux-gnu/Scrt1.o;/usr/lib/x86_64-linux-gnu/crti.o;/usr/lib/gcc/x86_64-linux-gnu/12/crtbeginS.o;/usr/lib/gcc/x86_64-linux-gnu/12/crtendS.o;/usr/lib/x86_64-linux-gnu/crtn.o]
  implicit dirs: [/usr/lib/gcc/x86_64-linux-gnu/12;/usr/lib/x86_64-linux-gnu;/usr/lib;/lib/x86_64-linux-gnu;/lib]
  implicit fwks: []


Performing C++ SOURCE FILE Test THREAD_SANITIZER_AVAILABLE succeeded with the following compile output:
Change Dir: /home/uhuj/skillbox_cpp/learn_cpp_tasks/out/build/GCC 12.2.0 x86_64-linux-gnu/CMakeFiles/CMakeScratch/TryCompile-oLjI2m

Run Build Command(s):/usr/bin/gmake -f Makefile cmTC_60fcc/fast && /usr/bin/gmake  -f CMakeFiles/cmTC_60fcc.dir/build.make CMakeFiles/cmTC_60fcc.dir/build
gmake[1]: Entering directory '/home/uhuj/skillbox_cpp/learn_cpp_tasks/out/build/GCC 12.2.0 x86_64-linux-gnu/CMakeFiles/CMakeScratch/TryCompile-oLjI2m'
Building CXX object CMakeFiles/cmTC_60fcc.dir/src.cxx.o
/usr/bin/g++ -DTHREAD_SANITIZER_AVAILABLE  -fsanitize=thread -std=gnu++17 -o CMakeFiles/cmTC_60fcc.dir/src.cxx.o -c "/home/uhuj/skillbox_cpp/learn_cpp_tasks/out/build/GCC 12.2.0 x86_64-linux-gnu/CMakeFiles/CMakeScratch/TryCompile-oLjI2m/src.cxx"
Linking CXX executable cmTC_60fcc
/usr/bin/cmake -E cmake_link_script CMakeFiles/cmTC_60fcc.dir/link.txt --verbose=1
/usr/bin/g++  -fsanitize=thread CMakeFiles/cmTC_60fcc.dir/src.cxx.o -o cmTC_60fcc 
gmake[1]: Leaving directory '/home/uhuj/skillbox_cpp/learn_cpp_tasks/out/build/GCC 12.2.0 x86_64-linux-gnu/CMakeFiles/CMakeScratch/TryCompile-oLjI2m'


...and run output:

Return value: 1
Source file was:
int main() { return 0; }

Performing C++ SOURCE FILE Test ADDRESS_SANITIZER_AVAILABLE succeeded with the following compile output:
Change Dir: /home/uhuj/skillbox_cpp/learn_cpp_tasks/out/build/GCC 12.2.0 x86_64-linux-gnu/CMakeFiles/CMakeScratch/TryCompile-dmsH6u

Run Build Command(s):/usr/bin/gmake -f Makefile cmTC_6e47d/fast && /usr/bin/gmake  -f CMakeFiles/cmTC_6e47d.dir/build.make CMakeFiles/cmTC_6e47d.dir/build
gmake[1]: Entering directory '/home/uhuj/skillbox_cpp/learn_cpp_tasks/out/build/GCC 12.2.0 x86_64-linux-gnu/CMakeFiles/CMakeScratch/TryCompile-dmsH6u'
Building CXX object CMakeFiles/cmTC_6e47d.dir/src.cxx.o
/usr/bin/g++ -DADDRESS_SANITIZER_AVAILABLE  -fsanitize=address -std=gnu++17 -o CMakeFiles/cmTC_6e47d.dir/src.cxx.o -c "/home/uhuj/skillbox_cpp/learn_cpp_tasks/out/build/GCC 12.2.0 x86_64-linux-gnu/CMakeFiles/CMakeScratch/TryCompile-dmsH6u/src.cxx"
Linking CXX executable cmTC_6e47d
/usr/bin/cmake -E cmake_link_script CMakeFiles/cmTC_6e47d.dir/link.txt --verbose=1
/usr/bin/g++  -fsanitize=address CMakeFiles/cmTC_6e47d.dir/src.cxx.o -o cmTC_6e47d 
gmake[1]: Leaving directory '/home/uhuj/skillbox_cpp/learn_cpp_tasks/out/build/GCC 12.2.0 x86_64-linux-gnu/CMakeFiles/CMakeScratch/TryCompile-dmsH6u'


...and run output:

Return value: 1
Source file was:
int main() { return 0; }

Performing C++ SOURCE FILE Test LEAK_SANITIZER_AVAILABLE succeeded with the following output:
Change Dir: /home/uhuj/skillbox_cpp/learn_cpp_tasks/out/build/GCC 12.2.0 x86_64-linux-gnu/CMakeFiles/CMakeScratch/TryCompile-BBFuqY

Run Build Command(s):/usr/bin/gmake -f Makefile cmTC_408dd/fast && /usr/bin/gmake  -f CMakeFiles/cmTC_408dd.dir/build.make CMakeFiles/cmTC_408dd.dir/build
gmake[1]: Entering directory '/home/uhuj/skillbox_cpp/learn_cpp_tasks/out/build/GCC 12.2.0 x86_64-linux-gnu/CMakeFiles/CMakeScratch/TryCompile-BBFuqY'
Building CXX object CMakeFiles/cmTC_408dd.dir/src.cxx.o
/usr/bin/g++ -DLEAK_SANITIZER_AVAILABLE  -fsanitize=leak -std=gnu++17 -o CMakeFiles/cmTC_408dd.dir/src.cxx.o -c "/home/uhuj/skillbox_cpp/learn_cpp_tasks/out/build/GCC 12.2.0 x86_64-linux-gnu/CMakeFiles/CMakeScratch/TryCompile-BBFuqY/src.cxx"
Linking CXX executable cmTC_408dd
/usr/bin/cmake -E cmake_link_script CMakeFiles/cmTC_408dd.dir/link.txt --verbose=1
/usr/bin/g++ CMakeFiles/cmTC_408dd.dir/src.cxx.o -o cmTC_408dd 
gmake[1]: Leaving directory '/home/uhuj/skillbox_cpp/learn_cpp_tasks/out/build/GCC 12.2.0 x86_64-linux-gnu/CMakeFiles/CMakeScratch/TryCompile-BBFuqY'


Source file was:
int main() { return 0; }

Performing C++ SOURCE FILE Test UNDEFINED_BEHAVIOUR_SANITIZER_AVAILABLE succeeded with the following output:
Change Dir: /home/uhuj/skillbox_cpp/learn_cpp_tasks/out/build/GCC 12.2.0 x86_64-linux-gnu/CMakeFiles/CMakeScratch/TryCompile-JhQQOE

Run Build Command(s):/usr/bin/gmake -f Makefile cmTC_62e1a/fast && /usr/bin/gmake  -f CMakeFiles/cmTC_62e1a.dir/build.make CMakeFiles/cmTC_62e1a.dir/build
gmake[1]: Entering directory '/home/uhuj/skillbox_cpp/learn_cpp_tasks/out/build/GCC 12.2.0 x86_64-linux-gnu/CMakeFiles/CMakeScratch/TryCompile-JhQQOE'
Building CXX object CMakeFiles/cmTC_62e1a.dir/src.cxx.o
/usr/bin/g++ -DUNDEFINED_BEHAVIOUR_SANITIZER_AVAILABLE  -fsanitize=undefined -std=gnu++17 -o CMakeFiles/cmTC_62e1a.dir/src.cxx.o -c "/home/uhuj/skillbox_cpp/learn_cpp_tasks/out/build/GCC 12.2.0 x86_64-linux-gnu/CMakeFiles/CMakeScratch/TryCompile-JhQQOE/src.cxx"
Linking CXX executable cmTC_62e1a
/usr/bin/cmake -E cmake_link_script CMakeFiles/cmTC_62e1a.dir/link.txt --verbose=1
/usr/bin/g++ CMakeFiles/cmTC_62e1a.dir/src.cxx.o -o cmTC_62e1a 
gmake[1]: Leaving directory '/home/uhuj/skillbox_cpp/learn_cpp_tasks/out/build/GCC 12.2.0 x86_64-linux-gnu/CMakeFiles/CMakeScratch/TryCompile-JhQQOE'


Source file was:
int main() { return 0; }

Performing C++ SOURCE FILE Test ALL_SANITIZERS_AVAILABLE succeeded with the following compile output:
Change Dir: /home/uhuj/skillbox_cpp/learn_cpp_tasks/out/build/GCC 12.2.0 x86_64-linux-gnu/CMakeFiles/CMakeScratch/TryCompile-YpG66x

Run Build Command(s):/usr/bin/gmake -f Makefile cmTC_e1d6c/fast && /usr/bin/gmake  -f CMakeFiles/cmTC_e1d6c.dir/build.make CMakeFiles/cmTC_e1d6c.dir/build
gmake[1]: Entering directory '/home/uhuj/skillbox_cpp/learn_cpp_tasks/out/build/GCC 12.2.0 x86_64-linux-gnu/CMakeFiles/CMakeScratch/TryCompile-YpG66x'
Building CXX object CMakeFiles/cmTC_e1d6c.dir/src.cxx.o
/usr/bin/g++ -DALL_SANITIZERS_AVAILABLE  -fsanitize=address -fsanitize=leak -fsanitize=undefined -std=gnu++17 -o CMakeFiles/cmTC_e1d6c.dir/src.cxx.o -c "/home/uhuj/skillbox_cpp/learn_cpp_tasks/out/build/GCC 12.2.0 x86_64-linux-gnu/CMakeFiles/CMakeScratch/TryCompile-YpG66x/src.cxx"
Linking CXX executable cmTC_e1d6c
/usr/bin/cmake -E cmake_link_script CMakeFiles/cmTC_e1d6c.dir/link.txt --verbose=1
/usr/bin/g++   -fsanitize=address -fsanitize=leak -fsanitize=undefined CMakeFiles/cmTC_e1d6c.dir/src.cxx.o -o cmTC_e1d6c 
gmake[1]: Leaving directory '/home/uhuj/skillbox_cpp/learn_cpp_tasks/out/build/GCC 12.2.0 x86_64-linux-gnu/CMakeFiles/CMakeScratch/TryCompile-YpG66x'


...and run output:

Return value: 1
Source file was:
int main() { return 0; }

Performing C SOURCE FILE Test FNO_LTO_AVAILABLE succeeded with the following output:
Change Dir: /home/uhuj/skillbox_cpp/learn_cpp_tasks/out/build/GCC 12.2.0 x86_64-linux-gnu/CMakeFiles/CMakeScratch/TryCompile-TlrR7S

Run Build Command(s):/usr/bin/gmake -f Makefile cmTC_a554b/fast && /usr/bin/gmake  -f CMakeFiles/cmTC_a554b.dir/build.make CMakeFiles/cmTC_a554b.dir/build
gmake[1]: Entering directory '/home/uhuj/skillbox_cpp/learn_cpp_tasks/out/build/GCC 12.2.0 x86_64-linux-gnu/CMakeFiles/CMakeScratch/TryCompile-TlrR7S'
Building C object CMakeFiles/cmTC_a554b.dir/src.c.o
/usr/bin/gcc -DFNO_LTO_AVAILABLE  -fno-lto -std=c99 -o CMakeFiles/cmTC_a554b.dir/src.c.o -c "/home/uhuj/skillbox_cpp/learn_cpp_tasks/out/build/GCC 12.2.0 x86_64-linux-gnu/CMakeFiles/CMakeScratch/TryCompile-TlrR7S/src.c"
Linking C executable cmTC_a554b
/usr/bin/cmake -E cmake_link_script CMakeFiles/cmTC_a554b.dir/link.txt --verbose=1
/usr/bin/gcc  -fno-lto CMakeFiles/cmTC_a554b.dir/src.c.o -o cmTC_a554b 
gmake[1]: Leaving directory '/home/uhuj/skillbox_cpp/learn_cpp_tasks/out/build/GCC 12.2.0 x86_64-linux-gnu/CMakeFiles/CMakeScratch/TryCompile-TlrR7S'


Source file was:
int main() { return 0; }

Determining if the include file unistd.h exists passed with the following output:
Change Dir: /home/uhuj/skillbox_cpp/learn_cpp_tasks/out/build/GCC 12.2.0 x86_64-linux-gnu/CMakeFiles/CMakeScratch/TryCompile-ah8aJU

Run Build Command(s):/usr/bin/gmake -f Makefile cmTC_d4446/fast && /usr/bin/gmake  -f CMakeFiles/cmTC_d4446.dir/build.make CMakeFiles/cmTC_d4446.dir/build
gmake[1]: Entering directory '/home/uhuj/skillbox_cpp/learn_cpp_tasks/out/build/GCC 12.2.0 x86_64-linux-gnu/CMakeFiles/CMakeScratch/TryCompile-ah8aJU'
Building C object CMakeFiles/cmTC_d4446.dir/CheckIncludeFile.c.o
/usr/bin/gcc   -Wall -Wno-implicit-fallthrough  -std=c99 -o CMakeFiles/cmTC_d4446.dir/CheckIncludeFile.c.o -c "/home/uhuj/skillbox_cpp/learn_cpp_tasks/out/build/GCC 12.2.0 x86_64-linux-gnu/CMakeFiles/CMakeScratch/TryCompile-ah8aJU/CheckIncludeFile.c"
Linking C executable cmTC_d4446
/usr/bin/cmake -E cmake_link_script CMakeFiles/cmTC_d4446.dir/link.txt --verbose=1
/usr/bin/gcc  -Wall -Wno-implicit-fallthrough  CMakeFiles/cmTC_d4446.dir/CheckIncludeFile.c.o -o cmTC_d4446 
gmake[1]: Leaving directory '/home/uhuj/skillbox_cpp/learn_cpp_tasks/out/build/GCC 12.2.0 x86_64-linux-gnu/CMakeFiles/CMakeScratch/TryCompile-ah8aJU'



Determining if the include file sys/types.h exists passed with the following output:
Change Dir: /home/uhuj/skillbox_cpp/learn_cpp_tasks/out/build/GCC 12.2.0 x86_64-linux-gnu/CMakeFiles/CMakeScratch/TryCompile-oPUA2B

Run Build Command(s):/usr/bin/gmake -f Makefile cmTC_c2953/fast && /usr/bin/gmake  -f CMakeFiles/cmTC_c2953.dir/build.make CMakeFiles/cmTC_c2953.dir/build
gmake[1]: Entering directory '/home/uhuj/skillbox_cpp/learn_cpp_tasks/out/build/GCC 12.2.0 x86_64-linux-gnu/CMakeFiles/CMakeScratch/TryCompile-oPUA2B'
Building C object CMakeFiles/cmTC_c2953.dir/CheckIncludeFile.c.o
/usr/bin/gcc -D_LARGEFILE64_SOURCE=1 -D__USE_LARGEFILE64  -Wall -Wno-implicit-fallthrough  -std=c99 -o CMakeFiles/cmTC_c2953.dir/CheckIncludeFile.c.o -c "/home/uhuj/skillbox_cpp/learn_cpp_tasks/out/build/GCC 12.2.0 x86_64-linux-gnu/CMakeFiles/CMakeScratch/TryCompile-oPUA2B/CheckIncludeFile.c"
Linking C executable cmTC_c2953
/usr/bin/cmake -E cmake_link_script CMakeFiles/cmTC_c2953.dir/link.txt --verbose=1
/usr/bin/gcc  -Wall -Wno-implicit-fallthrough  CMakeFiles/cmTC_c2953.dir/CheckIncludeFile.c.o -o cmTC_c2953 
gmake[1]: Leaving directory '/home/uhuj/skillbox_cpp/learn_cpp_tasks/out/build/GCC 12.2.0 x86_64-linux-gnu/CMakeFiles/CMakeScratch/TryCompile-oPUA2B'



Determining if the include file stdint.h exists passed with the following output:
Change Dir: /home/uhuj/skillbox_cpp/learn_cpp_tasks/out/build/GCC 12.2.0 x86_64-linux-gnu/CMakeFiles/CMakeScratch/TryCompile-Kt8CSX

Run Build Command(s):/usr/bin/gmake -f Makefile cmTC_6e8d8/fast && /usr/bin/gmake  -f CMakeFiles/cmTC_6e8d8.dir/build.make CMakeFiles/cmTC_6e8d8.dir/build
gmake[1]: Entering directory '/home/uhuj/skillbox_cpp/learn_cpp_tasks/out/build/GCC 12.2.0 x86_64-linux-gnu/CMakeFiles/CMakeScratch/TryCompile-Kt8CSX'
Building C object CMakeFiles/cmTC_6e8d8.dir/CheckIncludeFile.c.o
/usr/bin/gcc -D_LARGEFILE64_SOURCE=1 -D__USE_LARGEFILE64  -Wall -Wno-implicit-fallthrough  -std=c99 -o CMakeFiles/cmTC_6e8d8.dir/CheckIncludeFile.c.o -c "/home/uhuj/skillbox_cpp/learn_cpp_tasks/out/build/GCC 12.2.0 x86_64-linux-gnu/CMakeFiles/CMakeScratch/TryCompile-Kt8CSX/CheckIncludeFile.c"
Linking C executable cmTC_6e8d8
/usr/bin/cmake -E cmake_link_script CMakeFiles/cmTC_6e8d8.dir/link.txt --verbose=1
/usr/bin/gcc  -Wall -Wno-implicit-fallthrough  CMakeFiles/cmTC_6e8d8.dir/CheckIncludeFile.c.o -o cmTC_6e8d8 
gmake[1]: Leaving directory '/home/uhuj/skillbox_cpp/learn_cpp_tasks/out/build/GCC 12.2.0 x86_64-linux-gnu/CMakeFiles/CMakeScratch/TryCompile-Kt8CSX'



Determining if the include file stddef.h exists passed with the following output:
Change Dir: /home/uhuj/skillbox_cpp/learn_cpp_tasks/out/build/GCC 12.2.0 x86_64-linux-gnu/CMakeFiles/CMakeScratch/TryCompile-4GAzVM

Run Build Command(s):/usr/bin/gmake -f Makefile cmTC_6d266/fast && /usr/bin/gmake  -f CMakeFiles/cmTC_6d266.dir/build.make CMakeFiles/cmTC_6d266.dir/build
gmake[1]: Entering directory '/home/uhuj/skillbox_cpp/learn_cpp_tasks/out/build/GCC 12.2.0 x86_64-linux-gnu/CMakeFiles/CMakeScratch/TryCompile-4GAzVM'
Building C object CMakeFiles/cmTC_6d266.dir/CheckIncludeFile.c.o
/usr/bin/gcc -D_LARGEFILE64_SOURCE=1 -D__USE_LARGEFILE64  -Wall -Wno-implicit-fallthrough  -std=c99 -o CMakeFiles/cmTC_6d266.dir/CheckIncludeFile.c.o -c "/home/uhuj/skillbox_cpp/learn_cpp_tasks/out/build/GCC 12.2.0 x86_64-linux-gnu/CMakeFiles/CMakeScratch/TryCompile-4GAzVM/CheckIncludeFile.c"
Linking C executable cmTC_6d266
/usr/bin/cmake -E cmake_link_script CMakeFiles/cmTC_6d266.dir/link.txt --verbose=1
/usr/bin/gcc  -Wall -Wno-implicit-fallthrough  CMakeFiles/cmTC_6d266.dir/CheckIncludeFile.c.o -o cmTC_6d266 
gmake[1]: Leaving directory '/home/uhuj/skillbox_cpp/learn_cpp_tasks/out/build/GCC 12.2.0 x86_64-linux-gnu/CMakeFiles/CMakeScratch/TryCompile-4GAzVM'



Determining size of off64_t passed with the following output:
Change Dir: /home/uhuj/skillbox_cpp/learn_cpp_tasks/out/build/GCC 12.2.0 x86_64-linux-gnu/CMakeFiles/CMakeScratch/TryCompile-yoBoBn

Run Build Command(s):/usr/bin/gmake -f Makefile cmTC_6d3d9/fast && /usr/bin/gmake  -f CMakeFiles/cmTC_6d3d9.dir/build.make CMakeFiles/cmTC_6d3d9.dir/build
gmake[1]: Entering directory '/home/uhuj/skillbox_cpp/learn_cpp_tasks/out/build/GCC 12.2.0 x86_64-linux-gnu/CMakeFiles/CMakeScratch/TryCompile-yoBoBn'
Building C object CMakeFiles/cmTC_6d3d9.dir/OFF64_T.c.o
/usr/bin/gcc -D_LARGEFILE64_SOURCE=1 -D__USE_LARGEFILE64  -Wall -Wno-implicit-fallthrough  -std=c99 -o CMakeFiles/cmTC_6d3d9.dir/OFF64_T.c.o -c "/home/uhuj/skillbox_cpp/learn_cpp_tasks/out/build/GCC 12.2.0 x86_64-linux-gnu/CMakeFiles/CMakeScratch/TryCompile-yoBoBn/OFF64_T.c"
Linking C executable cmTC_6d3d9
/usr/bin/cmake -E cmake_link_script CMakeFiles/cmTC_6d3d9.dir/link.txt --verbose=1
/usr/bin/gcc  -Wall -Wno-implicit-fallthrough  CMakeFiles/cmTC_6d3d9.dir/OFF64_T.c.o -o cmTC_6d3d9 
gmake[1]: Leaving directory '/home/uhuj/skillbox_cpp/learn_cpp_tasks/out/build/GCC 12.2.0 x86_64-linux-gnu/CMakeFiles/CMakeScratch/TryCompile-yoBoBn'



Determining if the function fseeko exists passed with the following output:
Change Dir: /home/uhuj/skillbox_cpp/learn_cpp_tasks/out/build/GCC 12.2.0 x86_64-linux-gnu/CMakeFiles/CMakeScratch/TryCompile-8e8Kea

Run Build Command(s):/usr/bin/gmake -f Makefile cmTC_a12cf/fast && /usr/bin/gmake  -f CMakeFiles/cmTC_a12cf.dir/build.make CMakeFiles/cmTC_a12cf.dir/build
gmake[1]: Entering directory '/home/uhuj/skillbox_cpp/learn_cpp_tasks/out/build/GCC 12.2.0 x86_64-linux-gnu/CMakeFiles/CMakeScratch/TryCompile-8e8Kea'
Building C object CMakeFiles/cmTC_a12cf.dir/CheckFunctionExists.c.o
/usr/bin/gcc   -Wall -Wno-implicit-fallthrough -DCHECK_FUNCTION_EXISTS=fseeko -std=c99 -o CMakeFiles/cmTC_a12cf.dir/CheckFunctionExists.c.o -c "/home/uhuj/skillbox_cpp/learn_cpp_tasks/out/build/GCC 12.2.0 x86_64-linux-gnu/CMakeFiles/CMakeScratch/TryCompile-8e8Kea/CheckFunctionExists.c"
Linking C executable cmTC_a12cf
/usr/bin/cmake -E cmake_link_script CMakeFiles/cmTC_a12cf.dir/link.txt --verbose=1
/usr/bin/gcc  -Wall -Wno-implicit-fallthrough -DCHECK_FUNCTION_EXISTS=fseeko CMakeFiles/cmTC_a12cf.dir/CheckFunctionExists.c.o -o cmTC_a12cf 
gmake[1]: Leaving directory '/home/uhuj/skillbox_cpp/learn_cpp_tasks/out/build/GCC 12.2.0 x86_64-linux-gnu/CMakeFiles/CMakeScratch/TryCompile-8e8Kea'



Determining if the function strerror exists passed with the following output:
Change Dir: /home/uhuj/skillbox_cpp/learn_cpp_tasks/out/build/GCC 12.2.0 x86_64-linux-gnu/CMakeFiles/CMakeScratch/TryCompile-EUoZEQ

Run Build Command(s):/usr/bin/gmake -f Makefile cmTC_cb1f0/fast && /usr/bin/gmake  -f CMakeFiles/cmTC_cb1f0.dir/build.make CMakeFiles/cmTC_cb1f0.dir/build
gmake[1]: Entering directory '/home/uhuj/skillbox_cpp/learn_cpp_tasks/out/build/GCC 12.2.0 x86_64-linux-gnu/CMakeFiles/CMakeScratch/TryCompile-EUoZEQ'
Building C object CMakeFiles/cmTC_cb1f0.dir/CheckFunctionExists.c.o
/usr/bin/gcc   -Wall -Wno-implicit-fallthrough -DCHECK_FUNCTION_EXISTS=strerror -std=c99 -o CMakeFiles/cmTC_cb1f0.dir/CheckFunctionExists.c.o -c "/home/uhuj/skillbox_cpp/learn_cpp_tasks/out/build/GCC 12.2.0 x86_64-linux-gnu/CMakeFiles/CMakeScratch/TryCompile-EUoZEQ/CheckFunctionExists.c"
Linking C executable cmTC_cb1f0
/usr/bin/cmake -E cmake_link_script CMakeFiles/cmTC_cb1f0.dir/link.txt --verbose=1
/usr/bin/gcc  -Wall -Wno-implicit-fallthrough -DCHECK_FUNCTION_EXISTS=strerror CMakeFiles/cmTC_cb1f0.dir/CheckFunctionExists.c.o -o cmTC_cb1f0 
gmake[1]: Leaving directory '/home/uhuj/skillbox_cpp/learn_cpp_tasks/out/build/GCC 12.2.0 x86_64-linux-gnu/CMakeFiles/CMakeScratch/TryCompile-EUoZEQ'



Determining if the function posix_memalign exists passed with the following output:
Change Dir: /home/uhuj/skillbox_cpp/learn_cpp_tasks/out/build/GCC 12.2.0 x86_64-linux-gnu/CMakeFiles/CMakeScratch/TryCompile-OncSre

Run Build Command(s):/usr/bin/gmake -f Makefile cmTC_3c67f/fast && /usr/bin/gmake  -f CMakeFiles/cmTC_3c67f.dir/build.make CMakeFiles/cmTC_3c67f.dir/build
gmake[1]: Entering directory '/home/uhuj/skillbox_cpp/learn_cpp_tasks/out/build/GCC 12.2.0 x86_64-linux-gnu/CMakeFiles/CMakeScratch/TryCompile-OncSre'
Building C object CMakeFiles/cmTC_3c67f.dir/CheckFunctionExists.c.o
/usr/bin/gcc   -Wall -Wno-implicit-fallthrough -DCHECK_FUNCTION_EXISTS=posix_memalign   -D _POSIX_C_SOURCE=200112L -std=c99 -o CMakeFiles/cmTC_3c67f.dir/CheckFunctionExists.c.o -c "/home/uhuj/skillbox_cpp/learn_cpp_tasks/out/build/GCC 12.2.0 x86_64-linux-gnu/CMakeFiles/CMakeScratch/TryCompile-OncSre/CheckFunctionExists.c"
Linking C executable cmTC_3c67f
/usr/bin/cmake -E cmake_link_script CMakeFiles/cmTC_3c67f.dir/link.txt --verbose=1
/usr/bin/gcc  -Wall -Wno-implicit-fallthrough -DCHECK_FUNCTION_EXISTS=posix_memalign CMakeFiles/cmTC_3c67f.dir/CheckFunctionExists.c.o -o cmTC_3c67f 
gmake[1]: Leaving directory '/home/uhuj/skillbox_cpp/learn_cpp_tasks/out/build/GCC 12.2.0 x86_64-linux-gnu/CMakeFiles/CMakeScratch/TryCompile-OncSre'



Performing C SOURCE FILE Test HAVE_NO_INTERPOSITION succeeded with the following output:
Change Dir: /home/uhuj/skillbox_cpp/learn_cpp_tasks/out/build/GCC 12.2.0 x86_64-linux-gnu/CMakeFiles/CMakeScratch/TryCompile-wqtpjL

Run Build Command(s):/usr/bin/gmake -f Makefile cmTC_adf67/fast && /usr/bin/gmake  -f CMakeFiles/cmTC_adf67.dir/build.make CMakeFiles/cmTC_adf67.dir/build
gmake[1]: Entering directory '/home/uhuj/skillbox_cpp/learn_cpp_tasks/out/build/GCC 12.2.0 x86_64-linux-gnu/CMakeFiles/CMakeScratch/TryCompile-wqtpjL'
Building C object CMakeFiles/cmTC_adf67.dir/src.c.o
/usr/bin/gcc -DHAVE_NO_INTERPOSITION  -Wall -Wno-implicit-fallthrough    -fno-semantic-interposition -std=c99 -o CMakeFiles/cmTC_adf67.dir/src.c.o -c "/home/uhuj/skillbox_cpp/learn_cpp_tasks/out/build/GCC 12.2.0 x86_64-linux-gnu/CMakeFiles/CMakeScratch/TryCompile-wqtpjL/src.c"
Linking C executable cmTC_adf67
/usr/bin/cmake -E cmake_link_script CMakeFiles/cmTC_adf67.dir/link.txt --verbose=1
/usr/bin/gcc  -Wall -Wno-implicit-fallthrough  CMakeFiles/cmTC_adf67.dir/src.c.o -o cmTC_adf67 
gmake[1]: Leaving directory '/home/uhuj/skillbox_cpp/learn_cpp_tasks/out/build/GCC 12.2.0 x86_64-linux-gnu/CMakeFiles/CMakeScratch/TryCompile-wqtpjL'


Source file was:
int main(void) { return 0; }

Performing C SOURCE FILE Test HAVE_ATTRIBUTE_VISIBILITY_HIDDEN succeeded with the following output:
Change Dir: /home/uhuj/skillbox_cpp/learn_cpp_tasks/out/build/GCC 12.2.0 x86_64-linux-gnu/CMakeFiles/CMakeScratch/TryCompile-XRISNS

Run Build Command(s):/usr/bin/gmake -f Makefile cmTC_28f3c/fast && /usr/bin/gmake  -f CMakeFiles/cmTC_28f3c.dir/build.make CMakeFiles/cmTC_28f3c.dir/build
gmake[1]: Entering directory '/home/uhuj/skillbox_cpp/learn_cpp_tasks/out/build/GCC 12.2.0 x86_64-linux-gnu/CMakeFiles/CMakeScratch/TryCompile-XRISNS'
Building C object CMakeFiles/cmTC_28f3c.dir/src.c.o
/usr/bin/gcc -DHAVE_ATTRIBUTE_VISIBILITY_HIDDEN  -Wall -Wno-implicit-fallthrough  -std=c99 -o CMakeFiles/cmTC_28f3c.dir/src.c.o -c "/home/uhuj/skillbox_cpp/learn_cpp_tasks/out/build/GCC 12.2.0 x86_64-linux-gnu/CMakeFiles/CMakeScratch/TryCompile-XRISNS/src.c"
Linking C executable cmTC_28f3c
/usr/bin/cmake -E cmake_link_script CMakeFiles/cmTC_28f3c.dir/link.txt --verbose=1
/usr/bin/gcc  -Wall -Wno-implicit-fallthrough  CMakeFiles/cmTC_28f3c.dir/src.c.o -o cmTC_28f3c 
gmake[1]: Leaving directory '/home/uhuj/skillbox_cpp/learn_cpp_tasks/out/build/GCC 12.2.0 x86_64-linux-gnu/CMakeFiles/CMakeScratch/TryCompile-XRISNS'


Source file was:
#define Z_INTERNAL __attribute__((visibility ("hidden")))
    int Z_INTERNAL foo;
    int main() {
        return 0;
    }

Performing C SOURCE FILE Test HAVE_ATTRIBUTE_VISIBILITY_INTERNAL succeeded with the following output:
Change Dir: /home/uhuj/skillbox_cpp/learn_cpp_tasks/out/build/GCC 12.2.0 x86_64-linux-gnu/CMakeFiles/CMakeScratch/TryCompile-mvdZJv

Run Build Command(s):/usr/bin/gmake -f Makefile cmTC_55b52/fast && /usr/bin/gmake  -f CMakeFiles/cmTC_55b52.dir/build.make CMakeFiles/cmTC_55b52.dir/build
gmake[1]: Entering directory '/home/uhuj/skillbox_cpp/learn_cpp_tasks/out/build/GCC 12.2.0 x86_64-linux-gnu/CMakeFiles/CMakeScratch/TryCompile-mvdZJv'
Building C object CMakeFiles/cmTC_55b52.dir/src.c.o
/usr/bin/gcc -DHAVE_ATTRIBUTE_VISIBILITY_INTERNAL  -Wall -Wno-implicit-fallthrough  -std=c99 -o CMakeFiles/cmTC_55b52.dir/src.c.o -c "/home/uhuj/skillbox_cpp/learn_cpp_tasks/out/build/GCC 12.2.0 x86_64-linux-gnu/CMakeFiles/CMakeScratch/TryCompile-mvdZJv/src.c"
Linking C executable cmTC_55b52
/usr/bin/cmake -E cmake_link_script CMakeFiles/cmTC_55b52.dir/link.txt --verbose=1
/usr/bin/gcc  -Wall -Wno-implicit-fallthrough  CMakeFiles/cmTC_55b52.dir/src.c.o -o cmTC_55b52 
gmake[1]: Leaving directory '/home/uhuj/skillbox_cpp/learn_cpp_tasks/out/build/GCC 12.2.0 x86_64-linux-gnu/CMakeFiles/CMakeScratch/TryCompile-mvdZJv'


Source file was:
#define Z_INTERNAL __attribute__((visibility ("internal")))
    int Z_INTERNAL foo;
    int main() {
        return 0;
    }

Performing C SOURCE FILE Test HAVE_BUILTIN_CTZ succeeded with the following output:
Change Dir: /home/uhuj/skillbox_cpp/learn_cpp_tasks/out/build/GCC 12.2.0 x86_64-linux-gnu/CMakeFiles/CMakeScratch/TryCompile-PV6eLk

Run Build Command(s):/usr/bin/gmake -f Makefile cmTC_14591/fast && /usr/bin/gmake  -f CMakeFiles/cmTC_14591.dir/build.make CMakeFiles/cmTC_14591.dir/build
gmake[1]: Entering directory '/home/uhuj/skillbox_cpp/learn_cpp_tasks/out/build/GCC 12.2.0 x86_64-linux-gnu/CMakeFiles/CMakeScratch/TryCompile-PV6eLk'
Building C object CMakeFiles/cmTC_14591.dir/src.c.o
/usr/bin/gcc -DHAVE_BUILTIN_CTZ  -Wall -Wno-implicit-fallthrough  -std=c99 -o CMakeFiles/cmTC_14591.dir/src.c.o -c "/home/uhuj/skillbox_cpp/learn_cpp_tasks/out/build/GCC 12.2.0 x86_64-linux-gnu/CMakeFiles/CMakeScratch/TryCompile-PV6eLk/src.c"
Linking C executable cmTC_14591
/usr/bin/cmake -E cmake_link_script CMakeFiles/cmTC_14591.dir/link.txt --verbose=1
/usr/bin/gcc  -Wall -Wno-implicit-fallthrough  CMakeFiles/cmTC_14591.dir/src.c.o -o cmTC_14591 
gmake[1]: Leaving directory '/home/uhuj/skillbox_cpp/learn_cpp_tasks/out/build/GCC 12.2.0 x86_64-linux-gnu/CMakeFiles/CMakeScratch/TryCompile-PV6eLk'


Source file was:
int main(void) {
        unsigned int zero = 0;
        long test = __builtin_ctz(zero);
        (void)test;
        return 0;
    }

Performing C SOURCE FILE Test HAVE_BUILTIN_CTZLL succeeded with the following output:
Change Dir: /home/uhuj/skillbox_cpp/learn_cpp_tasks/out/build/GCC 12.2.0 x86_64-linux-gnu/CMakeFiles/CMakeScratch/TryCompile-tXBdyn

Run Build Command(s):/usr/bin/gmake -f Makefile cmTC_fff7b/fast && /usr/bin/gmake  -f CMakeFiles/cmTC_fff7b.dir/build.make CMakeFiles/cmTC_fff7b.dir/build
gmake[1]: Entering directory '/home/uhuj/skillbox_cpp/learn_cpp_tasks/out/build/GCC 12.2.0 x86_64-linux-gnu/CMakeFiles/CMakeScratch/TryCompile-tXBdyn'
Building C object CMakeFiles/cmTC_fff7b.dir/src.c.o
/usr/bin/gcc -DHAVE_BUILTIN_CTZLL  -Wall -Wno-implicit-fallthrough  -std=c99 -o CMakeFiles/cmTC_fff7b.dir/src.c.o -c "/home/uhuj/skillbox_cpp/learn_cpp_tasks/out/build/GCC 12.2.0 x86_64-linux-gnu/CMakeFiles/CMakeScratch/TryCompile-tXBdyn/src.c"
Linking C executable cmTC_fff7b
/usr/bin/cmake -E cmake_link_script CMakeFiles/cmTC_fff7b.dir/link.txt --verbose=1
/usr/bin/gcc  -Wall -Wno-implicit-fallthrough  CMakeFiles/cmTC_fff7b.dir/src.c.o -o cmTC_fff7b 
gmake[1]: Leaving directory '/home/uhuj/skillbox_cpp/learn_cpp_tasks/out/build/GCC 12.2.0 x86_64-linux-gnu/CMakeFiles/CMakeScratch/TryCompile-tXBdyn'


Source file was:
int main(void) {
        unsigned int zero = 0;
        long test = __builtin_ctzll(zero);
        (void)test;
        return 0;
    }

Performing C SOURCE FILE Test HAVE_PTRDIFF_T succeeded with the following output:
Change Dir: /home/uhuj/skillbox_cpp/learn_cpp_tasks/out/build/GCC 12.2.0 x86_64-linux-gnu/CMakeFiles/CMakeScratch/TryCompile-qhsjvm

Run Build Command(s):/usr/bin/gmake -f Makefile cmTC_89803/fast && /usr/bin/gmake  -f CMakeFiles/cmTC_89803.dir/build.make CMakeFiles/cmTC_89803.dir/build
gmake[1]: Entering directory '/home/uhuj/skillbox_cpp/learn_cpp_tasks/out/build/GCC 12.2.0 x86_64-linux-gnu/CMakeFiles/CMakeScratch/TryCompile-qhsjvm'
Building C object CMakeFiles/cmTC_89803.dir/src.c.o
/usr/bin/gcc -DHAVE_PTRDIFF_T  -Wall -Wno-implicit-fallthrough  -std=c99 -o CMakeFiles/cmTC_89803.dir/src.c.o -c "/home/uhuj/skillbox_cpp/learn_cpp_tasks/out/build/GCC 12.2.0 x86_64-linux-gnu/CMakeFiles/CMakeScratch/TryCompile-qhsjvm/src.c"
Linking C executable cmTC_89803
/usr/bin/cmake -E cmake_link_script CMakeFiles/cmTC_89803.dir/link.txt --verbose=1
/usr/bin/gcc  -Wall -Wno-implicit-fallthrough  CMakeFiles/cmTC_89803.dir/src.c.o -o cmTC_89803 
gmake[1]: Leaving directory '/home/uhuj/skillbox_cpp/learn_cpp_tasks/out/build/GCC 12.2.0 x86_64-linux-gnu/CMakeFiles/CMakeScratch/TryCompile-qhsjvm'


Source file was:
#include <stddef.h>
     int main() {
         ptrdiff_t *a;
         (void)a;
         return 0;
    }

Performing C SOURCE FILE Test HAVE_SSE2_INTRIN succeeded with the following output:
Change Dir: /home/uhuj/skillbox_cpp/learn_cpp_tasks/out/build/GCC 12.2.0 x86_64-linux-gnu/CMakeFiles/CMakeScratch/TryCompile-fcdN3j

Run Build Command(s):/usr/bin/gmake -f Makefile cmTC_a4589/fast && /usr/bin/gmake  -f CMakeFiles/cmTC_a4589.dir/build.make CMakeFiles/cmTC_a4589.dir/build
gmake[1]: Entering directory '/home/uhuj/skillbox_cpp/learn_cpp_tasks/out/build/GCC 12.2.0 x86_64-linux-gnu/CMakeFiles/CMakeScratch/TryCompile-fcdN3j'
Building C object CMakeFiles/cmTC_a4589.dir/src.c.o
/usr/bin/gcc -DHAVE_SSE2_INTRIN  -Wall -Wno-implicit-fallthrough -msse2 -std=c99 -o CMakeFiles/cmTC_a4589.dir/src.c.o -c "/home/uhuj/skillbox_cpp/learn_cpp_tasks/out/build/GCC 12.2.0 x86_64-linux-gnu/CMakeFiles/CMakeScratch/TryCompile-fcdN3j/src.c"
Linking C executable cmTC_a4589
/usr/bin/cmake -E cmake_link_script CMakeFiles/cmTC_a4589.dir/link.txt --verbose=1
/usr/bin/gcc  -Wall -Wno-implicit-fallthrough -msse2 CMakeFiles/cmTC_a4589.dir/src.c.o -o cmTC_a4589 
gmake[1]: Leaving directory '/home/uhuj/skillbox_cpp/learn_cpp_tasks/out/build/GCC 12.2.0 x86_64-linux-gnu/CMakeFiles/CMakeScratch/TryCompile-fcdN3j'


Source file was:
#include <immintrin.h>
        int main(void) {
            __m128i zero = _mm_setzero_si128();
            (void)zero;
            return 0;
        }

Performing C SOURCE FILE Test HAVE_SSSE3_INTRIN succeeded with the following output:
Change Dir: /home/uhuj/skillbox_cpp/learn_cpp_tasks/out/build/GCC 12.2.0 x86_64-linux-gnu/CMakeFiles/CMakeScratch/TryCompile-HJjlEI

Run Build Command(s):/usr/bin/gmake -f Makefile cmTC_371ff/fast && /usr/bin/gmake  -f CMakeFiles/cmTC_371ff.dir/build.make CMakeFiles/cmTC_371ff.dir/build
gmake[1]: Entering directory '/home/uhuj/skillbox_cpp/learn_cpp_tasks/out/build/GCC 12.2.0 x86_64-linux-gnu/CMakeFiles/CMakeScratch/TryCompile-HJjlEI'
Building C object CMakeFiles/cmTC_371ff.dir/src.c.o
/usr/bin/gcc -DHAVE_SSSE3_INTRIN  -Wall -Wno-implicit-fallthrough -mssse3 -std=c99 -o CMakeFiles/cmTC_371ff.dir/src.c.o -c "/home/uhuj/skillbox_cpp/learn_cpp_tasks/out/build/GCC 12.2.0 x86_64-linux-gnu/CMakeFiles/CMakeScratch/TryCompile-HJjlEI/src.c"
Linking C executable cmTC_371ff
/usr/bin/cmake -E cmake_link_script CMakeFiles/cmTC_371ff.dir/link.txt --verbose=1
/usr/bin/gcc  -Wall -Wno-implicit-fallthrough -mssse3 CMakeFiles/cmTC_371ff.dir/src.c.o -o cmTC_371ff 
gmake[1]: Leaving directory '/home/uhuj/skillbox_cpp/learn_cpp_tasks/out/build/GCC 12.2.0 x86_64-linux-gnu/CMakeFiles/CMakeScratch/TryCompile-HJjlEI'


Source file was:
#include <immintrin.h>
        int main(void) {
            __m128i u, v, w;
            u = _mm_set1_epi32(1);
            v = _mm_set1_epi32(2);
            w = _mm_hadd_epi32(u, v);
            (void)w;
            return 0;
        }

Performing C SOURCE FILE Test HAVE_SSE42CRC_INLINE_ASM succeeded with the following output:
Change Dir: /home/uhuj/skillbox_cpp/learn_cpp_tasks/out/build/GCC 12.2.0 x86_64-linux-gnu/CMakeFiles/CMakeScratch/TryCompile-Zwu3Yd

Run Build Command(s):/usr/bin/gmake -f Makefile cmTC_5b666/fast && /usr/bin/gmake  -f CMakeFiles/cmTC_5b666.dir/build.make CMakeFiles/cmTC_5b666.dir/build
gmake[1]: Entering directory '/home/uhuj/skillbox_cpp/learn_cpp_tasks/out/build/GCC 12.2.0 x86_64-linux-gnu/CMakeFiles/CMakeScratch/TryCompile-Zwu3Yd'
Building C object CMakeFiles/cmTC_5b666.dir/src.c.o
/usr/bin/gcc -DHAVE_SSE42CRC_INLINE_ASM  -Wall -Wno-implicit-fallthrough -msse4 -std=c99 -o CMakeFiles/cmTC_5b666.dir/src.c.o -c "/home/uhuj/skillbox_cpp/learn_cpp_tasks/out/build/GCC 12.2.0 x86_64-linux-gnu/CMakeFiles/CMakeScratch/TryCompile-Zwu3Yd/src.c"
Linking C executable cmTC_5b666
/usr/bin/cmake -E cmake_link_script CMakeFiles/cmTC_5b666.dir/link.txt --verbose=1
/usr/bin/gcc  -Wall -Wno-implicit-fallthrough -msse4 CMakeFiles/cmTC_5b666.dir/src.c.o -o cmTC_5b666 
gmake[1]: Leaving directory '/home/uhuj/skillbox_cpp/learn_cpp_tasks/out/build/GCC 12.2.0 x86_64-linux-gnu/CMakeFiles/CMakeScratch/TryCompile-Zwu3Yd'


Source file was:
int main(void) {
            unsigned val = 0, h = 0;
        #if defined(_MSC_VER)
            { __asm mov edx, h __asm mov eax, val __asm crc32 eax, edx __asm mov val, eax }
        #else
            __asm__ __volatile__ ( "crc32 %1,%0" : "+r" (h) : "r" (val) );
        #endif
            return (int)h;
        }

Performing C SOURCE FILE Test HAVE_SSE42CRC_INTRIN succeeded with the following output:
Change Dir: /home/uhuj/skillbox_cpp/learn_cpp_tasks/out/build/GCC 12.2.0 x86_64-linux-gnu/CMakeFiles/CMakeScratch/TryCompile-ybcYb6

Run Build Command(s):/usr/bin/gmake -f Makefile cmTC_0b539/fast && /usr/bin/gmake  -f CMakeFiles/cmTC_0b539.dir/build.make CMakeFiles/cmTC_0b539.dir/build
gmake[1]: Entering directory '/home/uhuj/skillbox_cpp/learn_cpp_tasks/out/build/GCC 12.2.0 x86_64-linux-gnu/CMakeFiles/CMakeScratch/TryCompile-ybcYb6'
Building C object CMakeFiles/cmTC_0b539.dir/src.c.o
/usr/bin/gcc -DHAVE_SSE42CRC_INTRIN  -Wall -Wno-implicit-fallthrough -msse4 -std=c99 -o CMakeFiles/cmTC_0b539.dir/src.c.o -c "/home/uhuj/skillbox_cpp/learn_cpp_tasks/out/build/GCC 12.2.0 x86_64-linux-gnu/CMakeFiles/CMakeScratch/TryCompile-ybcYb6/src.c"
Linking C executable cmTC_0b539
/usr/bin/cmake -E cmake_link_script CMakeFiles/cmTC_0b539.dir/link.txt --verbose=1
/usr/bin/gcc  -Wall -Wno-implicit-fallthrough -msse4 CMakeFiles/cmTC_0b539.dir/src.c.o -o cmTC_0b539 
gmake[1]: Leaving directory '/home/uhuj/skillbox_cpp/learn_cpp_tasks/out/build/GCC 12.2.0 x86_64-linux-gnu/CMakeFiles/CMakeScratch/TryCompile-ybcYb6'


Source file was:
#include <immintrin.h>
        int main(void) {
            unsigned crc = 0;
            char c = 'c';
        #if defined(_MSC_VER)
            crc = _mm_crc32_u32(crc, c);
        #else
            crc = __builtin_ia32_crc32qi(crc, c);
        #endif
            (void)crc;
            return 0;
        }

Performing C SOURCE FILE Test HAVE_SSE42CMPSTR_INTRIN succeeded with the following output:
Change Dir: /home/uhuj/skillbox_cpp/learn_cpp_tasks/out/build/GCC 12.2.0 x86_64-linux-gnu/CMakeFiles/CMakeScratch/TryCompile-YfzjUE

Run Build Command(s):/usr/bin/gmake -f Makefile cmTC_d57f1/fast && /usr/bin/gmake  -f CMakeFiles/cmTC_d57f1.dir/build.make CMakeFiles/cmTC_d57f1.dir/build
gmake[1]: Entering directory '/home/uhuj/skillbox_cpp/learn_cpp_tasks/out/build/GCC 12.2.0 x86_64-linux-gnu/CMakeFiles/CMakeScratch/TryCompile-YfzjUE'
Building C object CMakeFiles/cmTC_d57f1.dir/src.c.o
/usr/bin/gcc -DHAVE_SSE42CMPSTR_INTRIN  -Wall -Wno-implicit-fallthrough -msse4 -std=c99 -o CMakeFiles/cmTC_d57f1.dir/src.c.o -c "/home/uhuj/skillbox_cpp/learn_cpp_tasks/out/build/GCC 12.2.0 x86_64-linux-gnu/CMakeFiles/CMakeScratch/TryCompile-YfzjUE/src.c"
Linking C executable cmTC_d57f1
/usr/bin/cmake -E cmake_link_script CMakeFiles/cmTC_d57f1.dir/link.txt --verbose=1
/usr/bin/gcc  -Wall -Wno-implicit-fallthrough -msse4 CMakeFiles/cmTC_d57f1.dir/src.c.o -o cmTC_d57f1 
gmake[1]: Leaving directory '/home/uhuj/skillbox_cpp/learn_cpp_tasks/out/build/GCC 12.2.0 x86_64-linux-gnu/CMakeFiles/CMakeScratch/TryCompile-YfzjUE'


Source file was:
#include <immintrin.h>
        int main(void) {
            unsigned char a[64] = { 0 };
            unsigned char b[64] = { 0 };
            __m128i xmm_src0, xmm_src1;
            xmm_src0 = _mm_loadu_si128((__m128i *)(char *)a);
            xmm_src1 = _mm_loadu_si128((__m128i *)(char *)b);
            return _mm_cmpestri(xmm_src0, 16, xmm_src1, 16, 0);
        }

Performing C SOURCE FILE Test HAVE_PCLMULQDQ_INTRIN succeeded with the following output:
Change Dir: /home/uhuj/skillbox_cpp/learn_cpp_tasks/out/build/GCC 12.2.0 x86_64-linux-gnu/CMakeFiles/CMakeScratch/TryCompile-F4mPUu

Run Build Command(s):/usr/bin/gmake -f Makefile cmTC_982bc/fast && /usr/bin/gmake  -f CMakeFiles/cmTC_982bc.dir/build.make CMakeFiles/cmTC_982bc.dir/build
gmake[1]: Entering directory '/home/uhuj/skillbox_cpp/learn_cpp_tasks/out/build/GCC 12.2.0 x86_64-linux-gnu/CMakeFiles/CMakeScratch/TryCompile-F4mPUu'
Building C object CMakeFiles/cmTC_982bc.dir/src.c.o
/usr/bin/gcc -DHAVE_PCLMULQDQ_INTRIN  -Wall -Wno-implicit-fallthrough -mpclmul -std=c99 -o CMakeFiles/cmTC_982bc.dir/src.c.o -c "/home/uhuj/skillbox_cpp/learn_cpp_tasks/out/build/GCC 12.2.0 x86_64-linux-gnu/CMakeFiles/CMakeScratch/TryCompile-F4mPUu/src.c"
Linking C executable cmTC_982bc
/usr/bin/cmake -E cmake_link_script CMakeFiles/cmTC_982bc.dir/link.txt --verbose=1
/usr/bin/gcc  -Wall -Wno-implicit-fallthrough -mpclmul CMakeFiles/cmTC_982bc.dir/src.c.o -o cmTC_982bc 
gmake[1]: Leaving directory '/home/uhuj/skillbox_cpp/learn_cpp_tasks/out/build/GCC 12.2.0 x86_64-linux-gnu/CMakeFiles/CMakeScratch/TryCompile-F4mPUu'


Source file was:
#include <immintrin.h>
            int main(void) {
                __m128i a = _mm_setzero_si128();
                __m128i b = _mm_setzero_si128();
                __m128i c = _mm_clmulepi64_si128(a, b, 0x10);
                (void)c;
                return 0;
            }

Performing C SOURCE FILE Test HAVE_AVX2_INTRIN succeeded with the following output:
Change Dir: /home/uhuj/skillbox_cpp/learn_cpp_tasks/out/build/GCC 12.2.0 x86_64-linux-gnu/CMakeFiles/CMakeScratch/TryCompile-kfT9kI

Run Build Command(s):/usr/bin/gmake -f Makefile cmTC_813fb/fast && /usr/bin/gmake  -f CMakeFiles/cmTC_813fb.dir/build.make CMakeFiles/cmTC_813fb.dir/build
gmake[1]: Entering directory '/home/uhuj/skillbox_cpp/learn_cpp_tasks/out/build/GCC 12.2.0 x86_64-linux-gnu/CMakeFiles/CMakeScratch/TryCompile-kfT9kI'
Building C object CMakeFiles/cmTC_813fb.dir/src.c.o
/usr/bin/gcc -DHAVE_AVX2_INTRIN  -Wall -Wno-implicit-fallthrough -mavx2 -std=c99 -o CMakeFiles/cmTC_813fb.dir/src.c.o -c "/home/uhuj/skillbox_cpp/learn_cpp_tasks/out/build/GCC 12.2.0 x86_64-linux-gnu/CMakeFiles/CMakeScratch/TryCompile-kfT9kI/src.c"
Linking C executable cmTC_813fb
/usr/bin/cmake -E cmake_link_script CMakeFiles/cmTC_813fb.dir/link.txt --verbose=1
/usr/bin/gcc  -Wall -Wno-implicit-fallthrough -mavx2 CMakeFiles/cmTC_813fb.dir/src.c.o -o cmTC_813fb 
gmake[1]: Leaving directory '/home/uhuj/skillbox_cpp/learn_cpp_tasks/out/build/GCC 12.2.0 x86_64-linux-gnu/CMakeFiles/CMakeScratch/TryCompile-kfT9kI'


Source file was:
#include <immintrin.h>
        int main(void) {
            __m256i x = _mm256_set1_epi16(2);
            const __m256i y = _mm256_set1_epi16(1);
            x = _mm256_subs_epu16(x, y);
            (void)x;
            return 0;
        }

Performing C SOURCE FILE Test OPT_Wdouble_promotion succeeded with the following output:
Change Dir: /home/uhuj/skillbox_cpp/learn_cpp_tasks/out/build/GCC 12.2.0 x86_64-linux-gnu/CMakeFiles/CMakeScratch/TryCompile-KQRAEy

Run Build Command(s):/usr/bin/gmake -f Makefile cmTC_b3b6a/fast && /usr/bin/gmake  -f CMakeFiles/cmTC_b3b6a.dir/build.make CMakeFiles/cmTC_b3b6a.dir/build
gmake[1]: Entering directory '/home/uhuj/skillbox_cpp/learn_cpp_tasks/out/build/GCC 12.2.0 x86_64-linux-gnu/CMakeFiles/CMakeScratch/TryCompile-KQRAEy'
Building C object CMakeFiles/cmTC_b3b6a.dir/src.c.o
/usr/bin/gcc -DOPT_Wdouble_promotion  -Wdouble-promotion -o CMakeFiles/cmTC_b3b6a.dir/src.c.o -c "/home/uhuj/skillbox_cpp/learn_cpp_tasks/out/build/GCC 12.2.0 x86_64-linux-gnu/CMakeFiles/CMakeScratch/TryCompile-KQRAEy/src.c"
Linking C executable cmTC_b3b6a
/usr/bin/cmake -E cmake_link_script CMakeFiles/cmTC_b3b6a.dir/link.txt --verbose=1
/usr/bin/gcc CMakeFiles/cmTC_b3b6a.dir/src.c.o -o cmTC_b3b6a 
gmake[1]: Leaving directory '/home/uhuj/skillbox_cpp/learn_cpp_tasks/out/build/GCC 12.2.0 x86_64-linux-gnu/CMakeFiles/CMakeScratch/TryCompile-KQRAEy'


Source file was:
int main(void) { return 0; }

Performing C SOURCE FILE Test OPT_Wenum_conversion succeeded with the following output:
Change Dir: /home/uhuj/skillbox_cpp/learn_cpp_tasks/out/build/GCC 12.2.0 x86_64-linux-gnu/CMakeFiles/CMakeScratch/TryCompile-vhS914

Run Build Command(s):/usr/bin/gmake -f Makefile cmTC_afa0b/fast && /usr/bin/gmake  -f CMakeFiles/cmTC_afa0b.dir/build.make CMakeFiles/cmTC_afa0b.dir/build
gmake[1]: Entering directory '/home/uhuj/skillbox_cpp/learn_cpp_tasks/out/build/GCC 12.2.0 x86_64-linux-gnu/CMakeFiles/CMakeScratch/TryCompile-vhS914'
Building C object CMakeFiles/cmTC_afa0b.dir/src.c.o
/usr/bin/gcc -DOPT_Wenum_conversion  -Wenum-conversion -o CMakeFiles/cmTC_afa0b.dir/src.c.o -c "/home/uhuj/skillbox_cpp/learn_cpp_tasks/out/build/GCC 12.2.0 x86_64-linux-gnu/CMakeFiles/CMakeScratch/TryCompile-vhS914/src.c"
Linking C executable cmTC_afa0b
/usr/bin/cmake -E cmake_link_script CMakeFiles/cmTC_afa0b.dir/link.txt --verbose=1
/usr/bin/gcc CMakeFiles/cmTC_afa0b.dir/src.c.o -o cmTC_afa0b 
gmake[1]: Leaving directory '/home/uhuj/skillbox_cpp/learn_cpp_tasks/out/build/GCC 12.2.0 x86_64-linux-gnu/CMakeFiles/CMakeScratch/TryCompile-vhS914'


Source file was:
int main(void) { return 0; }

Performing C SOURCE FILE Test OPT_Wunused_const_variable succeeded with the following output:
Change Dir: /home/uhuj/skillbox_cpp/learn_cpp_tasks/out/build/GCC 12.2.0 x86_64-linux-gnu/CMakeFiles/CMakeScratch/TryCompile-HFn1VT

Run Build Command(s):/usr/bin/gmake -f Makefile cmTC_63b01/fast && /usr/bin/gmake  -f CMakeFiles/cmTC_63b01.dir/build.make CMakeFiles/cmTC_63b01.dir/build
gmake[1]: Entering directory '/home/uhuj/skillbox_cpp/learn_cpp_tasks/out/build/GCC 12.2.0 x86_64-linux-gnu/CMakeFiles/CMakeScratch/TryCompile-HFn1VT'
Building C object CMakeFiles/cmTC_63b01.dir/src.c.o
/usr/bin/gcc -DOPT_Wunused_const_variable  -Wunused-const-variable -o CMakeFiles/cmTC_63b01.dir/src.c.o -c "/home/uhuj/skillbox_cpp/learn_cpp_tasks/out/build/GCC 12.2.0 x86_64-linux-gnu/CMakeFiles/CMakeScratch/TryCompile-HFn1VT/src.c"
Linking C executable cmTC_63b01
/usr/bin/cmake -E cmake_link_script CMakeFiles/cmTC_63b01.dir/link.txt --verbose=1
/usr/bin/gcc CMakeFiles/cmTC_63b01.dir/src.c.o -o cmTC_63b01 
gmake[1]: Leaving directory '/home/uhuj/skillbox_cpp/learn_cpp_tasks/out/build/GCC 12.2.0 x86_64-linux-gnu/CMakeFiles/CMakeScratch/TryCompile-HFn1VT'


Source file was:
int main(void) { return 0; }

Performing C SOURCE FILE Test HAVE_SOCKADDR_IN6_SIN6_ADDR succeeded with the following output:
Change Dir: /home/uhuj/skillbox_cpp/learn_cpp_tasks/out/build/GCC 12.2.0 x86_64-linux-gnu/CMakeFiles/CMakeScratch/TryCompile-jaQHBk

Run Build Command(s):/usr/bin/gmake -f Makefile cmTC_e9faa/fast && /usr/bin/gmake  -f CMakeFiles/cmTC_e9faa.dir/build.make CMakeFiles/cmTC_e9faa.dir/build
gmake[1]: Entering directory '/home/uhuj/skillbox_cpp/learn_cpp_tasks/out/build/GCC 12.2.0 x86_64-linux-gnu/CMakeFiles/CMakeScratch/TryCompile-jaQHBk'
Building C object CMakeFiles/cmTC_e9faa.dir/src.c.o
/usr/bin/gcc -DHAVE_SOCKADDR_IN6_SIN6_ADDR  -W -Wall -pedantic -Wbad-function-cast -Wconversion -Winline -Wmissing-declarations -Wmissing-prototypes -Wnested-externs -Wno-long-long -Wno-multichar -Wpointer-arith -Wshadow -Wsign-compare -Wundef -Wunused -Wwrite-strings -Wcast-align -Wdeclaration-after-statement -Wempty-body -Wendif-labels -Wfloat-equal -Wignored-qualifiers -Wno-format-nonliteral -Wno-sign-conversion -Wno-system-headers -Wstrict-prototypes -Wtype-limits -Wvla -Wmissing-parameter-type -Wold-style-declaration -Wstrict-aliasing=3 -Wformat=2 -Warray-bounds=2 -ftree-vrp -Wduplicated-cond -Wnull-dereference -fdelete-null-pointer-checks -Wshift-negative-value -Wshift-overflow=2 -Walloc-zero -Wduplicated-branches -Wformat-overflow=2 -Wformat-truncation=1 -Wrestrict -Warith-conversion -Wdouble-promotion -Wenum-conversion -Wunused-const-variable  -o CMakeFiles/cmTC_e9faa.dir/src.c.o -c "/home/uhuj/skillbox_cpp/learn_cpp_tasks/out/build/GCC 12.2.0 x86_64-linux-gnu/CMakeFiles/CMakeScratch/TryCompile-jaQHBk/src.c"
/home/uhuj/skillbox_cpp/learn_cpp_tasks/out/build/GCC 12.2.0 x86_64-linux-gnu/CMakeFiles/CMakeScratch/TryCompile-jaQHBk/src.c:4:5: warning: function declaration isn’t a prototype [-Wstrict-prototypes]
    4 | int main()
      |     ^~~~
Linking C executable cmTC_e9faa
/usr/bin/cmake -E cmake_link_script CMakeFiles/cmTC_e9faa.dir/link.txt --verbose=1
/usr/bin/gcc   -W -Wall -pedantic -Wbad-function-cast -Wconversion -Winline -Wmissing-declarations -Wmissing-prototypes -Wnested-externs -Wno-long-long -Wno-multichar -Wpointer-arith -Wshadow -Wsign-compare -Wundef -Wunused -Wwrite-strings -Wcast-align -Wdeclaration-after-statement -Wempty-body -Wendif-labels -Wfloat-equal -Wignored-qualifiers -Wno-format-nonliteral -Wno-sign-conversion -Wno-system-headers -Wstrict-prototypes -Wtype-limits -Wvla -Wmissing-parameter-type -Wold-style-declaration -Wstrict-aliasing=3 -Wformat=2 -Warray-bounds=2 -ftree-vrp -Wduplicated-cond -Wnull-dereference -fdelete-null-pointer-checks -Wshift-negative-value -Wshift-overflow=2 -Walloc-zero -Wduplicated-branches -Wformat-overflow=2 -Wformat-truncation=1 -Wrestrict -Warith-conversion -Wdouble-promotion -Wenum-conversion -Wunused-const-variable  CMakeFiles/cmTC_e9faa.dir/src.c.o -o cmTC_e9faa 
gmake[1]: Leaving directory '/home/uhuj/skillbox_cpp/learn_cpp_tasks/out/build/GCC 12.2.0 x86_64-linux-gnu/CMakeFiles/CMakeScratch/TryCompile-jaQHBk'


Source file was:

#include <netinet/in.h>

int main()
{
  (void)sizeof(((struct sockaddr_in6 *)0)->sin6_addr);
  return 0;
}


Performing C SOURCE FILE Test HAVE_SOCKADDR_IN6_SIN6_SCOPE_ID succeeded with the following output:
Change Dir: /home/uhuj/skillbox_cpp/learn_cpp_tasks/out/build/GCC 12.2.0 x86_64-linux-gnu/CMakeFiles/CMakeScratch/TryCompile-ItESzA

Run Build Command(s):/usr/bin/gmake -f Makefile cmTC_3c0d8/fast && /usr/bin/gmake  -f CMakeFiles/cmTC_3c0d8.dir/build.make CMakeFiles/cmTC_3c0d8.dir/build
gmake[1]: Entering directory '/home/uhuj/skillbox_cpp/learn_cpp_tasks/out/build/GCC 12.2.0 x86_64-linux-gnu/CMakeFiles/CMakeScratch/TryCompile-ItESzA'
Building C object CMakeFiles/cmTC_3c0d8.dir/src.c.o
/usr/bin/gcc -DHAVE_SOCKADDR_IN6_SIN6_SCOPE_ID  -W -Wall -pedantic -Wbad-function-cast -Wconversion -Winline -Wmissing-declarations -Wmissing-prototypes -Wnested-externs -Wno-long-long -Wno-multichar -Wpointer-arith -Wshadow -Wsign-compare -Wundef -Wunused -Wwrite-strings -Wcast-align -Wdeclaration-after-statement -Wempty-body -Wendif-labels -Wfloat-equal -Wignored-qualifiers -Wno-format-nonliteral -Wno-sign-conversion -Wno-system-headers -Wstrict-prototypes -Wtype-limits -Wvla -Wmissing-parameter-type -Wold-style-declaration -Wstrict-aliasing=3 -Wformat=2 -Warray-bounds=2 -ftree-vrp -Wduplicated-cond -Wnull-dereference -fdelete-null-pointer-checks -Wshift-negative-value -Wshift-overflow=2 -Walloc-zero -Wduplicated-branches -Wformat-overflow=2 -Wformat-truncation=1 -Wrestrict -Warith-conversion -Wdouble-promotion -Wenum-conversion -Wunused-const-variable  -o CMakeFiles/cmTC_3c0d8.dir/src.c.o -c "/home/uhuj/skillbox_cpp/learn_cpp_tasks/out/build/GCC 12.2.0 x86_64-linux-gnu/CMakeFiles/CMakeScratch/TryCompile-ItESzA/src.c"
/home/uhuj/skillbox_cpp/learn_cpp_tasks/out/build/GCC 12.2.0 x86_64-linux-gnu/CMakeFiles/CMakeScratch/TryCompile-ItESzA/src.c:4:5: warning: function declaration isn’t a prototype [-Wstrict-prototypes]
    4 | int main()
      |     ^~~~
Linking C executable cmTC_3c0d8
/usr/bin/cmake -E cmake_link_script CMakeFiles/cmTC_3c0d8.dir/link.txt --verbose=1
/usr/bin/gcc   -W -Wall -pedantic -Wbad-function-cast -Wconversion -Winline -Wmissing-declarations -Wmissing-prototypes -Wnested-externs -Wno-long-long -Wno-multichar -Wpointer-arith -Wshadow -Wsign-compare -Wundef -Wunused -Wwrite-strings -Wcast-align -Wdeclaration-after-statement -Wempty-body -Wendif-labels -Wfloat-equal -Wignored-qualifiers -Wno-format-nonliteral -Wno-sign-conversion -Wno-system-headers -Wstrict-prototypes -Wtype-limits -Wvla -Wmissing-parameter-type -Wold-style-declaration -Wstrict-aliasing=3 -Wformat=2 -Warray-bounds=2 -ftree-vrp -Wduplicated-cond -Wnull-dereference -fdelete-null-pointer-checks -Wshift-negative-value -Wshift-overflow=2 -Walloc-zero -Wduplicated-branches -Wformat-overflow=2 -Wformat-truncation=1 -Wrestrict -Warith-conversion -Wdouble-promotion -Wenum-conversion -Wunused-const-variable  CMakeFiles/cmTC_3c0d8.dir/src.c.o -o cmTC_3c0d8 
gmake[1]: Leaving directory '/home/uhuj/skillbox_cpp/learn_cpp_tasks/out/build/GCC 12.2.0 x86_64-linux-gnu/CMakeFiles/CMakeScratch/TryCompile-ItESzA'


Source file was:

#include <netinet/in.h>

int main()
{
  (void)sizeof(((struct sockaddr_in6 *)0)->sin6_scope_id);
  return 0;
}


Performing C SOURCE FILE Test CMAKE_HAVE_LIBC_PTHREAD succeeded with the following output:
Change Dir: /home/uhuj/skillbox_cpp/learn_cpp_tasks/out/build/GCC 12.2.0 x86_64-linux-gnu/CMakeFiles/CMakeScratch/TryCompile-8NSFD4

Run Build Command(s):/usr/bin/gmake -f Makefile cmTC_b648e/fast && /usr/bin/gmake  -f CMakeFiles/cmTC_b648e.dir/build.make CMakeFiles/cmTC_b648e.dir/build
gmake[1]: Entering directory '/home/uhuj/skillbox_cpp/learn_cpp_tasks/out/build/GCC 12.2.0 x86_64-linux-gnu/CMakeFiles/CMakeScratch/TryCompile-8NSFD4'
Building C object CMakeFiles/cmTC_b648e.dir/src.c.o
/usr/bin/gcc -DCMAKE_HAVE_LIBC_PTHREAD  -W -Wall -pedantic -Wbad-function-cast -Wconversion -Winline -Wmissing-declarations -Wmissing-prototypes -Wnested-externs -Wno-long-long -Wno-multichar -Wpointer-arith -Wshadow -Wsign-compare -Wundef -Wunused -Wwrite-strings -Wcast-align -Wdeclaration-after-statement -Wempty-body -Wendif-labels -Wfloat-equal -Wignored-qualifiers -Wno-format-nonliteral -Wno-sign-conversion -Wno-system-headers -Wstrict-prototypes -Wtype-limits -Wvla -Wmissing-parameter-type -Wold-style-declaration -Wstrict-aliasing=3 -Wformat=2 -Warray-bounds=2 -ftree-vrp -Wduplicated-cond -Wnull-dereference -fdelete-null-pointer-checks -Wshift-negative-value -Wshift-overflow=2 -Walloc-zero -Wduplicated-branches -Wformat-overflow=2 -Wformat-truncation=1 -Wrestrict -Warith-conversion -Wdouble-promotion -Wenum-conversion -Wunused-const-variable  -o CMakeFiles/cmTC_b648e.dir/src.c.o -c "/home/uhuj/skillbox_cpp/learn_cpp_tasks/out/build/GCC 12.2.0 x86_64-linux-gnu/CMakeFiles/CMakeScratch/TryCompile-8NSFD4/src.c"
Linking C executable cmTC_b648e
/usr/bin/cmake -E cmake_link_script CMakeFiles/cmTC_b648e.dir/link.txt --verbose=1
/usr/bin/gcc   -W -Wall -pedantic -Wbad-function-cast -Wconversion -Winline -Wmissing-declarations -Wmissing-prototypes -Wnested-externs -Wno-long-long -Wno-multichar -Wpointer-arith -Wshadow -Wsign-compare -Wundef -Wunused -Wwrite-strings -Wcast-align -Wdeclaration-after-statement -Wempty-body -Wendif-labels -Wfloat-equal -Wignored-qualifiers -Wno-format-nonliteral -Wno-sign-conversion -Wno-system-headers -Wstrict-prototypes -Wtype-limits -Wvla -Wmissing-parameter-type -Wold-style-declaration -Wstrict-aliasing=3 -Wformat=2 -Warray-bounds=2 -ftree-vrp -Wduplicated-cond -Wnull-dereference -fdelete-null-pointer-checks -Wshift-negative-value -Wshift-overflow=2 -Walloc-zero -Wduplicated-branches -Wformat-overflow=2 -Wformat-truncation=1 -Wrestrict -Warith-conversion -Wdouble-promotion -Wenum-conversion -Wunused-const-variable  CMakeFiles/cmTC_b648e.dir/src.c.o -o cmTC_b648e 
gmake[1]: Leaving directory '/home/uhuj/skillbox_cpp/learn_cpp_tasks/out/build/GCC 12.2.0 x86_64-linux-gnu/CMakeFiles/CMakeScratch/TryCompile-8NSFD4'


Source file was:
#include <pthread.h>

static void* test_func(void* data)
{
  return data;
}

int main(void)
{
  pthread_t thread;
  pthread_create(&thread, NULL, test_func, NULL);
  pthread_detach(thread);
  pthread_cancel(thread);
  pthread_join(thread, NULL);
  pthread_atfork(NULL, NULL, NULL);
  pthread_exit(NULL);

  return 0;
}


Determining if the function gethostname exists passed with the following output:
Change Dir: /home/uhuj/skillbox_cpp/learn_cpp_tasks/out/build/GCC 12.2.0 x86_64-linux-gnu/CMakeFiles/CMakeScratch/TryCompile-E5yePx

Run Build Command(s):/usr/bin/gmake -f Makefile cmTC_30457/fast && /usr/bin/gmake  -f CMakeFiles/cmTC_30457.dir/build.make CMakeFiles/cmTC_30457.dir/build
gmake[1]: Entering directory '/home/uhuj/skillbox_cpp/learn_cpp_tasks/out/build/GCC 12.2.0 x86_64-linux-gnu/CMakeFiles/CMakeScratch/TryCompile-E5yePx'
Building C object CMakeFiles/cmTC_30457.dir/CheckFunctionExists.c.o
/usr/bin/gcc   -W -Wall -pedantic -Wbad-function-cast -Wconversion -Winline -Wmissing-declarations -Wmissing-prototypes -Wnested-externs -Wno-long-long -Wno-multichar -Wpointer-arith -Wshadow -Wsign-compare -Wundef -Wunused -Wwrite-strings -Wcast-align -Wdeclaration-after-statement -Wempty-body -Wendif-labels -Wfloat-equal -Wignored-qualifiers -Wno-format-nonliteral -Wno-sign-conversion -Wno-system-headers -Wstrict-prototypes -Wtype-limits -Wvla -Wmissing-parameter-type -Wold-style-declaration -Wstrict-aliasing=3 -Wformat=2 -Warray-bounds=2 -ftree-vrp -Wduplicated-cond -Wnull-dereference -fdelete-null-pointer-checks -Wshift-negative-value -Wshift-overflow=2 -Walloc-zero -Wduplicated-branches -Wformat-overflow=2 -Wformat-truncation=1 -Wrestrict -Warith-conversion -Wdouble-promotion -Wenum-conversion -Wunused-const-variable -DCHECK_FUNCTION_EXISTS=gethostname -o CMakeFiles/cmTC_30457.dir/CheckFunctionExists.c.o -c "/home/uhuj/skillbox_cpp/learn_cpp_tasks/out/build/GCC 12.2.0 x86_64-linux-gnu/CMakeFiles/CMakeScratch/TryCompile-E5yePx/CheckFunctionExists.c"
Linking C executable cmTC_30457
/usr/bin/cmake -E cmake_link_script CMakeFiles/cmTC_30457.dir/link.txt --verbose=1
/usr/bin/gcc   -W -Wall -pedantic -Wbad-function-cast -Wconversion -Winline -Wmissing-declarations -Wmissing-prototypes -Wnested-externs -Wno-long-long -Wno-multichar -Wpointer-arith -Wshadow -Wsign-compare -Wundef -Wunused -Wwrite-strings -Wcast-align -Wdeclaration-after-statement -Wempty-body -Wendif-labels -Wfloat-equal -Wignored-qualifiers -Wno-format-nonliteral -Wno-sign-conversion -Wno-system-headers -Wstrict-prototypes -Wtype-limits -Wvla -Wmissing-parameter-type -Wold-style-declaration -Wstrict-aliasing=3 -Wformat=2 -Warray-bounds=2 -ftree-vrp -Wduplicated-cond -Wnull-dereference -fdelete-null-pointer-checks -Wshift-negative-value -Wshift-overflow=2 -Walloc-zero -Wduplicated-branches -Wformat-overflow=2 -Wformat-truncation=1 -Wrestrict -Warith-conversion -Wdouble-promotion -Wenum-conversion -Wunused-const-variable -DCHECK_FUNCTION_EXISTS=gethostname CMakeFiles/cmTC_30457.dir/CheckFunctionExists.c.o -o cmTC_30457 
gmake[1]: Leaving directory '/home/uhuj/skillbox_cpp/learn_cpp_tasks/out/build/GCC 12.2.0 x86_64-linux-gnu/CMakeFiles/CMakeScratch/TryCompile-E5yePx'



Determining if the SSL_set0_wbio exist passed with the following output:
Change Dir: /home/uhuj/skillbox_cpp/learn_cpp_tasks/out/build/GCC 12.2.0 x86_64-linux-gnu/CMakeFiles/CMakeScratch/TryCompile-CvIamj

Run Build Command(s):/usr/bin/gmake -f Makefile cmTC_b51d1/fast && /usr/bin/gmake  -f CMakeFiles/cmTC_b51d1.dir/build.make CMakeFiles/cmTC_b51d1.dir/build
gmake[1]: Entering directory '/home/uhuj/skillbox_cpp/learn_cpp_tasks/out/build/GCC 12.2.0 x86_64-linux-gnu/CMakeFiles/CMakeScratch/TryCompile-CvIamj'
Building C object CMakeFiles/cmTC_b51d1.dir/CheckSymbolExists.c.o
/usr/bin/gcc   -W -Wall -pedantic -Wbad-function-cast -Wconversion -Winline -Wmissing-declarations -Wmissing-prototypes -Wnested-externs -Wno-long-long -Wno-multichar -Wpointer-arith -Wshadow -Wsign-compare -Wundef -Wunused -Wwrite-strings -Wcast-align -Wdeclaration-after-statement -Wempty-body -Wendif-labels -Wfloat-equal -Wignored-qualifiers -Wno-format-nonliteral -Wno-sign-conversion -Wno-system-headers -Wstrict-prototypes -Wtype-limits -Wvla -Wmissing-parameter-type -Wold-style-declaration -Wstrict-aliasing=3 -Wformat=2 -Warray-bounds=2 -ftree-vrp -Wduplicated-cond -Wnull-dereference -fdelete-null-pointer-checks -Wshift-negative-value -Wshift-overflow=2 -Walloc-zero -Wduplicated-branches -Wformat-overflow=2 -Wformat-truncation=1 -Wrestrict -Warith-conversion -Wdouble-promotion -Wenum-conversion -Wunused-const-variable  -o CMakeFiles/cmTC_b51d1.dir/CheckSymbolExists.c.o -c "/home/uhuj/skillbox_cpp/learn_cpp_tasks/out/build/GCC 12.2.0 x86_64-linux-gnu/CMakeFiles/CMakeScratch/TryCompile-CvIamj/CheckSymbolExists.c"
/home/uhuj/skillbox_cpp/learn_cpp_tasks/out/build/GCC 12.2.0 x86_64-linux-gnu/CMakeFiles/CMakeScratch/TryCompile-CvIamj/CheckSymbolExists.c: In function ‘main’:
/home/uhuj/skillbox_cpp/learn_cpp_tasks/out/build/GCC 12.2.0 x86_64-linux-gnu/CMakeFiles/CMakeScratch/TryCompile-CvIamj/CheckSymbolExists.c:8:11: warning: ISO C forbids conversion of function pointer to object pointer type [-Wpedantic]
    8 |   return ((int*)(&SSL_set0_wbio))[argc];
      |           ^
Linking C executable cmTC_b51d1
/usr/bin/cmake -E cmake_link_script CMakeFiles/cmTC_b51d1.dir/link.txt --verbose=1
/usr/bin/gcc   -W -Wall -pedantic -Wbad-function-cast -Wconversion -Winline -Wmissing-declarations -Wmissing-prototypes -Wnested-externs -Wno-long-long -Wno-multichar -Wpointer-arith -Wshadow -Wsign-compare -Wundef -Wunused -Wwrite-strings -Wcast-align -Wdeclaration-after-statement -Wempty-body -Wendif-labels -Wfloat-equal -Wignored-qualifiers -Wno-format-nonliteral -Wno-sign-conversion -Wno-system-headers -Wstrict-prototypes -Wtype-limits -Wvla -Wmissing-parameter-type -Wold-style-declaration -Wstrict-aliasing=3 -Wformat=2 -Warray-bounds=2 -ftree-vrp -Wduplicated-cond -Wnull-dereference -fdelete-null-pointer-checks -Wshift-negative-value -Wshift-overflow=2 -Walloc-zero -Wduplicated-branches -Wformat-overflow=2 -Wformat-truncation=1 -Wrestrict -Warith-conversion -Wdouble-promotion -Wenum-conversion -Wunused-const-variable  CMakeFiles/cmTC_b51d1.dir/CheckSymbolExists.c.o -o cmTC_b51d1  /usr/lib/x86_64-linux-gnu/libssl.so /usr/lib/x86_64-linux-gnu/libcrypto.so /usr/lib/x86_64-linux-gnu/libz.so 
gmake[1]: Leaving directory '/home/uhuj/skillbox_cpp/learn_cpp_tasks/out/build/GCC 12.2.0 x86_64-linux-gnu/CMakeFiles/CMakeScratch/TryCompile-CvIamj'


File CheckSymbolExists.c:
/* */
#include <openssl/ssl.h>

int main(int argc, char** argv)
{
  (void)argv;
#ifndef SSL_set0_wbio
  return ((int*)(&SSL_set0_wbio))[argc];
#else
  (void)argc;
  return 0;
#endif
}
Determining if the SSL_CTX_set_srp_username exist passed with the following output:
Change Dir: /home/uhuj/skillbox_cpp/learn_cpp_tasks/out/build/GCC 12.2.0 x86_64-linux-gnu/CMakeFiles/CMakeScratch/TryCompile-9WmaHT

Run Build Command(s):/usr/bin/gmake -f Makefile cmTC_21b39/fast && /usr/bin/gmake  -f CMakeFiles/cmTC_21b39.dir/build.make CMakeFiles/cmTC_21b39.dir/build
gmake[1]: Entering directory '/home/uhuj/skillbox_cpp/learn_cpp_tasks/out/build/GCC 12.2.0 x86_64-linux-gnu/CMakeFiles/CMakeScratch/TryCompile-9WmaHT'
Building C object CMakeFiles/cmTC_21b39.dir/CheckSymbolExists.c.o
/usr/bin/gcc   -W -Wall -pedantic -Wbad-function-cast -Wconversion -Winline -Wmissing-declarations -Wmissing-prototypes -Wnested-externs -Wno-long-long -Wno-multichar -Wpointer-arith -Wshadow -Wsign-compare -Wundef -Wunused -Wwrite-strings -Wcast-align -Wdeclaration-after-statement -Wempty-body -Wendif-labels -Wfloat-equal -Wignored-qualifiers -Wno-format-nonliteral -Wno-sign-conversion -Wno-system-headers -Wstrict-prototypes -Wtype-limits -Wvla -Wmissing-parameter-type -Wold-style-declaration -Wstrict-aliasing=3 -Wformat=2 -Warray-bounds=2 -ftree-vrp -Wduplicated-cond -Wnull-dereference -fdelete-null-pointer-checks -Wshift-negative-value -Wshift-overflow=2 -Walloc-zero -Wduplicated-branches -Wformat-overflow=2 -Wformat-truncation=1 -Wrestrict -Warith-conversion -Wdouble-promotion -Wenum-conversion -Wunused-const-variable  -o CMakeFiles/cmTC_21b39.dir/CheckSymbolExists.c.o -c "/home/uhuj/skillbox_cpp/learn_cpp_tasks/out/build/GCC 12.2.0 x86_64-linux-gnu/CMakeFiles/CMakeScratch/TryCompile-9WmaHT/CheckSymbolExists.c"
/home/uhuj/skillbox_cpp/learn_cpp_tasks/out/build/GCC 12.2.0 x86_64-linux-gnu/CMakeFiles/CMakeScratch/TryCompile-9WmaHT/CheckSymbolExists.c: In function ‘main’:
/home/uhuj/skillbox_cpp/learn_cpp_tasks/out/build/GCC 12.2.0 x86_64-linux-gnu/CMakeFiles/CMakeScratch/TryCompile-9WmaHT/CheckSymbolExists.c:8:3: warning: ‘SSL_CTX_set_srp_username’ is deprecated: Since OpenSSL 3.0 [-Wdeprecated-declarations]
    8 |   return ((int*)(&SSL_CTX_set_srp_username))[argc];
      |   ^~~~~~
In file included from /home/uhuj/skillbox_cpp/learn_cpp_tasks/out/build/GCC 12.2.0 x86_64-linux-gnu/CMakeFiles/CMakeScratch/TryCompile-9WmaHT/CheckSymbolExists.c:2:
/usr/include/openssl/ssl.h:1887:27: note: declared here
 1887 | OSSL_DEPRECATEDIN_3_0 int SSL_CTX_set_srp_username(SSL_CTX *ctx, char *name);
      |                           ^~~~~~~~~~~~~~~~~~~~~~~~
/home/uhuj/skillbox_cpp/learn_cpp_tasks/out/build/GCC 12.2.0 x86_64-linux-gnu/CMakeFiles/CMakeScratch/TryCompile-9WmaHT/CheckSymbolExists.c:8:11: warning: ISO C forbids conversion of function pointer to object pointer type [-Wpedantic]
    8 |   return ((int*)(&SSL_CTX_set_srp_username))[argc];
      |           ^
Linking C executable cmTC_21b39
/usr/bin/cmake -E cmake_link_script CMakeFiles/cmTC_21b39.dir/link.txt --verbose=1
/usr/bin/gcc   -W -Wall -pedantic -Wbad-function-cast -Wconversion -Winline -Wmissing-declarations -Wmissing-prototypes -Wnested-externs -Wno-long-long -Wno-multichar -Wpointer-arith -Wshadow -Wsign-compare -Wundef -Wunused -Wwrite-strings -Wcast-align -Wdeclaration-after-statement -Wempty-body -Wendif-labels -Wfloat-equal -Wignored-qualifiers -Wno-format-nonliteral -Wno-sign-conversion -Wno-system-headers -Wstrict-prototypes -Wtype-limits -Wvla -Wmissing-parameter-type -Wold-style-declaration -Wstrict-aliasing=3 -Wformat=2 -Warray-bounds=2 -ftree-vrp -Wduplicated-cond -Wnull-dereference -fdelete-null-pointer-checks -Wshift-negative-value -Wshift-overflow=2 -Walloc-zero -Wduplicated-branches -Wformat-overflow=2 -Wformat-truncation=1 -Wrestrict -Warith-conversion -Wdouble-promotion -Wenum-conversion -Wunused-const-variable  CMakeFiles/cmTC_21b39.dir/CheckSymbolExists.c.o -o cmTC_21b39  /usr/lib/x86_64-linux-gnu/libssl.so /usr/lib/x86_64-linux-gnu/libcrypto.so /usr/lib/x86_64-linux-gnu/libz.so 
gmake[1]: Leaving directory '/home/uhuj/skillbox_cpp/learn_cpp_tasks/out/build/GCC 12.2.0 x86_64-linux-gnu/CMakeFiles/CMakeScratch/TryCompile-9WmaHT'


File CheckSymbolExists.c:
/* */
#include <openssl/ssl.h>

int main(int argc, char** argv)
{
  (void)argv;
#ifndef SSL_CTX_set_srp_username
  return ((int*)(&SSL_CTX_set_srp_username))[argc];
#else
  (void)argc;
  return 0;
#endif
}
Performing C SOURCE FILE Test USE_UNIX_SOCKETS succeeded with the following output:
Change Dir: /home/uhuj/skillbox_cpp/learn_cpp_tasks/out/build/GCC 12.2.0 x86_64-linux-gnu/CMakeFiles/CMakeScratch/TryCompile-yH9Yk5

Run Build Command(s):/usr/bin/gmake -f Makefile cmTC_07363/fast && /usr/bin/gmake  -f CMakeFiles/cmTC_07363.dir/build.make CMakeFiles/cmTC_07363.dir/build
gmake[1]: Entering directory '/home/uhuj/skillbox_cpp/learn_cpp_tasks/out/build/GCC 12.2.0 x86_64-linux-gnu/CMakeFiles/CMakeScratch/TryCompile-yH9Yk5'
Building C object CMakeFiles/cmTC_07363.dir/src.c.o
/usr/bin/gcc -DUSE_UNIX_SOCKETS  -W -Wall -pedantic -Wbad-function-cast -Wconversion -Winline -Wmissing-declarations -Wmissing-prototypes -Wnested-externs -Wno-long-long -Wno-multichar -Wpointer-arith -Wshadow -Wsign-compare -Wundef -Wunused -Wwrite-strings -Wcast-align -Wdeclaration-after-statement -Wempty-body -Wendif-labels -Wfloat-equal -Wignored-qualifiers -Wno-format-nonliteral -Wno-sign-conversion -Wno-system-headers -Wstrict-prototypes -Wtype-limits -Wvla -Wmissing-parameter-type -Wold-style-declaration -Wstrict-aliasing=3 -Wformat=2 -Warray-bounds=2 -ftree-vrp -Wduplicated-cond -Wnull-dereference -fdelete-null-pointer-checks -Wshift-negative-value -Wshift-overflow=2 -Walloc-zero -Wduplicated-branches -Wformat-overflow=2 -Wformat-truncation=1 -Wrestrict -Warith-conversion -Wdouble-promotion -Wenum-conversion -Wunused-const-variable  -o CMakeFiles/cmTC_07363.dir/src.c.o -c "/home/uhuj/skillbox_cpp/learn_cpp_tasks/out/build/GCC 12.2.0 x86_64-linux-gnu/CMakeFiles/CMakeScratch/TryCompile-yH9Yk5/src.c"
/home/uhuj/skillbox_cpp/learn_cpp_tasks/out/build/GCC 12.2.0 x86_64-linux-gnu/CMakeFiles/CMakeScratch/TryCompile-yH9Yk5/src.c:4:5: warning: function declaration isn’t a prototype [-Wstrict-prototypes]
    4 | int main()
      |     ^~~~
Linking C executable cmTC_07363
/usr/bin/cmake -E cmake_link_script CMakeFiles/cmTC_07363.dir/link.txt --verbose=1
/usr/bin/gcc   -W -Wall -pedantic -Wbad-function-cast -Wconversion -Winline -Wmissing-declarations -Wmissing-prototypes -Wnested-externs -Wno-long-long -Wno-multichar -Wpointer-arith -Wshadow -Wsign-compare -Wundef -Wunused -Wwrite-strings -Wcast-align -Wdeclaration-after-statement -Wempty-body -Wendif-labels -Wfloat-equal -Wignored-qualifiers -Wno-format-nonliteral -Wno-sign-conversion -Wno-system-headers -Wstrict-prototypes -Wtype-limits -Wvla -Wmissing-parameter-type -Wold-style-declaration -Wstrict-aliasing=3 -Wformat=2 -Warray-bounds=2 -ftree-vrp -Wduplicated-cond -Wnull-dereference -fdelete-null-pointer-checks -Wshift-negative-value -Wshift-overflow=2 -Walloc-zero -Wduplicated-branches -Wformat-overflow=2 -Wformat-truncation=1 -Wrestrict -Warith-conversion -Wdouble-promotion -Wenum-conversion -Wunused-const-variable  CMakeFiles/cmTC_07363.dir/src.c.o -o cmTC_07363 
gmake[1]: Leaving directory '/home/uhuj/skillbox_cpp/learn_cpp_tasks/out/build/GCC 12.2.0 x86_64-linux-gnu/CMakeFiles/CMakeScratch/TryCompile-yH9Yk5'


Source file was:

#include <sys/un.h>

int main()
{
  (void)sizeof(((struct sockaddr_un *)0)->sun_path);
  return 0;
}


Determining if files ;inttypes.h exist passed with the following output:
Change Dir: /home/uhuj/skillbox_cpp/learn_cpp_tasks/out/build/GCC 12.2.0 x86_64-linux-gnu/CMakeFiles/CMakeScratch/TryCompile-jUlvoC

Run Build Command(s):/usr/bin/gmake -f Makefile cmTC_e152d/fast && /usr/bin/gmake  -f CMakeFiles/cmTC_e152d.dir/build.make CMakeFiles/cmTC_e152d.dir/build
gmake[1]: Entering directory '/home/uhuj/skillbox_cpp/learn_cpp_tasks/out/build/GCC 12.2.0 x86_64-linux-gnu/CMakeFiles/CMakeScratch/TryCompile-jUlvoC'
Building C object CMakeFiles/cmTC_e152d.dir/HAVE_INTTYPES_H.c.o
/usr/bin/gcc   -W -Wall -pedantic -Wbad-function-cast -Wconversion -Winline -Wmissing-declarations -Wmissing-prototypes -Wnested-externs -Wno-long-long -Wno-multichar -Wpointer-arith -Wshadow -Wsign-compare -Wundef -Wunused -Wwrite-strings -Wcast-align -Wdeclaration-after-statement -Wempty-body -Wendif-labels -Wfloat-equal -Wignored-qualifiers -Wno-format-nonliteral -Wno-sign-conversion -Wno-system-headers -Wstrict-prototypes -Wtype-limits -Wvla -Wmissing-parameter-type -Wold-style-declaration -Wstrict-aliasing=3 -Wformat=2 -Warray-bounds=2 -ftree-vrp -Wduplicated-cond -Wnull-dereference -fdelete-null-pointer-checks -Wshift-negative-value -Wshift-overflow=2 -Walloc-zero -Wduplicated-branches -Wformat-overflow=2 -Wformat-truncation=1 -Wrestrict -Warith-conversion -Wdouble-promotion -Wenum-conversion -Wunused-const-variable  -o CMakeFiles/cmTC_e152d.dir/HAVE_INTTYPES_H.c.o -c "/home/uhuj/skillbox_cpp/learn_cpp_tasks/out/build/GCC 12.2.0 x86_64-linux-gnu/CMakeFiles/CMakeScratch/TryCompile-jUlvoC/HAVE_INTTYPES_H.c"
Linking C executable cmTC_e152d
/usr/bin/cmake -E cmake_link_script CMakeFiles/cmTC_e152d.dir/link.txt --verbose=1
/usr/bin/gcc   -W -Wall -pedantic -Wbad-function-cast -Wconversion -Winline -Wmissing-declarations -Wmissing-prototypes -Wnested-externs -Wno-long-long -Wno-multichar -Wpointer-arith -Wshadow -Wsign-compare -Wundef -Wunused -Wwrite-strings -Wcast-align -Wdeclaration-after-statement -Wempty-body -Wendif-labels -Wfloat-equal -Wignored-qualifiers -Wno-format-nonliteral -Wno-sign-conversion -Wno-system-headers -Wstrict-prototypes -Wtype-limits -Wvla -Wmissing-parameter-type -Wold-style-declaration -Wstrict-aliasing=3 -Wformat=2 -Warray-bounds=2 -ftree-vrp -Wduplicated-cond -Wnull-dereference -fdelete-null-pointer-checks -Wshift-negative-value -Wshift-overflow=2 -Walloc-zero -Wduplicated-branches -Wformat-overflow=2 -Wformat-truncation=1 -Wrestrict -Warith-conversion -Wdouble-promotion -Wenum-conversion -Wunused-const-variable  CMakeFiles/cmTC_e152d.dir/HAVE_INTTYPES_H.c.o -o cmTC_e152d 
gmake[1]: Leaving directory '/home/uhuj/skillbox_cpp/learn_cpp_tasks/out/build/GCC 12.2.0 x86_64-linux-gnu/CMakeFiles/CMakeScratch/TryCompile-jUlvoC'



Determining if files inttypes.h;sys/wait.h exist passed with the following output:
Change Dir: /home/uhuj/skillbox_cpp/learn_cpp_tasks/out/build/GCC 12.2.0 x86_64-linux-gnu/CMakeFiles/CMakeScratch/TryCompile-onigLE

Run Build Command(s):/usr/bin/gmake -f Makefile cmTC_72fa2/fast && /usr/bin/gmake  -f CMakeFiles/cmTC_72fa2.dir/build.make CMakeFiles/cmTC_72fa2.dir/build
gmake[1]: Entering directory '/home/uhuj/skillbox_cpp/learn_cpp_tasks/out/build/GCC 12.2.0 x86_64-linux-gnu/CMakeFiles/CMakeScratch/TryCompile-onigLE'
Building C object CMakeFiles/cmTC_72fa2.dir/HAVE_SYS_WAIT_H.c.o
/usr/bin/gcc   -W -Wall -pedantic -Wbad-function-cast -Wconversion -Winline -Wmissing-declarations -Wmissing-prototypes -Wnested-externs -Wno-long-long -Wno-multichar -Wpointer-arith -Wshadow -Wsign-compare -Wundef -Wunused -Wwrite-strings -Wcast-align -Wdeclaration-after-statement -Wempty-body -Wendif-labels -Wfloat-equal -Wignored-qualifiers -Wno-format-nonliteral -Wno-sign-conversion -Wno-system-headers -Wstrict-prototypes -Wtype-limits -Wvla -Wmissing-parameter-type -Wold-style-declaration -Wstrict-aliasing=3 -Wformat=2 -Warray-bounds=2 -ftree-vrp -Wduplicated-cond -Wnull-dereference -fdelete-null-pointer-checks -Wshift-negative-value -Wshift-overflow=2 -Walloc-zero -Wduplicated-branches -Wformat-overflow=2 -Wformat-truncation=1 -Wrestrict -Warith-conversion -Wdouble-promotion -Wenum-conversion -Wunused-const-variable  -o CMakeFiles/cmTC_72fa2.dir/HAVE_SYS_WAIT_H.c.o -c "/home/uhuj/skillbox_cpp/learn_cpp_tasks/out/build/GCC 12.2.0 x86_64-linux-gnu/CMakeFiles/CMakeScratch/TryCompile-onigLE/HAVE_SYS_WAIT_H.c"
Linking C executable cmTC_72fa2
/usr/bin/cmake -E cmake_link_script CMakeFiles/cmTC_72fa2.dir/link.txt --verbose=1
/usr/bin/gcc   -W -Wall -pedantic -Wbad-function-cast -Wconversion -Winline -Wmissing-declarations -Wmissing-prototypes -Wnested-externs -Wno-long-long -Wno-multichar -Wpointer-arith -Wshadow -Wsign-compare -Wundef -Wunused -Wwrite-strings -Wcast-align -Wdeclaration-after-statement -Wempty-body -Wendif-labels -Wfloat-equal -Wignored-qualifiers -Wno-format-nonliteral -Wno-sign-conversion -Wno-system-headers -Wstrict-prototypes -Wtype-limits -Wvla -Wmissing-parameter-type -Wold-style-declaration -Wstrict-aliasing=3 -Wformat=2 -Warray-bounds=2 -ftree-vrp -Wduplicated-cond -Wnull-dereference -fdelete-null-pointer-checks -Wshift-negative-value -Wshift-overflow=2 -Walloc-zero -Wduplicated-branches -Wformat-overflow=2 -Wformat-truncation=1 -Wrestrict -Warith-conversion -Wdouble-promotion -Wenum-conversion -Wunused-const-variable  CMakeFiles/cmTC_72fa2.dir/HAVE_SYS_WAIT_H.c.o -o cmTC_72fa2 
gmake[1]: Leaving directory '/home/uhuj/skillbox_cpp/learn_cpp_tasks/out/build/GCC 12.2.0 x86_64-linux-gnu/CMakeFiles/CMakeScratch/TryCompile-onigLE'



Determining if files inttypes.h;sys/wait.h;sys/ioctl.h exist passed with the following output:
Change Dir: /home/uhuj/skillbox_cpp/learn_cpp_tasks/out/build/GCC 12.2.0 x86_64-linux-gnu/CMakeFiles/CMakeScratch/TryCompile-POmTZt

Run Build Command(s):/usr/bin/gmake -f Makefile cmTC_d7828/fast && /usr/bin/gmake  -f CMakeFiles/cmTC_d7828.dir/build.make CMakeFiles/cmTC_d7828.dir/build
gmake[1]: Entering directory '/home/uhuj/skillbox_cpp/learn_cpp_tasks/out/build/GCC 12.2.0 x86_64-linux-gnu/CMakeFiles/CMakeScratch/TryCompile-POmTZt'
Building C object CMakeFiles/cmTC_d7828.dir/HAVE_SYS_IOCTL_H.c.o
/usr/bin/gcc   -W -Wall -pedantic -Wbad-function-cast -Wconversion -Winline -Wmissing-declarations -Wmissing-prototypes -Wnested-externs -Wno-long-long -Wno-multichar -Wpointer-arith -Wshadow -Wsign-compare -Wundef -Wunused -Wwrite-strings -Wcast-align -Wdeclaration-after-statement -Wempty-body -Wendif-labels -Wfloat-equal -Wignored-qualifiers -Wno-format-nonliteral -Wno-sign-conversion -Wno-system-headers -Wstrict-prototypes -Wtype-limits -Wvla -Wmissing-parameter-type -Wold-style-declaration -Wstrict-aliasing=3 -Wformat=2 -Warray-bounds=2 -ftree-vrp -Wduplicated-cond -Wnull-dereference -fdelete-null-pointer-checks -Wshift-negative-value -Wshift-overflow=2 -Walloc-zero -Wduplicated-branches -Wformat-overflow=2 -Wformat-truncation=1 -Wrestrict -Warith-conversion -Wdouble-promotion -Wenum-conversion -Wunused-const-variable  -o CMakeFiles/cmTC_d7828.dir/HAVE_SYS_IOCTL_H.c.o -c "/home/uhuj/skillbox_cpp/learn_cpp_tasks/out/build/GCC 12.2.0 x86_64-linux-gnu/CMakeFiles/CMakeScratch/TryCompile-POmTZt/HAVE_SYS_IOCTL_H.c"
Linking C executable cmTC_d7828
/usr/bin/cmake -E cmake_link_script CMakeFiles/cmTC_d7828.dir/link.txt --verbose=1
/usr/bin/gcc   -W -Wall -pedantic -Wbad-function-cast -Wconversion -Winline -Wmissing-declarations -Wmissing-prototypes -Wnested-externs -Wno-long-long -Wno-multichar -Wpointer-arith -Wshadow -Wsign-compare -Wundef -Wunused -Wwrite-strings -Wcast-align -Wdeclaration-after-statement -Wempty-body -Wendif-labels -Wfloat-equal -Wignored-qualifiers -Wno-format-nonliteral -Wno-sign-conversion -Wno-system-headers -Wstrict-prototypes -Wtype-limits -Wvla -Wmissing-parameter-type -Wold-style-declaration -Wstrict-aliasing=3 -Wformat=2 -Warray-bounds=2 -ftree-vrp -Wduplicated-cond -Wnull-dereference -fdelete-null-pointer-checks -Wshift-negative-value -Wshift-overflow=2 -Walloc-zero -Wduplicated-branches -Wformat-overflow=2 -Wformat-truncation=1 -Wrestrict -Warith-conversion -Wdouble-promotion -Wenum-conversion -Wunused-const-variable  CMakeFiles/cmTC_d7828.dir/HAVE_SYS_IOCTL_H.c.o -o cmTC_d7828 
gmake[1]: Leaving directory '/home/uhuj/skillbox_cpp/learn_cpp_tasks/out/build/GCC 12.2.0 x86_64-linux-gnu/CMakeFiles/CMakeScratch/TryCompile-POmTZt'



Determining if files inttypes.h;sys/wait.h;sys/ioctl.h;sys/param.h exist passed with the following output:
Change Dir: /home/uhuj/skillbox_cpp/learn_cpp_tasks/out/build/GCC 12.2.0 x86_64-linux-gnu/CMakeFiles/CMakeScratch/TryCompile-G0hcsG

Run Build Command(s):/usr/bin/gmake -f Makefile cmTC_be8a0/fast && /usr/bin/gmake  -f CMakeFiles/cmTC_be8a0.dir/build.make CMakeFiles/cmTC_be8a0.dir/build
gmake[1]: Entering directory '/home/uhuj/skillbox_cpp/learn_cpp_tasks/out/build/GCC 12.2.0 x86_64-linux-gnu/CMakeFiles/CMakeScratch/TryCompile-G0hcsG'
Building C object CMakeFiles/cmTC_be8a0.dir/HAVE_SYS_PARAM_H.c.o
/usr/bin/gcc   -W -Wall -pedantic -Wbad-function-cast -Wconversion -Winline -Wmissing-declarations -Wmissing-prototypes -Wnested-externs -Wno-long-long -Wno-multichar -Wpointer-arith -Wshadow -Wsign-compare -Wundef -Wunused -Wwrite-strings -Wcast-align -Wdeclaration-after-statement -Wempty-body -Wendif-labels -Wfloat-equal -Wignored-qualifiers -Wno-format-nonliteral -Wno-sign-conversion -Wno-system-headers -Wstrict-prototypes -Wtype-limits -Wvla -Wmissing-parameter-type -Wold-style-declaration -Wstrict-aliasing=3 -Wformat=2 -Warray-bounds=2 -ftree-vrp -Wduplicated-cond -Wnull-dereference -fdelete-null-pointer-checks -Wshift-negative-value -Wshift-overflow=2 -Walloc-zero -Wduplicated-branches -Wformat-overflow=2 -Wformat-truncation=1 -Wrestrict -Warith-conversion -Wdouble-promotion -Wenum-conversion -Wunused-const-variable  -o CMakeFiles/cmTC_be8a0.dir/HAVE_SYS_PARAM_H.c.o -c "/home/uhuj/skillbox_cpp/learn_cpp_tasks/out/build/GCC 12.2.0 x86_64-linux-gnu/CMakeFiles/CMakeScratch/TryCompile-G0hcsG/HAVE_SYS_PARAM_H.c"
Linking C executable cmTC_be8a0
/usr/bin/cmake -E cmake_link_script CMakeFiles/cmTC_be8a0.dir/link.txt --verbose=1
/usr/bin/gcc   -W -Wall -pedantic -Wbad-function-cast -Wconversion -Winline -Wmissing-declarations -Wmissing-prototypes -Wnested-externs -Wno-long-long -Wno-multichar -Wpointer-arith -Wshadow -Wsign-compare -Wundef -Wunused -Wwrite-strings -Wcast-align -Wdeclaration-after-statement -Wempty-body -Wendif-labels -Wfloat-equal -Wignored-qualifiers -Wno-format-nonliteral -Wno-sign-conversion -Wno-system-headers -Wstrict-prototypes -Wtype-limits -Wvla -Wmissing-parameter-type -Wold-style-declaration -Wstrict-aliasing=3 -Wformat=2 -Warray-bounds=2 -ftree-vrp -Wduplicated-cond -Wnull-dereference -fdelete-null-pointer-checks -Wshift-negative-value -Wshift-overflow=2 -Walloc-zero -Wduplicated-branches -Wformat-overflow=2 -Wformat-truncation=1 -Wrestrict -Warith-conversion -Wdouble-promotion -Wenum-conversion -Wunused-const-variable  CMakeFiles/cmTC_be8a0.dir/HAVE_SYS_PARAM_H.c.o -o cmTC_be8a0 
gmake[1]: Leaving directory '/home/uhuj/skillbox_cpp/learn_cpp_tasks/out/build/GCC 12.2.0 x86_64-linux-gnu/CMakeFiles/CMakeScratch/TryCompile-G0hcsG'



Determining if files inttypes.h;sys/wait.h;sys/ioctl.h;sys/param.h;sys/poll.h exist passed with the following output:
Change Dir: /home/uhuj/skillbox_cpp/learn_cpp_tasks/out/build/GCC 12.2.0 x86_64-linux-gnu/CMakeFiles/CMakeScratch/TryCompile-WHJFDr

Run Build Command(s):/usr/bin/gmake -f Makefile cmTC_3531d/fast && /usr/bin/gmake  -f CMakeFiles/cmTC_3531d.dir/build.make CMakeFiles/cmTC_3531d.dir/build
gmake[1]: Entering directory '/home/uhuj/skillbox_cpp/learn_cpp_tasks/out/build/GCC 12.2.0 x86_64-linux-gnu/CMakeFiles/CMakeScratch/TryCompile-WHJFDr'
Building C object CMakeFiles/cmTC_3531d.dir/HAVE_SYS_POLL_H.c.o
/usr/bin/gcc   -W -Wall -pedantic -Wbad-function-cast -Wconversion -Winline -Wmissing-declarations -Wmissing-prototypes -Wnested-externs -Wno-long-long -Wno-multichar -Wpointer-arith -Wshadow -Wsign-compare -Wundef -Wunused -Wwrite-strings -Wcast-align -Wdeclaration-after-statement -Wempty-body -Wendif-labels -Wfloat-equal -Wignored-qualifiers -Wno-format-nonliteral -Wno-sign-conversion -Wno-system-headers -Wstrict-prototypes -Wtype-limits -Wvla -Wmissing-parameter-type -Wold-style-declaration -Wstrict-aliasing=3 -Wformat=2 -Warray-bounds=2 -ftree-vrp -Wduplicated-cond -Wnull-dereference -fdelete-null-pointer-checks -Wshift-negative-value -Wshift-overflow=2 -Walloc-zero -Wduplicated-branches -Wformat-overflow=2 -Wformat-truncation=1 -Wrestrict -Warith-conversion -Wdouble-promotion -Wenum-conversion -Wunused-const-variable  -o CMakeFiles/cmTC_3531d.dir/HAVE_SYS_POLL_H.c.o -c "/home/uhuj/skillbox_cpp/learn_cpp_tasks/out/build/GCC 12.2.0 x86_64-linux-gnu/CMakeFiles/CMakeScratch/TryCompile-WHJFDr/HAVE_SYS_POLL_H.c"
Linking C executable cmTC_3531d
/usr/bin/cmake -E cmake_link_script CMakeFiles/cmTC_3531d.dir/link.txt --verbose=1
/usr/bin/gcc   -W -Wall -pedantic -Wbad-function-cast -Wconversion -Winline -Wmissing-declarations -Wmissing-prototypes -Wnested-externs -Wno-long-long -Wno-multichar -Wpointer-arith -Wshadow -Wsign-compare -Wundef -Wunused -Wwrite-strings -Wcast-align -Wdeclaration-after-statement -Wempty-body -Wendif-labels -Wfloat-equal -Wignored-qualifiers -Wno-format-nonliteral -Wno-sign-conversion -Wno-system-headers -Wstrict-prototypes -Wtype-limits -Wvla -Wmissing-parameter-type -Wold-style-declaration -Wstrict-aliasing=3 -Wformat=2 -Warray-bounds=2 -ftree-vrp -Wduplicated-cond -Wnull-dereference -fdelete-null-pointer-checks -Wshift-negative-value -Wshift-overflow=2 -Walloc-zero -Wduplicated-branches -Wformat-overflow=2 -Wformat-truncation=1 -Wrestrict -Warith-conversion -Wdouble-promotion -Wenum-conversion -Wunused-const-variable  CMakeFiles/cmTC_3531d.dir/HAVE_SYS_POLL_H.c.o -o cmTC_3531d 
gmake[1]: Leaving directory '/home/uhuj/skillbox_cpp/learn_cpp_tasks/out/build/GCC 12.2.0 x86_64-linux-gnu/CMakeFiles/CMakeScratch/TryCompile-WHJFDr'



Determining if files inttypes.h;sys/wait.h;sys/ioctl.h;sys/param.h;sys/poll.h;sys/resource.h exist passed with the following output:
Change Dir: /home/uhuj/skillbox_cpp/learn_cpp_tasks/out/build/GCC 12.2.0 x86_64-linux-gnu/CMakeFiles/CMakeScratch/TryCompile-IlhVGg

Run Build Command(s):/usr/bin/gmake -f Makefile cmTC_ce6e7/fast && /usr/bin/gmake  -f CMakeFiles/cmTC_ce6e7.dir/build.make CMakeFiles/cmTC_ce6e7.dir/build
gmake[1]: Entering directory '/home/uhuj/skillbox_cpp/learn_cpp_tasks/out/build/GCC 12.2.0 x86_64-linux-gnu/CMakeFiles/CMakeScratch/TryCompile-IlhVGg'
Building C object CMakeFiles/cmTC_ce6e7.dir/HAVE_SYS_RESOURCE_H.c.o
/usr/bin/gcc   -W -Wall -pedantic -Wbad-function-cast -Wconversion -Winline -Wmissing-declarations -Wmissing-prototypes -Wnested-externs -Wno-long-long -Wno-multichar -Wpointer-arith -Wshadow -Wsign-compare -Wundef -Wunused -Wwrite-strings -Wcast-align -Wdeclaration-after-statement -Wempty-body -Wendif-labels -Wfloat-equal -Wignored-qualifiers -Wno-format-nonliteral -Wno-sign-conversion -Wno-system-headers -Wstrict-prototypes -Wtype-limits -Wvla -Wmissing-parameter-type -Wold-style-declaration -Wstrict-aliasing=3 -Wformat=2 -Warray-bounds=2 -ftree-vrp -Wduplicated-cond -Wnull-dereference -fdelete-null-pointer-checks -Wshift-negative-value -Wshift-overflow=2 -Walloc-zero -Wduplicated-branches -Wformat-overflow=2 -Wformat-truncation=1 -Wrestrict -Warith-conversion -Wdouble-promotion -Wenum-conversion -Wunused-const-variable  -o CMakeFiles/cmTC_ce6e7.dir/HAVE_SYS_RESOURCE_H.c.o -c "/home/uhuj/skillbox_cpp/learn_cpp_tasks/out/build/GCC 12.2.0 x86_64-linux-gnu/CMakeFiles/CMakeScratch/TryCompile-IlhVGg/HAVE_SYS_RESOURCE_H.c"
Linking C executable cmTC_ce6e7
/usr/bin/cmake -E cmake_link_script CMakeFiles/cmTC_ce6e7.dir/link.txt --verbose=1
/usr/bin/gcc   -W -Wall -pedantic -Wbad-function-cast -Wconversion -Winline -Wmissing-declarations -Wmissing-prototypes -Wnested-externs -Wno-long-long -Wno-multichar -Wpointer-arith -Wshadow -Wsign-compare -Wundef -Wunused -Wwrite-strings -Wcast-align -Wdeclaration-after-statement -Wempty-body -Wendif-labels -Wfloat-equal -Wignored-qualifiers -Wno-format-nonliteral -Wno-sign-conversion -Wno-system-headers -Wstrict-prototypes -Wtype-limits -Wvla -Wmissing-parameter-type -Wold-style-declaration -Wstrict-aliasing=3 -Wformat=2 -Warray-bounds=2 -ftree-vrp -Wduplicated-cond -Wnull-dereference -fdelete-null-pointer-checks -Wshift-negative-value -Wshift-overflow=2 -Walloc-zero -Wduplicated-branches -Wformat-overflow=2 -Wformat-truncation=1 -Wrestrict -Warith-conversion -Wdouble-promotion -Wenum-conversion -Wunused-const-variable  CMakeFiles/cmTC_ce6e7.dir/HAVE_SYS_RESOURCE_H.c.o -o cmTC_ce6e7 
gmake[1]: Leaving directory '/home/uhuj/skillbox_cpp/learn_cpp_tasks/out/build/GCC 12.2.0 x86_64-linux-gnu/CMakeFiles/CMakeScratch/TryCompile-IlhVGg'



Determining if files inttypes.h;sys/wait.h;sys/ioctl.h;sys/param.h;sys/poll.h;sys/resource.h;sys/select.h exist passed with the following output:
Change Dir: /home/uhuj/skillbox_cpp/learn_cpp_tasks/out/build/GCC 12.2.0 x86_64-linux-gnu/CMakeFiles/CMakeScratch/TryCompile-bbf4Rh

Run Build Command(s):/usr/bin/gmake -f Makefile cmTC_66463/fast && /usr/bin/gmake  -f CMakeFiles/cmTC_66463.dir/build.make CMakeFiles/cmTC_66463.dir/build
gmake[1]: Entering directory '/home/uhuj/skillbox_cpp/learn_cpp_tasks/out/build/GCC 12.2.0 x86_64-linux-gnu/CMakeFiles/CMakeScratch/TryCompile-bbf4Rh'
Building C object CMakeFiles/cmTC_66463.dir/HAVE_SYS_SELECT_H.c.o
/usr/bin/gcc   -W -Wall -pedantic -Wbad-function-cast -Wconversion -Winline -Wmissing-declarations -Wmissing-prototypes -Wnested-externs -Wno-long-long -Wno-multichar -Wpointer-arith -Wshadow -Wsign-compare -Wundef -Wunused -Wwrite-strings -Wcast-align -Wdeclaration-after-statement -Wempty-body -Wendif-labels -Wfloat-equal -Wignored-qualifiers -Wno-format-nonliteral -Wno-sign-conversion -Wno-system-headers -Wstrict-prototypes -Wtype-limits -Wvla -Wmissing-parameter-type -Wold-style-declaration -Wstrict-aliasing=3 -Wformat=2 -Warray-bounds=2 -ftree-vrp -Wduplicated-cond -Wnull-dereference -fdelete-null-pointer-checks -Wshift-negative-value -Wshift-overflow=2 -Walloc-zero -Wduplicated-branches -Wformat-overflow=2 -Wformat-truncation=1 -Wrestrict -Warith-conversion -Wdouble-promotion -Wenum-conversion -Wunused-const-variable  -o CMakeFiles/cmTC_66463.dir/HAVE_SYS_SELECT_H.c.o -c "/home/uhuj/skillbox_cpp/learn_cpp_tasks/out/build/GCC 12.2.0 x86_64-linux-gnu/CMakeFiles/CMakeScratch/TryCompile-bbf4Rh/HAVE_SYS_SELECT_H.c"
Linking C executable cmTC_66463
/usr/bin/cmake -E cmake_link_script CMakeFiles/cmTC_66463.dir/link.txt --verbose=1
/usr/bin/gcc   -W -Wall -pedantic -Wbad-function-cast -Wconversion -Winline -Wmissing-declarations -Wmissing-prototypes -Wnested-externs -Wno-long-long -Wno-multichar -Wpointer-arith -Wshadow -Wsign-compare -Wundef -Wunused -Wwrite-strings -Wcast-align -Wdeclaration-after-statement -Wempty-body -Wendif-labels -Wfloat-equal -Wignored-qualifiers -Wno-format-nonliteral -Wno-sign-conversion -Wno-system-headers -Wstrict-prototypes -Wtype-limits -Wvla -Wmissing-parameter-type -Wold-style-declaration -Wstrict-aliasing=3 -Wformat=2 -Warray-bounds=2 -ftree-vrp -Wduplicated-cond -Wnull-dereference -fdelete-null-pointer-checks -Wshift-negative-value -Wshift-overflow=2 -Walloc-zero -Wduplicated-branches -Wformat-overflow=2 -Wformat-truncation=1 -Wrestrict -Warith-conversion -Wdouble-promotion -Wenum-conversion -Wunused-const-variable  CMakeFiles/cmTC_66463.dir/HAVE_SYS_SELECT_H.c.o -o cmTC_66463 
gmake[1]: Leaving directory '/home/uhuj/skillbox_cpp/learn_cpp_tasks/out/build/GCC 12.2.0 x86_64-linux-gnu/CMakeFiles/CMakeScratch/TryCompile-bbf4Rh'



Determining if files inttypes.h;sys/wait.h;sys/ioctl.h;sys/param.h;sys/poll.h;sys/resource.h;sys/select.h;sys/socket.h exist passed with the following output:
Change Dir: /home/uhuj/skillbox_cpp/learn_cpp_tasks/out/build/GCC 12.2.0 x86_64-linux-gnu/CMakeFiles/CMakeScratch/TryCompile-WCq3eZ

Run Build Command(s):/usr/bin/gmake -f Makefile cmTC_91730/fast && /usr/bin/gmake  -f CMakeFiles/cmTC_91730.dir/build.make CMakeFiles/cmTC_91730.dir/build
gmake[1]: Entering directory '/home/uhuj/skillbox_cpp/learn_cpp_tasks/out/build/GCC 12.2.0 x86_64-linux-gnu/CMakeFiles/CMakeScratch/TryCompile-WCq3eZ'
Building C object CMakeFiles/cmTC_91730.dir/HAVE_SYS_SOCKET_H.c.o
/usr/bin/gcc   -W -Wall -pedantic -Wbad-function-cast -Wconversion -Winline -Wmissing-declarations -Wmissing-prototypes -Wnested-externs -Wno-long-long -Wno-multichar -Wpointer-arith -Wshadow -Wsign-compare -Wundef -Wunused -Wwrite-strings -Wcast-align -Wdeclaration-after-statement -Wempty-body -Wendif-labels -Wfloat-equal -Wignored-qualifiers -Wno-format-nonliteral -Wno-sign-conversion -Wno-system-headers -Wstrict-prototypes -Wtype-limits -Wvla -Wmissing-parameter-type -Wold-style-declaration -Wstrict-aliasing=3 -Wformat=2 -Warray-bounds=2 -ftree-vrp -Wduplicated-cond -Wnull-dereference -fdelete-null-pointer-checks -Wshift-negative-value -Wshift-overflow=2 -Walloc-zero -Wduplicated-branches -Wformat-overflow=2 -Wformat-truncation=1 -Wrestrict -Warith-conversion -Wdouble-promotion -Wenum-conversion -Wunused-const-variable  -o CMakeFiles/cmTC_91730.dir/HAVE_SYS_SOCKET_H.c.o -c "/home/uhuj/skillbox_cpp/learn_cpp_tasks/out/build/GCC 12.2.0 x86_64-linux-gnu/CMakeFiles/CMakeScratch/TryCompile-WCq3eZ/HAVE_SYS_SOCKET_H.c"
Linking C executable cmTC_91730
/usr/bin/cmake -E cmake_link_script CMakeFiles/cmTC_91730.dir/link.txt --verbose=1
/usr/bin/gcc   -W -Wall -pedantic -Wbad-function-cast -Wconversion -Winline -Wmissing-declarations -Wmissing-prototypes -Wnested-externs -Wno-long-long -Wno-multichar -Wpointer-arith -Wshadow -Wsign-compare -Wundef -Wunused -Wwrite-strings -Wcast-align -Wdeclaration-after-statement -Wempty-body -Wendif-labels -Wfloat-equal -Wignored-qualifiers -Wno-format-nonliteral -Wno-sign-conversion -Wno-system-headers -Wstrict-prototypes -Wtype-limits -Wvla -Wmissing-parameter-type -Wold-style-declaration -Wstrict-aliasing=3 -Wformat=2 -Warray-bounds=2 -ftree-vrp -Wduplicated-cond -Wnull-dereference -fdelete-null-pointer-checks -Wshift-negative-value -Wshift-overflow=2 -Walloc-zero -Wduplicated-branches -Wformat-overflow=2 -Wformat-truncation=1 -Wrestrict -Warith-conversion -Wdouble-promotion -Wenum-conversion -Wunused-const-variable  CMakeFiles/cmTC_91730.dir/HAVE_SYS_SOCKET_H.c.o -o cmTC_91730 
gmake[1]: Leaving directory '/home/uhuj/skillbox_cpp/learn_cpp_tasks/out/build/GCC 12.2.0 x86_64-linux-gnu/CMakeFiles/CMakeScratch/TryCompile-WCq3eZ'



Determining if files inttypes.h;sys/wait.h;sys/ioctl.h;sys/param.h;sys/poll.h;sys/resource.h;sys/select.h;sys/socket.h;sys/stat.h exist passed with the following output:
Change Dir: /home/uhuj/skillbox_cpp/learn_cpp_tasks/out/build/GCC 12.2.0 x86_64-linux-gnu/CMakeFiles/CMakeScratch/TryCompile-1yAgh8

Run Build Command(s):/usr/bin/gmake -f Makefile cmTC_40152/fast && /usr/bin/gmake  -f CMakeFiles/cmTC_40152.dir/build.make CMakeFiles/cmTC_40152.dir/build
gmake[1]: Entering directory '/home/uhuj/skillbox_cpp/learn_cpp_tasks/out/build/GCC 12.2.0 x86_64-linux-gnu/CMakeFiles/CMakeScratch/TryCompile-1yAgh8'
Building C object CMakeFiles/cmTC_40152.dir/HAVE_SYS_STAT_H.c.o
/usr/bin/gcc   -W -Wall -pedantic -Wbad-function-cast -Wconversion -Winline -Wmissing-declarations -Wmissing-prototypes -Wnested-externs -Wno-long-long -Wno-multichar -Wpointer-arith -Wshadow -Wsign-compare -Wundef -Wunused -Wwrite-strings -Wcast-align -Wdeclaration-after-statement -Wempty-body -Wendif-labels -Wfloat-equal -Wignored-qualifiers -Wno-format-nonliteral -Wno-sign-conversion -Wno-system-headers -Wstrict-prototypes -Wtype-limits -Wvla -Wmissing-parameter-type -Wold-style-declaration -Wstrict-aliasing=3 -Wformat=2 -Warray-bounds=2 -ftree-vrp -Wduplicated-cond -Wnull-dereference -fdelete-null-pointer-checks -Wshift-negative-value -Wshift-overflow=2 -Walloc-zero -Wduplicated-branches -Wformat-overflow=2 -Wformat-truncation=1 -Wrestrict -Warith-conversion -Wdouble-promotion -Wenum-conversion -Wunused-const-variable  -o CMakeFiles/cmTC_40152.dir/HAVE_SYS_STAT_H.c.o -c "/home/uhuj/skillbox_cpp/learn_cpp_tasks/out/build/GCC 12.2.0 x86_64-linux-gnu/CMakeFiles/CMakeScratch/TryCompile-1yAgh8/HAVE_SYS_STAT_H.c"
Linking C executable cmTC_40152
/usr/bin/cmake -E cmake_link_script CMakeFiles/cmTC_40152.dir/link.txt --verbose=1
/usr/bin/gcc   -W -Wall -pedantic -Wbad-function-cast -Wconversion -Winline -Wmissing-declarations -Wmissing-prototypes -Wnested-externs -Wno-long-long -Wno-multichar -Wpointer-arith -Wshadow -Wsign-compare -Wundef -Wunused -Wwrite-strings -Wcast-align -Wdeclaration-after-statement -Wempty-body -Wendif-labels -Wfloat-equal -Wignored-qualifiers -Wno-format-nonliteral -Wno-sign-conversion -Wno-system-headers -Wstrict-prototypes -Wtype-limits -Wvla -Wmissing-parameter-type -Wold-style-declaration -Wstrict-aliasing=3 -Wformat=2 -Warray-bounds=2 -ftree-vrp -Wduplicated-cond -Wnull-dereference -fdelete-null-pointer-checks -Wshift-negative-value -Wshift-overflow=2 -Walloc-zero -Wduplicated-branches -Wformat-overflow=2 -Wformat-truncation=1 -Wrestrict -Warith-conversion -Wdouble-promotion -Wenum-conversion -Wunused-const-variable  CMakeFiles/cmTC_40152.dir/HAVE_SYS_STAT_H.c.o -o cmTC_40152 
gmake[1]: Leaving directory '/home/uhuj/skillbox_cpp/learn_cpp_tasks/out/build/GCC 12.2.0 x86_64-linux-gnu/CMakeFiles/CMakeScratch/TryCompile-1yAgh8'



Determining if files inttypes.h;sys/wait.h;sys/ioctl.h;sys/param.h;sys/poll.h;sys/resource.h;sys/select.h;sys/socket.h;sys/stat.h;sys/time.h exist passed with the following output:
Change Dir: /home/uhuj/skillbox_cpp/learn_cpp_tasks/out/build/GCC 12.2.0 x86_64-linux-gnu/CMakeFiles/CMakeScratch/TryCompile-szVbdZ

Run Build Command(s):/usr/bin/gmake -f Makefile cmTC_94b32/fast && /usr/bin/gmake  -f CMakeFiles/cmTC_94b32.dir/build.make CMakeFiles/cmTC_94b32.dir/build
gmake[1]: Entering directory '/home/uhuj/skillbox_cpp/learn_cpp_tasks/out/build/GCC 12.2.0 x86_64-linux-gnu/CMakeFiles/CMakeScratch/TryCompile-szVbdZ'
Building C object CMakeFiles/cmTC_94b32.dir/HAVE_SYS_TIME_H.c.o
/usr/bin/gcc   -W -Wall -pedantic -Wbad-function-cast -Wconversion -Winline -Wmissing-declarations -Wmissing-prototypes -Wnested-externs -Wno-long-long -Wno-multichar -Wpointer-arith -Wshadow -Wsign-compare -Wundef -Wunused -Wwrite-strings -Wcast-align -Wdeclaration-after-statement -Wempty-body -Wendif-labels -Wfloat-equal -Wignored-qualifiers -Wno-format-nonliteral -Wno-sign-conversion -Wno-system-headers -Wstrict-prototypes -Wtype-limits -Wvla -Wmissing-parameter-type -Wold-style-declaration -Wstrict-aliasing=3 -Wformat=2 -Warray-bounds=2 -ftree-vrp -Wduplicated-cond -Wnull-dereference -fdelete-null-pointer-checks -Wshift-negative-value -Wshift-overflow=2 -Walloc-zero -Wduplicated-branches -Wformat-overflow=2 -Wformat-truncation=1 -Wrestrict -Warith-conversion -Wdouble-promotion -Wenum-conversion -Wunused-const-variable  -o CMakeFiles/cmTC_94b32.dir/HAVE_SYS_TIME_H.c.o -c "/home/uhuj/skillbox_cpp/learn_cpp_tasks/out/build/GCC 12.2.0 x86_64-linux-gnu/CMakeFiles/CMakeScratch/TryCompile-szVbdZ/HAVE_SYS_TIME_H.c"
Linking C executable cmTC_94b32
/usr/bin/cmake -E cmake_link_script CMakeFiles/cmTC_94b32.dir/link.txt --verbose=1
/usr/bin/gcc   -W -Wall -pedantic -Wbad-function-cast -Wconversion -Winline -Wmissing-declarations -Wmissing-prototypes -Wnested-externs -Wno-long-long -Wno-multichar -Wpointer-arith -Wshadow -Wsign-compare -Wundef -Wunused -Wwrite-strings -Wcast-align -Wdeclaration-after-statement -Wempty-body -Wendif-labels -Wfloat-equal -Wignored-qualifiers -Wno-format-nonliteral -Wno-sign-conversion -Wno-system-headers -Wstrict-prototypes -Wtype-limits -Wvla -Wmissing-parameter-type -Wold-style-declaration -Wstrict-aliasing=3 -Wformat=2 -Warray-bounds=2 -ftree-vrp -Wduplicated-cond -Wnull-dereference -fdelete-null-pointer-checks -Wshift-negative-value -Wshift-overflow=2 -Walloc-zero -Wduplicated-branches -Wformat-overflow=2 -Wformat-truncation=1 -Wrestrict -Warith-conversion -Wdouble-promotion -Wenum-conversion -Wunused-const-variable  CMakeFiles/cmTC_94b32.dir/HAVE_SYS_TIME_H.c.o -o cmTC_94b32 
gmake[1]: Leaving directory '/home/uhuj/skillbox_cpp/learn_cpp_tasks/out/build/GCC 12.2.0 x86_64-linux-gnu/CMakeFiles/CMakeScratch/TryCompile-szVbdZ'



Determining if files inttypes.h;sys/wait.h;sys/ioctl.h;sys/param.h;sys/poll.h;sys/resource.h;sys/select.h;sys/socket.h;sys/stat.h;sys/time.h;sys/types.h;sys/un.h exist passed with the following output:
Change Dir: /home/uhuj/skillbox_cpp/learn_cpp_tasks/out/build/GCC 12.2.0 x86_64-linux-gnu/CMakeFiles/CMakeScratch/TryCompile-LvqIQa

Run Build Command(s):/usr/bin/gmake -f Makefile cmTC_41a0a/fast && /usr/bin/gmake  -f CMakeFiles/cmTC_41a0a.dir/build.make CMakeFiles/cmTC_41a0a.dir/build
gmake[1]: Entering directory '/home/uhuj/skillbox_cpp/learn_cpp_tasks/out/build/GCC 12.2.0 x86_64-linux-gnu/CMakeFiles/CMakeScratch/TryCompile-LvqIQa'
Building C object CMakeFiles/cmTC_41a0a.dir/HAVE_SYS_UN_H.c.o
/usr/bin/gcc   -W -Wall -pedantic -Wbad-function-cast -Wconversion -Winline -Wmissing-declarations -Wmissing-prototypes -Wnested-externs -Wno-long-long -Wno-multichar -Wpointer-arith -Wshadow -Wsign-compare -Wundef -Wunused -Wwrite-strings -Wcast-align -Wdeclaration-after-statement -Wempty-body -Wendif-labels -Wfloat-equal -Wignored-qualifiers -Wno-format-nonliteral -Wno-sign-conversion -Wno-system-headers -Wstrict-prototypes -Wtype-limits -Wvla -Wmissing-parameter-type -Wold-style-declaration -Wstrict-aliasing=3 -Wformat=2 -Warray-bounds=2 -ftree-vrp -Wduplicated-cond -Wnull-dereference -fdelete-null-pointer-checks -Wshift-negative-value -Wshift-overflow=2 -Walloc-zero -Wduplicated-branches -Wformat-overflow=2 -Wformat-truncation=1 -Wrestrict -Warith-conversion -Wdouble-promotion -Wenum-conversion -Wunused-const-variable  -o CMakeFiles/cmTC_41a0a.dir/HAVE_SYS_UN_H.c.o -c "/home/uhuj/skillbox_cpp/learn_cpp_tasks/out/build/GCC 12.2.0 x86_64-linux-gnu/CMakeFiles/CMakeScratch/TryCompile-LvqIQa/HAVE_SYS_UN_H.c"
Linking C executable cmTC_41a0a
/usr/bin/cmake -E cmake_link_script CMakeFiles/cmTC_41a0a.dir/link.txt --verbose=1
/usr/bin/gcc   -W -Wall -pedantic -Wbad-function-cast -Wconversion -Winline -Wmissing-declarations -Wmissing-prototypes -Wnested-externs -Wno-long-long -Wno-multichar -Wpointer-arith -Wshadow -Wsign-compare -Wundef -Wunused -Wwrite-strings -Wcast-align -Wdeclaration-after-statement -Wempty-body -Wendif-labels -Wfloat-equal -Wignored-qualifiers -Wno-format-nonliteral -Wno-sign-conversion -Wno-system-headers -Wstrict-prototypes -Wtype-limits -Wvla -Wmissing-parameter-type -Wold-style-declaration -Wstrict-aliasing=3 -Wformat=2 -Warray-bounds=2 -ftree-vrp -Wduplicated-cond -Wnull-dereference -fdelete-null-pointer-checks -Wshift-negative-value -Wshift-overflow=2 -Walloc-zero -Wduplicated-branches -Wformat-overflow=2 -Wformat-truncation=1 -Wrestrict -Warith-conversion -Wdouble-promotion -Wenum-conversion -Wunused-const-variable  CMakeFiles/cmTC_41a0a.dir/HAVE_SYS_UN_H.c.o -o cmTC_41a0a 
gmake[1]: Leaving directory '/home/uhuj/skillbox_cpp/learn_cpp_tasks/out/build/GCC 12.2.0 x86_64-linux-gnu/CMakeFiles/CMakeScratch/TryCompile-LvqIQa'



Determining if files inttypes.h;sys/wait.h;sys/ioctl.h;sys/param.h;sys/poll.h;sys/resource.h;sys/select.h;sys/socket.h;sys/stat.h;sys/time.h;sys/types.h;sys/un.h;sys/xattr.h exist passed with the following output:
Change Dir: /home/uhuj/skillbox_cpp/learn_cpp_tasks/out/build/GCC 12.2.0 x86_64-linux-gnu/CMakeFiles/CMakeScratch/TryCompile-kJ5txq

Run Build Command(s):/usr/bin/gmake -f Makefile cmTC_a7cca/fast && /usr/bin/gmake  -f CMakeFiles/cmTC_a7cca.dir/build.make CMakeFiles/cmTC_a7cca.dir/build
gmake[1]: Entering directory '/home/uhuj/skillbox_cpp/learn_cpp_tasks/out/build/GCC 12.2.0 x86_64-linux-gnu/CMakeFiles/CMakeScratch/TryCompile-kJ5txq'
Building C object CMakeFiles/cmTC_a7cca.dir/HAVE_SYS_XATTR_H.c.o
/usr/bin/gcc   -W -Wall -pedantic -Wbad-function-cast -Wconversion -Winline -Wmissing-declarations -Wmissing-prototypes -Wnested-externs -Wno-long-long -Wno-multichar -Wpointer-arith -Wshadow -Wsign-compare -Wundef -Wunused -Wwrite-strings -Wcast-align -Wdeclaration-after-statement -Wempty-body -Wendif-labels -Wfloat-equal -Wignored-qualifiers -Wno-format-nonliteral -Wno-sign-conversion -Wno-system-headers -Wstrict-prototypes -Wtype-limits -Wvla -Wmissing-parameter-type -Wold-style-declaration -Wstrict-aliasing=3 -Wformat=2 -Warray-bounds=2 -ftree-vrp -Wduplicated-cond -Wnull-dereference -fdelete-null-pointer-checks -Wshift-negative-value -Wshift-overflow=2 -Walloc-zero -Wduplicated-branches -Wformat-overflow=2 -Wformat-truncation=1 -Wrestrict -Warith-conversion -Wdouble-promotion -Wenum-conversion -Wunused-const-variable  -o CMakeFiles/cmTC_a7cca.dir/HAVE_SYS_XATTR_H.c.o -c "/home/uhuj/skillbox_cpp/learn_cpp_tasks/out/build/GCC 12.2.0 x86_64-linux-gnu/CMakeFiles/CMakeScratch/TryCompile-kJ5txq/HAVE_SYS_XATTR_H.c"
Linking C executable cmTC_a7cca
/usr/bin/cmake -E cmake_link_script CMakeFiles/cmTC_a7cca.dir/link.txt --verbose=1
/usr/bin/gcc   -W -Wall -pedantic -Wbad-function-cast -Wconversion -Winline -Wmissing-declarations -Wmissing-prototypes -Wnested-externs -Wno-long-long -Wno-multichar -Wpointer-arith -Wshadow -Wsign-compare -Wundef -Wunused -Wwrite-strings -Wcast-align -Wdeclaration-after-statement -Wempty-body -Wendif-labels -Wfloat-equal -Wignored-qualifiers -Wno-format-nonliteral -Wno-sign-conversion -Wno-system-headers -Wstrict-prototypes -Wtype-limits -Wvla -Wmissing-parameter-type -Wold-style-declaration -Wstrict-aliasing=3 -Wformat=2 -Warray-bounds=2 -ftree-vrp -Wduplicated-cond -Wnull-dereference -fdelete-null-pointer-checks -Wshift-negative-value -Wshift-overflow=2 -Walloc-zero -Wduplicated-branches -Wformat-overflow=2 -Wformat-truncation=1 -Wrestrict -Warith-conversion -Wdouble-promotion -Wenum-conversion -Wunused-const-variable  CMakeFiles/cmTC_a7cca.dir/HAVE_SYS_XATTR_H.c.o -o cmTC_a7cca 
gmake[1]: Leaving directory '/home/uhuj/skillbox_cpp/learn_cpp_tasks/out/build/GCC 12.2.0 x86_64-linux-gnu/CMakeFiles/CMakeScratch/TryCompile-kJ5txq'



Determining if files inttypes.h;sys/wait.h;sys/ioctl.h;sys/param.h;sys/poll.h;sys/resource.h;sys/select.h;sys/socket.h;sys/stat.h;sys/time.h;sys/types.h;sys/un.h;sys/xattr.h;arpa/inet.h exist passed with the following output:
Change Dir: /home/uhuj/skillbox_cpp/learn_cpp_tasks/out/build/GCC 12.2.0 x86_64-linux-gnu/CMakeFiles/CMakeScratch/TryCompile-cxhEtm

Run Build Command(s):/usr/bin/gmake -f Makefile cmTC_8f889/fast && /usr/bin/gmake  -f CMakeFiles/cmTC_8f889.dir/build.make CMakeFiles/cmTC_8f889.dir/build
gmake[1]: Entering directory '/home/uhuj/skillbox_cpp/learn_cpp_tasks/out/build/GCC 12.2.0 x86_64-linux-gnu/CMakeFiles/CMakeScratch/TryCompile-cxhEtm'
Building C object CMakeFiles/cmTC_8f889.dir/HAVE_ARPA_INET_H.c.o
/usr/bin/gcc   -W -Wall -pedantic -Wbad-function-cast -Wconversion -Winline -Wmissing-declarations -Wmissing-prototypes -Wnested-externs -Wno-long-long -Wno-multichar -Wpointer-arith -Wshadow -Wsign-compare -Wundef -Wunused -Wwrite-strings -Wcast-align -Wdeclaration-after-statement -Wempty-body -Wendif-labels -Wfloat-equal -Wignored-qualifiers -Wno-format-nonliteral -Wno-sign-conversion -Wno-system-headers -Wstrict-prototypes -Wtype-limits -Wvla -Wmissing-parameter-type -Wold-style-declaration -Wstrict-aliasing=3 -Wformat=2 -Warray-bounds=2 -ftree-vrp -Wduplicated-cond -Wnull-dereference -fdelete-null-pointer-checks -Wshift-negative-value -Wshift-overflow=2 -Walloc-zero -Wduplicated-branches -Wformat-overflow=2 -Wformat-truncation=1 -Wrestrict -Warith-conversion -Wdouble-promotion -Wenum-conversion -Wunused-const-variable  -o CMakeFiles/cmTC_8f889.dir/HAVE_ARPA_INET_H.c.o -c "/home/uhuj/skillbox_cpp/learn_cpp_tasks/out/build/GCC 12.2.0 x86_64-linux-gnu/CMakeFiles/CMakeScratch/TryCompile-cxhEtm/HAVE_ARPA_INET_H.c"
Linking C executable cmTC_8f889
/usr/bin/cmake -E cmake_link_script CMakeFiles/cmTC_8f889.dir/link.txt --verbose=1
/usr/bin/gcc   -W -Wall -pedantic -Wbad-function-cast -Wconversion -Winline -Wmissing-declarations -Wmissing-prototypes -Wnested-externs -Wno-long-long -Wno-multichar -Wpointer-arith -Wshadow -Wsign-compare -Wundef -Wunused -Wwrite-strings -Wcast-align -Wdeclaration-after-statement -Wempty-body -Wendif-labels -Wfloat-equal -Wignored-qualifiers -Wno-format-nonliteral -Wno-sign-conversion -Wno-system-headers -Wstrict-prototypes -Wtype-limits -Wvla -Wmissing-parameter-type -Wold-style-declaration -Wstrict-aliasing=3 -Wformat=2 -Warray-bounds=2 -ftree-vrp -Wduplicated-cond -Wnull-dereference -fdelete-null-pointer-checks -Wshift-negative-value -Wshift-overflow=2 -Walloc-zero -Wduplicated-branches -Wformat-overflow=2 -Wformat-truncation=1 -Wrestrict -Warith-conversion -Wdouble-promotion -Wenum-conversion -Wunused-const-variable  CMakeFiles/cmTC_8f889.dir/HAVE_ARPA_INET_H.c.o -o cmTC_8f889 
gmake[1]: Leaving directory '/home/uhuj/skillbox_cpp/learn_cpp_tasks/out/build/GCC 12.2.0 x86_64-linux-gnu/CMakeFiles/CMakeScratch/TryCompile-cxhEtm'



Determining if files inttypes.h;sys/wait.h;sys/ioctl.h;sys/param.h;sys/poll.h;sys/resource.h;sys/select.h;sys/socket.h;sys/stat.h;sys/time.h;sys/types.h;sys/un.h;sys/xattr.h;arpa/inet.h;fcntl.h exist passed with the following output:
Change Dir: /home/uhuj/skillbox_cpp/learn_cpp_tasks/out/build/GCC 12.2.0 x86_64-linux-gnu/CMakeFiles/CMakeScratch/TryCompile-NbPet4

Run Build Command(s):/usr/bin/gmake -f Makefile cmTC_aee55/fast && /usr/bin/gmake  -f CMakeFiles/cmTC_aee55.dir/build.make CMakeFiles/cmTC_aee55.dir/build
gmake[1]: Entering directory '/home/uhuj/skillbox_cpp/learn_cpp_tasks/out/build/GCC 12.2.0 x86_64-linux-gnu/CMakeFiles/CMakeScratch/TryCompile-NbPet4'
Building C object CMakeFiles/cmTC_aee55.dir/HAVE_FCNTL_H.c.o
/usr/bin/gcc   -W -Wall -pedantic -Wbad-function-cast -Wconversion -Winline -Wmissing-declarations -Wmissing-prototypes -Wnested-externs -Wno-long-long -Wno-multichar -Wpointer-arith -Wshadow -Wsign-compare -Wundef -Wunused -Wwrite-strings -Wcast-align -Wdeclaration-after-statement -Wempty-body -Wendif-labels -Wfloat-equal -Wignored-qualifiers -Wno-format-nonliteral -Wno-sign-conversion -Wno-system-headers -Wstrict-prototypes -Wtype-limits -Wvla -Wmissing-parameter-type -Wold-style-declaration -Wstrict-aliasing=3 -Wformat=2 -Warray-bounds=2 -ftree-vrp -Wduplicated-cond -Wnull-dereference -fdelete-null-pointer-checks -Wshift-negative-value -Wshift-overflow=2 -Walloc-zero -Wduplicated-branches -Wformat-overflow=2 -Wformat-truncation=1 -Wrestrict -Warith-conversion -Wdouble-promotion -Wenum-conversion -Wunused-const-variable  -o CMakeFiles/cmTC_aee55.dir/HAVE_FCNTL_H.c.o -c "/home/uhuj/skillbox_cpp/learn_cpp_tasks/out/build/GCC 12.2.0 x86_64-linux-gnu/CMakeFiles/CMakeScratch/TryCompile-NbPet4/HAVE_FCNTL_H.c"
Linking C executable cmTC_aee55
/usr/bin/cmake -E cmake_link_script CMakeFiles/cmTC_aee55.dir/link.txt --verbose=1
/usr/bin/gcc   -W -Wall -pedantic -Wbad-function-cast -Wconversion -Winline -Wmissing-declarations -Wmissing-prototypes -Wnested-externs -Wno-long-long -Wno-multichar -Wpointer-arith -Wshadow -Wsign-compare -Wundef -Wunused -Wwrite-strings -Wcast-align -Wdeclaration-after-statement -Wempty-body -Wendif-labels -Wfloat-equal -Wignored-qualifiers -Wno-format-nonliteral -Wno-sign-conversion -Wno-system-headers -Wstrict-prototypes -Wtype-limits -Wvla -Wmissing-parameter-type -Wold-style-declaration -Wstrict-aliasing=3 -Wformat=2 -Warray-bounds=2 -ftree-vrp -Wduplicated-cond -Wnull-dereference -fdelete-null-pointer-checks -Wshift-negative-value -Wshift-overflow=2 -Walloc-zero -Wduplicated-branches -Wformat-overflow=2 -Wformat-truncation=1 -Wrestrict -Warith-conversion -Wdouble-promotion -Wenum-conversion -Wunused-const-variable  CMakeFiles/cmTC_aee55.dir/HAVE_FCNTL_H.c.o -o cmTC_aee55 
gmake[1]: Leaving directory '/home/uhuj/skillbox_cpp/learn_cpp_tasks/out/build/GCC 12.2.0 x86_64-linux-gnu/CMakeFiles/CMakeScratch/TryCompile-NbPet4'



Determining if files inttypes.h;sys/wait.h;sys/ioctl.h;sys/param.h;sys/poll.h;sys/resource.h;sys/select.h;sys/socket.h;sys/stat.h;sys/time.h;sys/types.h;sys/un.h;sys/xattr.h;arpa/inet.h;fcntl.h;ifaddrs.h exist passed with the following output:
Change Dir: /home/uhuj/skillbox_cpp/learn_cpp_tasks/out/build/GCC 12.2.0 x86_64-linux-gnu/CMakeFiles/CMakeScratch/TryCompile-B3Dxrh

Run Build Command(s):/usr/bin/gmake -f Makefile cmTC_d2e7b/fast && /usr/bin/gmake  -f CMakeFiles/cmTC_d2e7b.dir/build.make CMakeFiles/cmTC_d2e7b.dir/build
gmake[1]: Entering directory '/home/uhuj/skillbox_cpp/learn_cpp_tasks/out/build/GCC 12.2.0 x86_64-linux-gnu/CMakeFiles/CMakeScratch/TryCompile-B3Dxrh'
Building C object CMakeFiles/cmTC_d2e7b.dir/HAVE_IFADDRS_H.c.o
/usr/bin/gcc   -W -Wall -pedantic -Wbad-function-cast -Wconversion -Winline -Wmissing-declarations -Wmissing-prototypes -Wnested-externs -Wno-long-long -Wno-multichar -Wpointer-arith -Wshadow -Wsign-compare -Wundef -Wunused -Wwrite-strings -Wcast-align -Wdeclaration-after-statement -Wempty-body -Wendif-labels -Wfloat-equal -Wignored-qualifiers -Wno-format-nonliteral -Wno-sign-conversion -Wno-system-headers -Wstrict-prototypes -Wtype-limits -Wvla -Wmissing-parameter-type -Wold-style-declaration -Wstrict-aliasing=3 -Wformat=2 -Warray-bounds=2 -ftree-vrp -Wduplicated-cond -Wnull-dereference -fdelete-null-pointer-checks -Wshift-negative-value -Wshift-overflow=2 -Walloc-zero -Wduplicated-branches -Wformat-overflow=2 -Wformat-truncation=1 -Wrestrict -Warith-conversion -Wdouble-promotion -Wenum-conversion -Wunused-const-variable  -o CMakeFiles/cmTC_d2e7b.dir/HAVE_IFADDRS_H.c.o -c "/home/uhuj/skillbox_cpp/learn_cpp_tasks/out/build/GCC 12.2.0 x86_64-linux-gnu/CMakeFiles/CMakeScratch/TryCompile-B3Dxrh/HAVE_IFADDRS_H.c"
Linking C executable cmTC_d2e7b
/usr/bin/cmake -E cmake_link_script CMakeFiles/cmTC_d2e7b.dir/link.txt --verbose=1
/usr/bin/gcc   -W -Wall -pedantic -Wbad-function-cast -Wconversion -Winline -Wmissing-declarations -Wmissing-prototypes -Wnested-externs -Wno-long-long -Wno-multichar -Wpointer-arith -Wshadow -Wsign-compare -Wundef -Wunused -Wwrite-strings -Wcast-align -Wdeclaration-after-statement -Wempty-body -Wendif-labels -Wfloat-equal -Wignored-qualifiers -Wno-format-nonliteral -Wno-sign-conversion -Wno-system-headers -Wstrict-prototypes -Wtype-limits -Wvla -Wmissing-parameter-type -Wold-style-declaration -Wstrict-aliasing=3 -Wformat=2 -Warray-bounds=2 -ftree-vrp -Wduplicated-cond -Wnull-dereference -fdelete-null-pointer-checks -Wshift-negative-value -Wshift-overflow=2 -Walloc-zero -Wduplicated-branches -Wformat-overflow=2 -Wformat-truncation=1 -Wrestrict -Warith-conversion -Wdouble-promotion -Wenum-conversion -Wunused-const-variable  CMakeFiles/cmTC_d2e7b.dir/HAVE_IFADDRS_H.c.o -o cmTC_d2e7b 
gmake[1]: Leaving directory '/home/uhuj/skillbox_cpp/learn_cpp_tasks/out/build/GCC 12.2.0 x86_64-linux-gnu/CMakeFiles/CMakeScratch/TryCompile-B3Dxrh'



Determining if files inttypes.h;sys/wait.h;sys/ioctl.h;sys/param.h;sys/poll.h;sys/resource.h;sys/select.h;sys/socket.h;sys/stat.h;sys/time.h;sys/types.h;sys/un.h;sys/xattr.h;arpa/inet.h;fcntl.h;ifaddrs.h;libgen.h exist passed with the following output:
Change Dir: /home/uhuj/skillbox_cpp/learn_cpp_tasks/out/build/GCC 12.2.0 x86_64-linux-gnu/CMakeFiles/CMakeScratch/TryCompile-BEzFdE

Run Build Command(s):/usr/bin/gmake -f Makefile cmTC_08d00/fast && /usr/bin/gmake  -f CMakeFiles/cmTC_08d00.dir/build.make CMakeFiles/cmTC_08d00.dir/build
gmake[1]: Entering directory '/home/uhuj/skillbox_cpp/learn_cpp_tasks/out/build/GCC 12.2.0 x86_64-linux-gnu/CMakeFiles/CMakeScratch/TryCompile-BEzFdE'
Building C object CMakeFiles/cmTC_08d00.dir/HAVE_LIBGEN_H.c.o
/usr/bin/gcc   -W -Wall -pedantic -Wbad-function-cast -Wconversion -Winline -Wmissing-declarations -Wmissing-prototypes -Wnested-externs -Wno-long-long -Wno-multichar -Wpointer-arith -Wshadow -Wsign-compare -Wundef -Wunused -Wwrite-strings -Wcast-align -Wdeclaration-after-statement -Wempty-body -Wendif-labels -Wfloat-equal -Wignored-qualifiers -Wno-format-nonliteral -Wno-sign-conversion -Wno-system-headers -Wstrict-prototypes -Wtype-limits -Wvla -Wmissing-parameter-type -Wold-style-declaration -Wstrict-aliasing=3 -Wformat=2 -Warray-bounds=2 -ftree-vrp -Wduplicated-cond -Wnull-dereference -fdelete-null-pointer-checks -Wshift-negative-value -Wshift-overflow=2 -Walloc-zero -Wduplicated-branches -Wformat-overflow=2 -Wformat-truncation=1 -Wrestrict -Warith-conversion -Wdouble-promotion -Wenum-conversion -Wunused-const-variable  -o CMakeFiles/cmTC_08d00.dir/HAVE_LIBGEN_H.c.o -c "/home/uhuj/skillbox_cpp/learn_cpp_tasks/out/build/GCC 12.2.0 x86_64-linux-gnu/CMakeFiles/CMakeScratch/TryCompile-BEzFdE/HAVE_LIBGEN_H.c"
Linking C executable cmTC_08d00
/usr/bin/cmake -E cmake_link_script CMakeFiles/cmTC_08d00.dir/link.txt --verbose=1
/usr/bin/gcc   -W -Wall -pedantic -Wbad-function-cast -Wconversion -Winline -Wmissing-declarations -Wmissing-prototypes -Wnested-externs -Wno-long-long -Wno-multichar -Wpointer-arith -Wshadow -Wsign-compare -Wundef -Wunused -Wwrite-strings -Wcast-align -Wdeclaration-after-statement -Wempty-body -Wendif-labels -Wfloat-equal -Wignored-qualifiers -Wno-format-nonliteral -Wno-sign-conversion -Wno-system-headers -Wstrict-prototypes -Wtype-limits -Wvla -Wmissing-parameter-type -Wold-style-declaration -Wstrict-aliasing=3 -Wformat=2 -Warray-bounds=2 -ftree-vrp -Wduplicated-cond -Wnull-dereference -fdelete-null-pointer-checks -Wshift-negative-value -Wshift-overflow=2 -Walloc-zero -Wduplicated-branches -Wformat-overflow=2 -Wformat-truncation=1 -Wrestrict -Warith-conversion -Wdouble-promotion -Wenum-conversion -Wunused-const-variable  CMakeFiles/cmTC_08d00.dir/HAVE_LIBGEN_H.c.o -o cmTC_08d00 
gmake[1]: Leaving directory '/home/uhuj/skillbox_cpp/learn_cpp_tasks/out/build/GCC 12.2.0 x86_64-linux-gnu/CMakeFiles/CMakeScratch/TryCompile-BEzFdE'



Determining if files inttypes.h;sys/wait.h;sys/ioctl.h;sys/param.h;sys/poll.h;sys/resource.h;sys/select.h;sys/socket.h;sys/stat.h;sys/time.h;sys/types.h;sys/un.h;sys/xattr.h;arpa/inet.h;fcntl.h;ifaddrs.h;libgen.h;locale.h exist passed with the following output:
Change Dir: /home/uhuj/skillbox_cpp/learn_cpp_tasks/out/build/GCC 12.2.0 x86_64-linux-gnu/CMakeFiles/CMakeScratch/TryCompile-xk2W8J

Run Build Command(s):/usr/bin/gmake -f Makefile cmTC_6f1fe/fast && /usr/bin/gmake  -f CMakeFiles/cmTC_6f1fe.dir/build.make CMakeFiles/cmTC_6f1fe.dir/build
gmake[1]: Entering directory '/home/uhuj/skillbox_cpp/learn_cpp_tasks/out/build/GCC 12.2.0 x86_64-linux-gnu/CMakeFiles/CMakeScratch/TryCompile-xk2W8J'
Building C object CMakeFiles/cmTC_6f1fe.dir/HAVE_LOCALE_H.c.o
/usr/bin/gcc   -W -Wall -pedantic -Wbad-function-cast -Wconversion -Winline -Wmissing-declarations -Wmissing-prototypes -Wnested-externs -Wno-long-long -Wno-multichar -Wpointer-arith -Wshadow -Wsign-compare -Wundef -Wunused -Wwrite-strings -Wcast-align -Wdeclaration-after-statement -Wempty-body -Wendif-labels -Wfloat-equal -Wignored-qualifiers -Wno-format-nonliteral -Wno-sign-conversion -Wno-system-headers -Wstrict-prototypes -Wtype-limits -Wvla -Wmissing-parameter-type -Wold-style-declaration -Wstrict-aliasing=3 -Wformat=2 -Warray-bounds=2 -ftree-vrp -Wduplicated-cond -Wnull-dereference -fdelete-null-pointer-checks -Wshift-negative-value -Wshift-overflow=2 -Walloc-zero -Wduplicated-branches -Wformat-overflow=2 -Wformat-truncation=1 -Wrestrict -Warith-conversion -Wdouble-promotion -Wenum-conversion -Wunused-const-variable  -o CMakeFiles/cmTC_6f1fe.dir/HAVE_LOCALE_H.c.o -c "/home/uhuj/skillbox_cpp/learn_cpp_tasks/out/build/GCC 12.2.0 x86_64-linux-gnu/CMakeFiles/CMakeScratch/TryCompile-xk2W8J/HAVE_LOCALE_H.c"
Linking C executable cmTC_6f1fe
/usr/bin/cmake -E cmake_link_script CMakeFiles/cmTC_6f1fe.dir/link.txt --verbose=1
/usr/bin/gcc   -W -Wall -pedantic -Wbad-function-cast -Wconversion -Winline -Wmissing-declarations -Wmissing-prototypes -Wnested-externs -Wno-long-long -Wno-multichar -Wpointer-arith -Wshadow -Wsign-compare -Wundef -Wunused -Wwrite-strings -Wcast-align -Wdeclaration-after-statement -Wempty-body -Wendif-labels -Wfloat-equal -Wignored-qualifiers -Wno-format-nonliteral -Wno-sign-conversion -Wno-system-headers -Wstrict-prototypes -Wtype-limits -Wvla -Wmissing-parameter-type -Wold-style-declaration -Wstrict-aliasing=3 -Wformat=2 -Warray-bounds=2 -ftree-vrp -Wduplicated-cond -Wnull-dereference -fdelete-null-pointer-checks -Wshift-negative-value -Wshift-overflow=2 -Walloc-zero -Wduplicated-branches -Wformat-overflow=2 -Wformat-truncation=1 -Wrestrict -Warith-conversion -Wdouble-promotion -Wenum-conversion -Wunused-const-variable  CMakeFiles/cmTC_6f1fe.dir/HAVE_LOCALE_H.c.o -o cmTC_6f1fe 
gmake[1]: Leaving directory '/home/uhuj/skillbox_cpp/learn_cpp_tasks/out/build/GCC 12.2.0 x86_64-linux-gnu/CMakeFiles/CMakeScratch/TryCompile-xk2W8J'



Determining if files inttypes.h;sys/wait.h;sys/ioctl.h;sys/param.h;sys/poll.h;sys/resource.h;sys/select.h;sys/socket.h;sys/stat.h;sys/time.h;sys/types.h;sys/un.h;sys/xattr.h;arpa/inet.h;fcntl.h;ifaddrs.h;libgen.h;locale.h;net/if.h exist passed with the following output:
Change Dir: /home/uhuj/skillbox_cpp/learn_cpp_tasks/out/build/GCC 12.2.0 x86_64-linux-gnu/CMakeFiles/CMakeScratch/TryCompile-JSzLYP

Run Build Command(s):/usr/bin/gmake -f Makefile cmTC_be54f/fast && /usr/bin/gmake  -f CMakeFiles/cmTC_be54f.dir/build.make CMakeFiles/cmTC_be54f.dir/build
gmake[1]: Entering directory '/home/uhuj/skillbox_cpp/learn_cpp_tasks/out/build/GCC 12.2.0 x86_64-linux-gnu/CMakeFiles/CMakeScratch/TryCompile-JSzLYP'
Building C object CMakeFiles/cmTC_be54f.dir/HAVE_NET_IF_H.c.o
/usr/bin/gcc   -W -Wall -pedantic -Wbad-function-cast -Wconversion -Winline -Wmissing-declarations -Wmissing-prototypes -Wnested-externs -Wno-long-long -Wno-multichar -Wpointer-arith -Wshadow -Wsign-compare -Wundef -Wunused -Wwrite-strings -Wcast-align -Wdeclaration-after-statement -Wempty-body -Wendif-labels -Wfloat-equal -Wignored-qualifiers -Wno-format-nonliteral -Wno-sign-conversion -Wno-system-headers -Wstrict-prototypes -Wtype-limits -Wvla -Wmissing-parameter-type -Wold-style-declaration -Wstrict-aliasing=3 -Wformat=2 -Warray-bounds=2 -ftree-vrp -Wduplicated-cond -Wnull-dereference -fdelete-null-pointer-checks -Wshift-negative-value -Wshift-overflow=2 -Walloc-zero -Wduplicated-branches -Wformat-overflow=2 -Wformat-truncation=1 -Wrestrict -Warith-conversion -Wdouble-promotion -Wenum-conversion -Wunused-const-variable  -o CMakeFiles/cmTC_be54f.dir/HAVE_NET_IF_H.c.o -c "/home/uhuj/skillbox_cpp/learn_cpp_tasks/out/build/GCC 12.2.0 x86_64-linux-gnu/CMakeFiles/CMakeScratch/TryCompile-JSzLYP/HAVE_NET_IF_H.c"
Linking C executable cmTC_be54f
/usr/bin/cmake -E cmake_link_script CMakeFiles/cmTC_be54f.dir/link.txt --verbose=1
/usr/bin/gcc   -W -Wall -pedantic -Wbad-function-cast -Wconversion -Winline -Wmissing-declarations -Wmissing-prototypes -Wnested-externs -Wno-long-long -Wno-multichar -Wpointer-arith -Wshadow -Wsign-compare -Wundef -Wunused -Wwrite-strings -Wcast-align -Wdeclaration-after-statement -Wempty-body -Wendif-labels -Wfloat-equal -Wignored-qualifiers -Wno-format-nonliteral -Wno-sign-conversion -Wno-system-headers -Wstrict-prototypes -Wtype-limits -Wvla -Wmissing-parameter-type -Wold-style-declaration -Wstrict-aliasing=3 -Wformat=2 -Warray-bounds=2 -ftree-vrp -Wduplicated-cond -Wnull-dereference -fdelete-null-pointer-checks -Wshift-negative-value -Wshift-overflow=2 -Walloc-zero -Wduplicated-branches -Wformat-overflow=2 -Wformat-truncation=1 -Wrestrict -Warith-conversion -Wdouble-promotion -Wenum-conversion -Wunused-const-variable  CMakeFiles/cmTC_be54f.dir/HAVE_NET_IF_H.c.o -o cmTC_be54f 
gmake[1]: Leaving directory '/home/uhuj/skillbox_cpp/learn_cpp_tasks/out/build/GCC 12.2.0 x86_64-linux-gnu/CMakeFiles/CMakeScratch/TryCompile-JSzLYP'



Determining if files inttypes.h;sys/wait.h;sys/ioctl.h;sys/param.h;sys/poll.h;sys/resource.h;sys/select.h;sys/socket.h;sys/stat.h;sys/time.h;sys/types.h;sys/un.h;sys/xattr.h;arpa/inet.h;fcntl.h;ifaddrs.h;libgen.h;locale.h;net/if.h;netdb.h exist passed with the following output:
Change Dir: /home/uhuj/skillbox_cpp/learn_cpp_tasks/out/build/GCC 12.2.0 x86_64-linux-gnu/CMakeFiles/CMakeScratch/TryCompile-0eeHkb

Run Build Command(s):/usr/bin/gmake -f Makefile cmTC_e80d8/fast && /usr/bin/gmake  -f CMakeFiles/cmTC_e80d8.dir/build.make CMakeFiles/cmTC_e80d8.dir/build
gmake[1]: Entering directory '/home/uhuj/skillbox_cpp/learn_cpp_tasks/out/build/GCC 12.2.0 x86_64-linux-gnu/CMakeFiles/CMakeScratch/TryCompile-0eeHkb'
Building C object CMakeFiles/cmTC_e80d8.dir/HAVE_NETDB_H.c.o
/usr/bin/gcc   -W -Wall -pedantic -Wbad-function-cast -Wconversion -Winline -Wmissing-declarations -Wmissing-prototypes -Wnested-externs -Wno-long-long -Wno-multichar -Wpointer-arith -Wshadow -Wsign-compare -Wundef -Wunused -Wwrite-strings -Wcast-align -Wdeclaration-after-statement -Wempty-body -Wendif-labels -Wfloat-equal -Wignored-qualifiers -Wno-format-nonliteral -Wno-sign-conversion -Wno-system-headers -Wstrict-prototypes -Wtype-limits -Wvla -Wmissing-parameter-type -Wold-style-declaration -Wstrict-aliasing=3 -Wformat=2 -Warray-bounds=2 -ftree-vrp -Wduplicated-cond -Wnull-dereference -fdelete-null-pointer-checks -Wshift-negative-value -Wshift-overflow=2 -Walloc-zero -Wduplicated-branches -Wformat-overflow=2 -Wformat-truncation=1 -Wrestrict -Warith-conversion -Wdouble-promotion -Wenum-conversion -Wunused-const-variable  -o CMakeFiles/cmTC_e80d8.dir/HAVE_NETDB_H.c.o -c "/home/uhuj/skillbox_cpp/learn_cpp_tasks/out/build/GCC 12.2.0 x86_64-linux-gnu/CMakeFiles/CMakeScratch/TryCompile-0eeHkb/HAVE_NETDB_H.c"
Linking C executable cmTC_e80d8
/usr/bin/cmake -E cmake_link_script CMakeFiles/cmTC_e80d8.dir/link.txt --verbose=1
/usr/bin/gcc   -W -Wall -pedantic -Wbad-function-cast -Wconversion -Winline -Wmissing-declarations -Wmissing-prototypes -Wnested-externs -Wno-long-long -Wno-multichar -Wpointer-arith -Wshadow -Wsign-compare -Wundef -Wunused -Wwrite-strings -Wcast-align -Wdeclaration-after-statement -Wempty-body -Wendif-labels -Wfloat-equal -Wignored-qualifiers -Wno-format-nonliteral -Wno-sign-conversion -Wno-system-headers -Wstrict-prototypes -Wtype-limits -Wvla -Wmissing-parameter-type -Wold-style-declaration -Wstrict-aliasing=3 -Wformat=2 -Warray-bounds=2 -ftree-vrp -Wduplicated-cond -Wnull-dereference -fdelete-null-pointer-checks -Wshift-negative-value -Wshift-overflow=2 -Walloc-zero -Wduplicated-branches -Wformat-overflow=2 -Wformat-truncation=1 -Wrestrict -Warith-conversion -Wdouble-promotion -Wenum-conversion -Wunused-const-variable  CMakeFiles/cmTC_e80d8.dir/HAVE_NETDB_H.c.o -o cmTC_e80d8 
gmake[1]: Leaving directory '/home/uhuj/skillbox_cpp/learn_cpp_tasks/out/build/GCC 12.2.0 x86_64-linux-gnu/CMakeFiles/CMakeScratch/TryCompile-0eeHkb'



Determining if files inttypes.h;sys/wait.h;sys/ioctl.h;sys/param.h;sys/poll.h;sys/resource.h;sys/select.h;sys/socket.h;sys/stat.h;sys/time.h;sys/types.h;sys/un.h;sys/xattr.h;arpa/inet.h;fcntl.h;ifaddrs.h;libgen.h;locale.h;net/if.h;netdb.h;netinet/in.h exist passed with the following output:
Change Dir: /home/uhuj/skillbox_cpp/learn_cpp_tasks/out/build/GCC 12.2.0 x86_64-linux-gnu/CMakeFiles/CMakeScratch/TryCompile-siPZaX

Run Build Command(s):/usr/bin/gmake -f Makefile cmTC_aef44/fast && /usr/bin/gmake  -f CMakeFiles/cmTC_aef44.dir/build.make CMakeFiles/cmTC_aef44.dir/build
gmake[1]: Entering directory '/home/uhuj/skillbox_cpp/learn_cpp_tasks/out/build/GCC 12.2.0 x86_64-linux-gnu/CMakeFiles/CMakeScratch/TryCompile-siPZaX'
Building C object CMakeFiles/cmTC_aef44.dir/HAVE_NETINET_IN_H.c.o
/usr/bin/gcc   -W -Wall -pedantic -Wbad-function-cast -Wconversion -Winline -Wmissing-declarations -Wmissing-prototypes -Wnested-externs -Wno-long-long -Wno-multichar -Wpointer-arith -Wshadow -Wsign-compare -Wundef -Wunused -Wwrite-strings -Wcast-align -Wdeclaration-after-statement -Wempty-body -Wendif-labels -Wfloat-equal -Wignored-qualifiers -Wno-format-nonliteral -Wno-sign-conversion -Wno-system-headers -Wstrict-prototypes -Wtype-limits -Wvla -Wmissing-parameter-type -Wold-style-declaration -Wstrict-aliasing=3 -Wformat=2 -Warray-bounds=2 -ftree-vrp -Wduplicated-cond -Wnull-dereference -fdelete-null-pointer-checks -Wshift-negative-value -Wshift-overflow=2 -Walloc-zero -Wduplicated-branches -Wformat-overflow=2 -Wformat-truncation=1 -Wrestrict -Warith-conversion -Wdouble-promotion -Wenum-conversion -Wunused-const-variable  -o CMakeFiles/cmTC_aef44.dir/HAVE_NETINET_IN_H.c.o -c "/home/uhuj/skillbox_cpp/learn_cpp_tasks/out/build/GCC 12.2.0 x86_64-linux-gnu/CMakeFiles/CMakeScratch/TryCompile-siPZaX/HAVE_NETINET_IN_H.c"
Linking C executable cmTC_aef44
/usr/bin/cmake -E cmake_link_script CMakeFiles/cmTC_aef44.dir/link.txt --verbose=1
/usr/bin/gcc   -W -Wall -pedantic -Wbad-function-cast -Wconversion -Winline -Wmissing-declarations -Wmissing-prototypes -Wnested-externs -Wno-long-long -Wno-multichar -Wpointer-arith -Wshadow -Wsign-compare -Wundef -Wunused -Wwrite-strings -Wcast-align -Wdeclaration-after-statement -Wempty-body -Wendif-labels -Wfloat-equal -Wignored-qualifiers -Wno-format-nonliteral -Wno-sign-conversion -Wno-system-headers -Wstrict-prototypes -Wtype-limits -Wvla -Wmissing-parameter-type -Wold-style-declaration -Wstrict-aliasing=3 -Wformat=2 -Warray-bounds=2 -ftree-vrp -Wduplicated-cond -Wnull-dereference -fdelete-null-pointer-checks -Wshift-negative-value -Wshift-overflow=2 -Walloc-zero -Wduplicated-branches -Wformat-overflow=2 -Wformat-truncation=1 -Wrestrict -Warith-conversion -Wdouble-promotion -Wenum-conversion -Wunused-const-variable  CMakeFiles/cmTC_aef44.dir/HAVE_NETINET_IN_H.c.o -o cmTC_aef44 
gmake[1]: Leaving directory '/home/uhuj/skillbox_cpp/learn_cpp_tasks/out/build/GCC 12.2.0 x86_64-linux-gnu/CMakeFiles/CMakeScratch/TryCompile-siPZaX'



Determining if files inttypes.h;sys/wait.h;sys/ioctl.h;sys/param.h;sys/poll.h;sys/resource.h;sys/select.h;sys/socket.h;sys/stat.h;sys/time.h;sys/types.h;sys/un.h;sys/xattr.h;arpa/inet.h;fcntl.h;ifaddrs.h;libgen.h;locale.h;net/if.h;netdb.h;netinet/in.h;netinet/tcp.h exist passed with the following output:
Change Dir: /home/uhuj/skillbox_cpp/learn_cpp_tasks/out/build/GCC 12.2.0 x86_64-linux-gnu/CMakeFiles/CMakeScratch/TryCompile-1vbWGq

Run Build Command(s):/usr/bin/gmake -f Makefile cmTC_9ff43/fast && /usr/bin/gmake  -f CMakeFiles/cmTC_9ff43.dir/build.make CMakeFiles/cmTC_9ff43.dir/build
gmake[1]: Entering directory '/home/uhuj/skillbox_cpp/learn_cpp_tasks/out/build/GCC 12.2.0 x86_64-linux-gnu/CMakeFiles/CMakeScratch/TryCompile-1vbWGq'
Building C object CMakeFiles/cmTC_9ff43.dir/HAVE_NETINET_TCP_H.c.o
/usr/bin/gcc   -W -Wall -pedantic -Wbad-function-cast -Wconversion -Winline -Wmissing-declarations -Wmissing-prototypes -Wnested-externs -Wno-long-long -Wno-multichar -Wpointer-arith -Wshadow -Wsign-compare -Wundef -Wunused -Wwrite-strings -Wcast-align -Wdeclaration-after-statement -Wempty-body -Wendif-labels -Wfloat-equal -Wignored-qualifiers -Wno-format-nonliteral -Wno-sign-conversion -Wno-system-headers -Wstrict-prototypes -Wtype-limits -Wvla -Wmissing-parameter-type -Wold-style-declaration -Wstrict-aliasing=3 -Wformat=2 -Warray-bounds=2 -ftree-vrp -Wduplicated-cond -Wnull-dereference -fdelete-null-pointer-checks -Wshift-negative-value -Wshift-overflow=2 -Walloc-zero -Wduplicated-branches -Wformat-overflow=2 -Wformat-truncation=1 -Wrestrict -Warith-conversion -Wdouble-promotion -Wenum-conversion -Wunused-const-variable  -o CMakeFiles/cmTC_9ff43.dir/HAVE_NETINET_TCP_H.c.o -c "/home/uhuj/skillbox_cpp/learn_cpp_tasks/out/build/GCC 12.2.0 x86_64-linux-gnu/CMakeFiles/CMakeScratch/TryCompile-1vbWGq/HAVE_NETINET_TCP_H.c"
Linking C executable cmTC_9ff43
/usr/bin/cmake -E cmake_link_script CMakeFiles/cmTC_9ff43.dir/link.txt --verbose=1
/usr/bin/gcc   -W -Wall -pedantic -Wbad-function-cast -Wconversion -Winline -Wmissing-declarations -Wmissing-prototypes -Wnested-externs -Wno-long-long -Wno-multichar -Wpointer-arith -Wshadow -Wsign-compare -Wundef -Wunused -Wwrite-strings -Wcast-align -Wdeclaration-after-statement -Wempty-body -Wendif-labels -Wfloat-equal -Wignored-qualifiers -Wno-format-nonliteral -Wno-sign-conversion -Wno-system-headers -Wstrict-prototypes -Wtype-limits -Wvla -Wmissing-parameter-type -Wold-style-declaration -Wstrict-aliasing=3 -Wformat=2 -Warray-bounds=2 -ftree-vrp -Wduplicated-cond -Wnull-dereference -fdelete-null-pointer-checks -Wshift-negative-value -Wshift-overflow=2 -Walloc-zero -Wduplicated-branches -Wformat-overflow=2 -Wformat-truncation=1 -Wrestrict -Warith-conversion -Wdouble-promotion -Wenum-conversion -Wunused-const-variable  CMakeFiles/cmTC_9ff43.dir/HAVE_NETINET_TCP_H.c.o -o cmTC_9ff43 
gmake[1]: Leaving directory '/home/uhuj/skillbox_cpp/learn_cpp_tasks/out/build/GCC 12.2.0 x86_64-linux-gnu/CMakeFiles/CMakeScratch/TryCompile-1vbWGq'



Determining if files inttypes.h;sys/wait.h;sys/ioctl.h;sys/param.h;sys/poll.h;sys/resource.h;sys/select.h;sys/socket.h;sys/stat.h;sys/time.h;sys/types.h;sys/un.h;sys/xattr.h;arpa/inet.h;fcntl.h;ifaddrs.h;libgen.h;locale.h;net/if.h;netdb.h;netinet/in.h;netinet/tcp.h;netinet/udp.h exist passed with the following output:
Change Dir: /home/uhuj/skillbox_cpp/learn_cpp_tasks/out/build/GCC 12.2.0 x86_64-linux-gnu/CMakeFiles/CMakeScratch/TryCompile-VfPPct

Run Build Command(s):/usr/bin/gmake -f Makefile cmTC_12a8f/fast && /usr/bin/gmake  -f CMakeFiles/cmTC_12a8f.dir/build.make CMakeFiles/cmTC_12a8f.dir/build
gmake[1]: Entering directory '/home/uhuj/skillbox_cpp/learn_cpp_tasks/out/build/GCC 12.2.0 x86_64-linux-gnu/CMakeFiles/CMakeScratch/TryCompile-VfPPct'
Building C object CMakeFiles/cmTC_12a8f.dir/HAVE_NETINET_UDP_H.c.o
/usr/bin/gcc   -W -Wall -pedantic -Wbad-function-cast -Wconversion -Winline -Wmissing-declarations -Wmissing-prototypes -Wnested-externs -Wno-long-long -Wno-multichar -Wpointer-arith -Wshadow -Wsign-compare -Wundef -Wunused -Wwrite-strings -Wcast-align -Wdeclaration-after-statement -Wempty-body -Wendif-labels -Wfloat-equal -Wignored-qualifiers -Wno-format-nonliteral -Wno-sign-conversion -Wno-system-headers -Wstrict-prototypes -Wtype-limits -Wvla -Wmissing-parameter-type -Wold-style-declaration -Wstrict-aliasing=3 -Wformat=2 -Warray-bounds=2 -ftree-vrp -Wduplicated-cond -Wnull-dereference -fdelete-null-pointer-checks -Wshift-negative-value -Wshift-overflow=2 -Walloc-zero -Wduplicated-branches -Wformat-overflow=2 -Wformat-truncation=1 -Wrestrict -Warith-conversion -Wdouble-promotion -Wenum-conversion -Wunused-const-variable  -o CMakeFiles/cmTC_12a8f.dir/HAVE_NETINET_UDP_H.c.o -c "/home/uhuj/skillbox_cpp/learn_cpp_tasks/out/build/GCC 12.2.0 x86_64-linux-gnu/CMakeFiles/CMakeScratch/TryCompile-VfPPct/HAVE_NETINET_UDP_H.c"
Linking C executable cmTC_12a8f
/usr/bin/cmake -E cmake_link_script CMakeFiles/cmTC_12a8f.dir/link.txt --verbose=1
/usr/bin/gcc   -W -Wall -pedantic -Wbad-function-cast -Wconversion -Winline -Wmissing-declarations -Wmissing-prototypes -Wnested-externs -Wno-long-long -Wno-multichar -Wpointer-arith -Wshadow -Wsign-compare -Wundef -Wunused -Wwrite-strings -Wcast-align -Wdeclaration-after-statement -Wempty-body -Wendif-labels -Wfloat-equal -Wignored-qualifiers -Wno-format-nonliteral -Wno-sign-conversion -Wno-system-headers -Wstrict-prototypes -Wtype-limits -Wvla -Wmissing-parameter-type -Wold-style-declaration -Wstrict-aliasing=3 -Wformat=2 -Warray-bounds=2 -ftree-vrp -Wduplicated-cond -Wnull-dereference -fdelete-null-pointer-checks -Wshift-negative-value -Wshift-overflow=2 -Walloc-zero -Wduplicated-branches -Wformat-overflow=2 -Wformat-truncation=1 -Wrestrict -Warith-conversion -Wdouble-promotion -Wenum-conversion -Wunused-const-variable  CMakeFiles/cmTC_12a8f.dir/HAVE_NETINET_UDP_H.c.o -o cmTC_12a8f 
gmake[1]: Leaving directory '/home/uhuj/skillbox_cpp/learn_cpp_tasks/out/build/GCC 12.2.0 x86_64-linux-gnu/CMakeFiles/CMakeScratch/TryCompile-VfPPct'



Determining if the include file linux/tcp.h exists passed with the following output:
Change Dir: /home/uhuj/skillbox_cpp/learn_cpp_tasks/out/build/GCC 12.2.0 x86_64-linux-gnu/CMakeFiles/CMakeScratch/TryCompile-TQXDpI

Run Build Command(s):/usr/bin/gmake -f Makefile cmTC_943ec/fast && /usr/bin/gmake  -f CMakeFiles/cmTC_943ec.dir/build.make CMakeFiles/cmTC_943ec.dir/build
gmake[1]: Entering directory '/home/uhuj/skillbox_cpp/learn_cpp_tasks/out/build/GCC 12.2.0 x86_64-linux-gnu/CMakeFiles/CMakeScratch/TryCompile-TQXDpI'
Building C object CMakeFiles/cmTC_943ec.dir/CheckIncludeFile.c.o
/usr/bin/gcc   -W -Wall -pedantic -Wbad-function-cast -Wconversion -Winline -Wmissing-declarations -Wmissing-prototypes -Wnested-externs -Wno-long-long -Wno-multichar -Wpointer-arith -Wshadow -Wsign-compare -Wundef -Wunused -Wwrite-strings -Wcast-align -Wdeclaration-after-statement -Wempty-body -Wendif-labels -Wfloat-equal -Wignored-qualifiers -Wno-format-nonliteral -Wno-sign-conversion -Wno-system-headers -Wstrict-prototypes -Wtype-limits -Wvla -Wmissing-parameter-type -Wold-style-declaration -Wstrict-aliasing=3 -Wformat=2 -Warray-bounds=2 -ftree-vrp -Wduplicated-cond -Wnull-dereference -fdelete-null-pointer-checks -Wshift-negative-value -Wshift-overflow=2 -Walloc-zero -Wduplicated-branches -Wformat-overflow=2 -Wformat-truncation=1 -Wrestrict -Warith-conversion -Wdouble-promotion -Wenum-conversion -Wunused-const-variable  -o CMakeFiles/cmTC_943ec.dir/CheckIncludeFile.c.o -c "/home/uhuj/skillbox_cpp/learn_cpp_tasks/out/build/GCC 12.2.0 x86_64-linux-gnu/CMakeFiles/CMakeScratch/TryCompile-TQXDpI/CheckIncludeFile.c"
Linking C executable cmTC_943ec
/usr/bin/cmake -E cmake_link_script CMakeFiles/cmTC_943ec.dir/link.txt --verbose=1
/usr/bin/gcc   -W -Wall -pedantic -Wbad-function-cast -Wconversion -Winline -Wmissing-declarations -Wmissing-prototypes -Wnested-externs -Wno-long-long -Wno-multichar -Wpointer-arith -Wshadow -Wsign-compare -Wundef -Wunused -Wwrite-strings -Wcast-align -Wdeclaration-after-statement -Wempty-body -Wendif-labels -Wfloat-equal -Wignored-qualifiers -Wno-format-nonliteral -Wno-sign-conversion -Wno-system-headers -Wstrict-prototypes -Wtype-limits -Wvla -Wmissing-parameter-type -Wold-style-declaration -Wstrict-aliasing=3 -Wformat=2 -Warray-bounds=2 -ftree-vrp -Wduplicated-cond -Wnull-dereference -fdelete-null-pointer-checks -Wshift-negative-value -Wshift-overflow=2 -Walloc-zero -Wduplicated-branches -Wformat-overflow=2 -Wformat-truncation=1 -Wrestrict -Warith-conversion -Wdouble-promotion -Wenum-conversion -Wunused-const-variable  CMakeFiles/cmTC_943ec.dir/CheckIncludeFile.c.o -o cmTC_943ec 
gmake[1]: Leaving directory '/home/uhuj/skillbox_cpp/learn_cpp_tasks/out/build/GCC 12.2.0 x86_64-linux-gnu/CMakeFiles/CMakeScratch/TryCompile-TQXDpI'



Determining if files inttypes.h;sys/wait.h;sys/ioctl.h;sys/param.h;sys/poll.h;sys/resource.h;sys/select.h;sys/socket.h;sys/stat.h;sys/time.h;sys/types.h;sys/un.h;sys/xattr.h;arpa/inet.h;fcntl.h;ifaddrs.h;libgen.h;locale.h;net/if.h;netdb.h;netinet/in.h;netinet/tcp.h;netinet/udp.h;poll.h exist passed with the following output:
Change Dir: /home/uhuj/skillbox_cpp/learn_cpp_tasks/out/build/GCC 12.2.0 x86_64-linux-gnu/CMakeFiles/CMakeScratch/TryCompile-sa95q3

Run Build Command(s):/usr/bin/gmake -f Makefile cmTC_9c779/fast && /usr/bin/gmake  -f CMakeFiles/cmTC_9c779.dir/build.make CMakeFiles/cmTC_9c779.dir/build
gmake[1]: Entering directory '/home/uhuj/skillbox_cpp/learn_cpp_tasks/out/build/GCC 12.2.0 x86_64-linux-gnu/CMakeFiles/CMakeScratch/TryCompile-sa95q3'
Building C object CMakeFiles/cmTC_9c779.dir/HAVE_POLL_H.c.o
/usr/bin/gcc   -W -Wall -pedantic -Wbad-function-cast -Wconversion -Winline -Wmissing-declarations -Wmissing-prototypes -Wnested-externs -Wno-long-long -Wno-multichar -Wpointer-arith -Wshadow -Wsign-compare -Wundef -Wunused -Wwrite-strings -Wcast-align -Wdeclaration-after-statement -Wempty-body -Wendif-labels -Wfloat-equal -Wignored-qualifiers -Wno-format-nonliteral -Wno-sign-conversion -Wno-system-headers -Wstrict-prototypes -Wtype-limits -Wvla -Wmissing-parameter-type -Wold-style-declaration -Wstrict-aliasing=3 -Wformat=2 -Warray-bounds=2 -ftree-vrp -Wduplicated-cond -Wnull-dereference -fdelete-null-pointer-checks -Wshift-negative-value -Wshift-overflow=2 -Walloc-zero -Wduplicated-branches -Wformat-overflow=2 -Wformat-truncation=1 -Wrestrict -Warith-conversion -Wdouble-promotion -Wenum-conversion -Wunused-const-variable  -o CMakeFiles/cmTC_9c779.dir/HAVE_POLL_H.c.o -c "/home/uhuj/skillbox_cpp/learn_cpp_tasks/out/build/GCC 12.2.0 x86_64-linux-gnu/CMakeFiles/CMakeScratch/TryCompile-sa95q3/HAVE_POLL_H.c"
Linking C executable cmTC_9c779
/usr/bin/cmake -E cmake_link_script CMakeFiles/cmTC_9c779.dir/link.txt --verbose=1
/usr/bin/gcc   -W -Wall -pedantic -Wbad-function-cast -Wconversion -Winline -Wmissing-declarations -Wmissing-prototypes -Wnested-externs -Wno-long-long -Wno-multichar -Wpointer-arith -Wshadow -Wsign-compare -Wundef -Wunused -Wwrite-strings -Wcast-align -Wdeclaration-after-statement -Wempty-body -Wendif-labels -Wfloat-equal -Wignored-qualifiers -Wno-format-nonliteral -Wno-sign-conversion -Wno-system-headers -Wstrict-prototypes -Wtype-limits -Wvla -Wmissing-parameter-type -Wold-style-declaration -Wstrict-aliasing=3 -Wformat=2 -Warray-bounds=2 -ftree-vrp -Wduplicated-cond -Wnull-dereference -fdelete-null-pointer-checks -Wshift-negative-value -Wshift-overflow=2 -Walloc-zero -Wduplicated-branches -Wformat-overflow=2 -Wformat-truncation=1 -Wrestrict -Warith-conversion -Wdouble-promotion -Wenum-conversion -Wunused-const-variable  CMakeFiles/cmTC_9c779.dir/HAVE_POLL_H.c.o -o cmTC_9c779 
gmake[1]: Leaving directory '/home/uhuj/skillbox_cpp/learn_cpp_tasks/out/build/GCC 12.2.0 x86_64-linux-gnu/CMakeFiles/CMakeScratch/TryCompile-sa95q3'



Determining if files inttypes.h;sys/wait.h;sys/ioctl.h;sys/param.h;sys/poll.h;sys/resource.h;sys/select.h;sys/socket.h;sys/stat.h;sys/time.h;sys/types.h;sys/un.h;sys/xattr.h;arpa/inet.h;fcntl.h;ifaddrs.h;libgen.h;locale.h;net/if.h;netdb.h;netinet/in.h;netinet/tcp.h;netinet/udp.h;poll.h;pwd.h exist passed with the following output:
Change Dir: /home/uhuj/skillbox_cpp/learn_cpp_tasks/out/build/GCC 12.2.0 x86_64-linux-gnu/CMakeFiles/CMakeScratch/TryCompile-m4GbDL

Run Build Command(s):/usr/bin/gmake -f Makefile cmTC_33ce9/fast && /usr/bin/gmake  -f CMakeFiles/cmTC_33ce9.dir/build.make CMakeFiles/cmTC_33ce9.dir/build
gmake[1]: Entering directory '/home/uhuj/skillbox_cpp/learn_cpp_tasks/out/build/GCC 12.2.0 x86_64-linux-gnu/CMakeFiles/CMakeScratch/TryCompile-m4GbDL'
Building C object CMakeFiles/cmTC_33ce9.dir/HAVE_PWD_H.c.o
/usr/bin/gcc   -W -Wall -pedantic -Wbad-function-cast -Wconversion -Winline -Wmissing-declarations -Wmissing-prototypes -Wnested-externs -Wno-long-long -Wno-multichar -Wpointer-arith -Wshadow -Wsign-compare -Wundef -Wunused -Wwrite-strings -Wcast-align -Wdeclaration-after-statement -Wempty-body -Wendif-labels -Wfloat-equal -Wignored-qualifiers -Wno-format-nonliteral -Wno-sign-conversion -Wno-system-headers -Wstrict-prototypes -Wtype-limits -Wvla -Wmissing-parameter-type -Wold-style-declaration -Wstrict-aliasing=3 -Wformat=2 -Warray-bounds=2 -ftree-vrp -Wduplicated-cond -Wnull-dereference -fdelete-null-pointer-checks -Wshift-negative-value -Wshift-overflow=2 -Walloc-zero -Wduplicated-branches -Wformat-overflow=2 -Wformat-truncation=1 -Wrestrict -Warith-conversion -Wdouble-promotion -Wenum-conversion -Wunused-const-variable  -o CMakeFiles/cmTC_33ce9.dir/HAVE_PWD_H.c.o -c "/home/uhuj/skillbox_cpp/learn_cpp_tasks/out/build/GCC 12.2.0 x86_64-linux-gnu/CMakeFiles/CMakeScratch/TryCompile-m4GbDL/HAVE_PWD_H.c"
Linking C executable cmTC_33ce9
/usr/bin/cmake -E cmake_link_script CMakeFiles/cmTC_33ce9.dir/link.txt --verbose=1
/usr/bin/gcc   -W -Wall -pedantic -Wbad-function-cast -Wconversion -Winline -Wmissing-declarations -Wmissing-prototypes -Wnested-externs -Wno-long-long -Wno-multichar -Wpointer-arith -Wshadow -Wsign-compare -Wundef -Wunused -Wwrite-strings -Wcast-align -Wdeclaration-after-statement -Wempty-body -Wendif-labels -Wfloat-equal -Wignored-qualifiers -Wno-format-nonliteral -Wno-sign-conversion -Wno-system-headers -Wstrict-prototypes -Wtype-limits -Wvla -Wmissing-parameter-type -Wold-style-declaration -Wstrict-aliasing=3 -Wformat=2 -Warray-bounds=2 -ftree-vrp -Wduplicated-cond -Wnull-dereference -fdelete-null-pointer-checks -Wshift-negative-value -Wshift-overflow=2 -Walloc-zero -Wduplicated-branches -Wformat-overflow=2 -Wformat-truncation=1 -Wrestrict -Warith-conversion -Wdouble-promotion -Wenum-conversion -Wunused-const-variable  CMakeFiles/cmTC_33ce9.dir/HAVE_PWD_H.c.o -o cmTC_33ce9 
gmake[1]: Leaving directory '/home/uhuj/skillbox_cpp/learn_cpp_tasks/out/build/GCC 12.2.0 x86_64-linux-gnu/CMakeFiles/CMakeScratch/TryCompile-m4GbDL'



Determining if files inttypes.h;sys/wait.h;sys/ioctl.h;sys/param.h;sys/poll.h;sys/resource.h;sys/select.h;sys/socket.h;sys/stat.h;sys/time.h;sys/types.h;sys/un.h;sys/xattr.h;arpa/inet.h;fcntl.h;ifaddrs.h;libgen.h;locale.h;net/if.h;netdb.h;netinet/in.h;netinet/tcp.h;netinet/udp.h;poll.h;pwd.h;stdatomic.h exist passed with the following output:
Change Dir: /home/uhuj/skillbox_cpp/learn_cpp_tasks/out/build/GCC 12.2.0 x86_64-linux-gnu/CMakeFiles/CMakeScratch/TryCompile-HSqiyI

Run Build Command(s):/usr/bin/gmake -f Makefile cmTC_8e7a1/fast && /usr/bin/gmake  -f CMakeFiles/cmTC_8e7a1.dir/build.make CMakeFiles/cmTC_8e7a1.dir/build
gmake[1]: Entering directory '/home/uhuj/skillbox_cpp/learn_cpp_tasks/out/build/GCC 12.2.0 x86_64-linux-gnu/CMakeFiles/CMakeScratch/TryCompile-HSqiyI'
Building C object CMakeFiles/cmTC_8e7a1.dir/HAVE_STDATOMIC_H.c.o
/usr/bin/gcc   -W -Wall -pedantic -Wbad-function-cast -Wconversion -Winline -Wmissing-declarations -Wmissing-prototypes -Wnested-externs -Wno-long-long -Wno-multichar -Wpointer-arith -Wshadow -Wsign-compare -Wundef -Wunused -Wwrite-strings -Wcast-align -Wdeclaration-after-statement -Wempty-body -Wendif-labels -Wfloat-equal -Wignored-qualifiers -Wno-format-nonliteral -Wno-sign-conversion -Wno-system-headers -Wstrict-prototypes -Wtype-limits -Wvla -Wmissing-parameter-type -Wold-style-declaration -Wstrict-aliasing=3 -Wformat=2 -Warray-bounds=2 -ftree-vrp -Wduplicated-cond -Wnull-dereference -fdelete-null-pointer-checks -Wshift-negative-value -Wshift-overflow=2 -Walloc-zero -Wduplicated-branches -Wformat-overflow=2 -Wformat-truncation=1 -Wrestrict -Warith-conversion -Wdouble-promotion -Wenum-conversion -Wunused-const-variable  -o CMakeFiles/cmTC_8e7a1.dir/HAVE_STDATOMIC_H.c.o -c "/home/uhuj/skillbox_cpp/learn_cpp_tasks/out/build/GCC 12.2.0 x86_64-linux-gnu/CMakeFiles/CMakeScratch/TryCompile-HSqiyI/HAVE_STDATOMIC_H.c"
Linking C executable cmTC_8e7a1
/usr/bin/cmake -E cmake_link_script CMakeFiles/cmTC_8e7a1.dir/link.txt --verbose=1
/usr/bin/gcc   -W -Wall -pedantic -Wbad-function-cast -Wconversion -Winline -Wmissing-declarations -Wmissing-prototypes -Wnested-externs -Wno-long-long -Wno-multichar -Wpointer-arith -Wshadow -Wsign-compare -Wundef -Wunused -Wwrite-strings -Wcast-align -Wdeclaration-after-statement -Wempty-body -Wendif-labels -Wfloat-equal -Wignored-qualifiers -Wno-format-nonliteral -Wno-sign-conversion -Wno-system-headers -Wstrict-prototypes -Wtype-limits -Wvla -Wmissing-parameter-type -Wold-style-declaration -Wstrict-aliasing=3 -Wformat=2 -Warray-bounds=2 -ftree-vrp -Wduplicated-cond -Wnull-dereference -fdelete-null-pointer-checks -Wshift-negative-value -Wshift-overflow=2 -Walloc-zero -Wduplicated-branches -Wformat-overflow=2 -Wformat-truncation=1 -Wrestrict -Warith-conversion -Wdouble-promotion -Wenum-conversion -Wunused-const-variable  CMakeFiles/cmTC_8e7a1.dir/HAVE_STDATOMIC_H.c.o -o cmTC_8e7a1 
gmake[1]: Leaving directory '/home/uhuj/skillbox_cpp/learn_cpp_tasks/out/build/GCC 12.2.0 x86_64-linux-gnu/CMakeFiles/CMakeScratch/TryCompile-HSqiyI'



Determining if files inttypes.h;sys/wait.h;sys/ioctl.h;sys/param.h;sys/poll.h;sys/resource.h;sys/select.h;sys/socket.h;sys/stat.h;sys/time.h;sys/types.h;sys/un.h;sys/xattr.h;arpa/inet.h;fcntl.h;ifaddrs.h;libgen.h;locale.h;net/if.h;netdb.h;netinet/in.h;netinet/tcp.h;netinet/udp.h;poll.h;pwd.h;stdatomic.h;stdbool.h exist passed with the following output:
Change Dir: /home/uhuj/skillbox_cpp/learn_cpp_tasks/out/build/GCC 12.2.0 x86_64-linux-gnu/CMakeFiles/CMakeScratch/TryCompile-DfYdPt

Run Build Command(s):/usr/bin/gmake -f Makefile cmTC_7ed26/fast && /usr/bin/gmake  -f CMakeFiles/cmTC_7ed26.dir/build.make CMakeFiles/cmTC_7ed26.dir/build
gmake[1]: Entering directory '/home/uhuj/skillbox_cpp/learn_cpp_tasks/out/build/GCC 12.2.0 x86_64-linux-gnu/CMakeFiles/CMakeScratch/TryCompile-DfYdPt'
Building C object CMakeFiles/cmTC_7ed26.dir/HAVE_STDBOOL_H.c.o
/usr/bin/gcc   -W -Wall -pedantic -Wbad-function-cast -Wconversion -Winline -Wmissing-declarations -Wmissing-prototypes -Wnested-externs -Wno-long-long -Wno-multichar -Wpointer-arith -Wshadow -Wsign-compare -Wundef -Wunused -Wwrite-strings -Wcast-align -Wdeclaration-after-statement -Wempty-body -Wendif-labels -Wfloat-equal -Wignored-qualifiers -Wno-format-nonliteral -Wno-sign-conversion -Wno-system-headers -Wstrict-prototypes -Wtype-limits -Wvla -Wmissing-parameter-type -Wold-style-declaration -Wstrict-aliasing=3 -Wformat=2 -Warray-bounds=2 -ftree-vrp -Wduplicated-cond -Wnull-dereference -fdelete-null-pointer-checks -Wshift-negative-value -Wshift-overflow=2 -Walloc-zero -Wduplicated-branches -Wformat-overflow=2 -Wformat-truncation=1 -Wrestrict -Warith-conversion -Wdouble-promotion -Wenum-conversion -Wunused-const-variable  -o CMakeFiles/cmTC_7ed26.dir/HAVE_STDBOOL_H.c.o -c "/home/uhuj/skillbox_cpp/learn_cpp_tasks/out/build/GCC 12.2.0 x86_64-linux-gnu/CMakeFiles/CMakeScratch/TryCompile-DfYdPt/HAVE_STDBOOL_H.c"
Linking C executable cmTC_7ed26
/usr/bin/cmake -E cmake_link_script CMakeFiles/cmTC_7ed26.dir/link.txt --verbose=1
/usr/bin/gcc   -W -Wall -pedantic -Wbad-function-cast -Wconversion -Winline -Wmissing-declarations -Wmissing-prototypes -Wnested-externs -Wno-long-long -Wno-multichar -Wpointer-arith -Wshadow -Wsign-compare -Wundef -Wunused -Wwrite-strings -Wcast-align -Wdeclaration-after-statement -Wempty-body -Wendif-labels -Wfloat-equal -Wignored-qualifiers -Wno-format-nonliteral -Wno-sign-conversion -Wno-system-headers -Wstrict-prototypes -Wtype-limits -Wvla -Wmissing-parameter-type -Wold-style-declaration -Wstrict-aliasing=3 -Wformat=2 -Warray-bounds=2 -ftree-vrp -Wduplicated-cond -Wnull-dereference -fdelete-null-pointer-checks -Wshift-negative-value -Wshift-overflow=2 -Walloc-zero -Wduplicated-branches -Wformat-overflow=2 -Wformat-truncation=1 -Wrestrict -Warith-conversion -Wdouble-promotion -Wenum-conversion -Wunused-const-variable  CMakeFiles/cmTC_7ed26.dir/HAVE_STDBOOL_H.c.o -o cmTC_7ed26 
gmake[1]: Leaving directory '/home/uhuj/skillbox_cpp/learn_cpp_tasks/out/build/GCC 12.2.0 x86_64-linux-gnu/CMakeFiles/CMakeScratch/TryCompile-DfYdPt'



Determining if files inttypes.h;sys/wait.h;sys/ioctl.h;sys/param.h;sys/poll.h;sys/resource.h;sys/select.h;sys/socket.h;sys/stat.h;sys/time.h;sys/types.h;sys/un.h;sys/xattr.h;arpa/inet.h;fcntl.h;ifaddrs.h;libgen.h;locale.h;net/if.h;netdb.h;netinet/in.h;netinet/tcp.h;netinet/udp.h;poll.h;pwd.h;stdatomic.h;stdbool.h;stdint.h;strings.h exist passed with the following output:
Change Dir: /home/uhuj/skillbox_cpp/learn_cpp_tasks/out/build/GCC 12.2.0 x86_64-linux-gnu/CMakeFiles/CMakeScratch/TryCompile-WRfExv

Run Build Command(s):/usr/bin/gmake -f Makefile cmTC_b70d4/fast && /usr/bin/gmake  -f CMakeFiles/cmTC_b70d4.dir/build.make CMakeFiles/cmTC_b70d4.dir/build
gmake[1]: Entering directory '/home/uhuj/skillbox_cpp/learn_cpp_tasks/out/build/GCC 12.2.0 x86_64-linux-gnu/CMakeFiles/CMakeScratch/TryCompile-WRfExv'
Building C object CMakeFiles/cmTC_b70d4.dir/HAVE_STRINGS_H.c.o
/usr/bin/gcc   -W -Wall -pedantic -Wbad-function-cast -Wconversion -Winline -Wmissing-declarations -Wmissing-prototypes -Wnested-externs -Wno-long-long -Wno-multichar -Wpointer-arith -Wshadow -Wsign-compare -Wundef -Wunused -Wwrite-strings -Wcast-align -Wdeclaration-after-statement -Wempty-body -Wendif-labels -Wfloat-equal -Wignored-qualifiers -Wno-format-nonliteral -Wno-sign-conversion -Wno-system-headers -Wstrict-prototypes -Wtype-limits -Wvla -Wmissing-parameter-type -Wold-style-declaration -Wstrict-aliasing=3 -Wformat=2 -Warray-bounds=2 -ftree-vrp -Wduplicated-cond -Wnull-dereference -fdelete-null-pointer-checks -Wshift-negative-value -Wshift-overflow=2 -Walloc-zero -Wduplicated-branches -Wformat-overflow=2 -Wformat-truncation=1 -Wrestrict -Warith-conversion -Wdouble-promotion -Wenum-conversion -Wunused-const-variable  -o CMakeFiles/cmTC_b70d4.dir/HAVE_STRINGS_H.c.o -c "/home/uhuj/skillbox_cpp/learn_cpp_tasks/out/build/GCC 12.2.0 x86_64-linux-gnu/CMakeFiles/CMakeScratch/TryCompile-WRfExv/HAVE_STRINGS_H.c"
Linking C executable cmTC_b70d4
/usr/bin/cmake -E cmake_link_script CMakeFiles/cmTC_b70d4.dir/link.txt --verbose=1
/usr/bin/gcc   -W -Wall -pedantic -Wbad-function-cast -Wconversion -Winline -Wmissing-declarations -Wmissing-prototypes -Wnested-externs -Wno-long-long -Wno-multichar -Wpointer-arith -Wshadow -Wsign-compare -Wundef -Wunused -Wwrite-strings -Wcast-align -Wdeclaration-after-statement -Wempty-body -Wendif-labels -Wfloat-equal -Wignored-qualifiers -Wno-format-nonliteral -Wno-sign-conversion -Wno-system-headers -Wstrict-prototypes -Wtype-limits -Wvla -Wmissing-parameter-type -Wold-style-declaration -Wstrict-aliasing=3 -Wformat=2 -Warray-bounds=2 -ftree-vrp -Wduplicated-cond -Wnull-dereference -fdelete-null-pointer-checks -Wshift-negative-value -Wshift-overflow=2 -Walloc-zero -Wduplicated-branches -Wformat-overflow=2 -Wformat-truncation=1 -Wrestrict -Warith-conversion -Wdouble-promotion -Wenum-conversion -Wunused-const-variable  CMakeFiles/cmTC_b70d4.dir/HAVE_STRINGS_H.c.o -o cmTC_b70d4 
gmake[1]: Leaving directory '/home/uhuj/skillbox_cpp/learn_cpp_tasks/out/build/GCC 12.2.0 x86_64-linux-gnu/CMakeFiles/CMakeScratch/TryCompile-WRfExv'



Determining if files inttypes.h;sys/wait.h;sys/ioctl.h;sys/param.h;sys/poll.h;sys/resource.h;sys/select.h;sys/socket.h;sys/stat.h;sys/time.h;sys/types.h;sys/un.h;sys/xattr.h;arpa/inet.h;fcntl.h;ifaddrs.h;libgen.h;locale.h;net/if.h;netdb.h;netinet/in.h;netinet/tcp.h;netinet/udp.h;poll.h;pwd.h;stdatomic.h;stdbool.h;stdint.h;strings.h;termio.h exist passed with the following output:
Change Dir: /home/uhuj/skillbox_cpp/learn_cpp_tasks/out/build/GCC 12.2.0 x86_64-linux-gnu/CMakeFiles/CMakeScratch/TryCompile-eEpP3u

Run Build Command(s):/usr/bin/gmake -f Makefile cmTC_37377/fast && /usr/bin/gmake  -f CMakeFiles/cmTC_37377.dir/build.make CMakeFiles/cmTC_37377.dir/build
gmake[1]: Entering directory '/home/uhuj/skillbox_cpp/learn_cpp_tasks/out/build/GCC 12.2.0 x86_64-linux-gnu/CMakeFiles/CMakeScratch/TryCompile-eEpP3u'
Building C object CMakeFiles/cmTC_37377.dir/HAVE_TERMIO_H.c.o
/usr/bin/gcc   -W -Wall -pedantic -Wbad-function-cast -Wconversion -Winline -Wmissing-declarations -Wmissing-prototypes -Wnested-externs -Wno-long-long -Wno-multichar -Wpointer-arith -Wshadow -Wsign-compare -Wundef -Wunused -Wwrite-strings -Wcast-align -Wdeclaration-after-statement -Wempty-body -Wendif-labels -Wfloat-equal -Wignored-qualifiers -Wno-format-nonliteral -Wno-sign-conversion -Wno-system-headers -Wstrict-prototypes -Wtype-limits -Wvla -Wmissing-parameter-type -Wold-style-declaration -Wstrict-aliasing=3 -Wformat=2 -Warray-bounds=2 -ftree-vrp -Wduplicated-cond -Wnull-dereference -fdelete-null-pointer-checks -Wshift-negative-value -Wshift-overflow=2 -Walloc-zero -Wduplicated-branches -Wformat-overflow=2 -Wformat-truncation=1 -Wrestrict -Warith-conversion -Wdouble-promotion -Wenum-conversion -Wunused-const-variable  -o CMakeFiles/cmTC_37377.dir/HAVE_TERMIO_H.c.o -c "/home/uhuj/skillbox_cpp/learn_cpp_tasks/out/build/GCC 12.2.0 x86_64-linux-gnu/CMakeFiles/CMakeScratch/TryCompile-eEpP3u/HAVE_TERMIO_H.c"
Linking C executable cmTC_37377
/usr/bin/cmake -E cmake_link_script CMakeFiles/cmTC_37377.dir/link.txt --verbose=1
/usr/bin/gcc   -W -Wall -pedantic -Wbad-function-cast -Wconversion -Winline -Wmissing-declarations -Wmissing-prototypes -Wnested-externs -Wno-long-long -Wno-multichar -Wpointer-arith -Wshadow -Wsign-compare -Wundef -Wunused -Wwrite-strings -Wcast-align -Wdeclaration-after-statement -Wempty-body -Wendif-labels -Wfloat-equal -Wignored-qualifiers -Wno-format-nonliteral -Wno-sign-conversion -Wno-system-headers -Wstrict-prototypes -Wtype-limits -Wvla -Wmissing-parameter-type -Wold-style-declaration -Wstrict-aliasing=3 -Wformat=2 -Warray-bounds=2 -ftree-vrp -Wduplicated-cond -Wnull-dereference -fdelete-null-pointer-checks -Wshift-negative-value -Wshift-overflow=2 -Walloc-zero -Wduplicated-branches -Wformat-overflow=2 -Wformat-truncation=1 -Wrestrict -Warith-conversion -Wdouble-promotion -Wenum-conversion -Wunused-const-variable  CMakeFiles/cmTC_37377.dir/HAVE_TERMIO_H.c.o -o cmTC_37377 
gmake[1]: Leaving directory '/home/uhuj/skillbox_cpp/learn_cpp_tasks/out/build/GCC 12.2.0 x86_64-linux-gnu/CMakeFiles/CMakeScratch/TryCompile-eEpP3u'



Determining if files inttypes.h;sys/wait.h;sys/ioctl.h;sys/param.h;sys/poll.h;sys/resource.h;sys/select.h;sys/socket.h;sys/stat.h;sys/time.h;sys/types.h;sys/un.h;sys/xattr.h;arpa/inet.h;fcntl.h;ifaddrs.h;libgen.h;locale.h;net/if.h;netdb.h;netinet/in.h;netinet/tcp.h;netinet/udp.h;poll.h;pwd.h;stdatomic.h;stdbool.h;stdint.h;strings.h;termio.h;termios.h exist passed with the following output:
Change Dir: /home/uhuj/skillbox_cpp/learn_cpp_tasks/out/build/GCC 12.2.0 x86_64-linux-gnu/CMakeFiles/CMakeScratch/TryCompile-Az9W8q

Run Build Command(s):/usr/bin/gmake -f Makefile cmTC_1f107/fast && /usr/bin/gmake  -f CMakeFiles/cmTC_1f107.dir/build.make CMakeFiles/cmTC_1f107.dir/build
gmake[1]: Entering directory '/home/uhuj/skillbox_cpp/learn_cpp_tasks/out/build/GCC 12.2.0 x86_64-linux-gnu/CMakeFiles/CMakeScratch/TryCompile-Az9W8q'
Building C object CMakeFiles/cmTC_1f107.dir/HAVE_TERMIOS_H.c.o
/usr/bin/gcc   -W -Wall -pedantic -Wbad-function-cast -Wconversion -Winline -Wmissing-declarations -Wmissing-prototypes -Wnested-externs -Wno-long-long -Wno-multichar -Wpointer-arith -Wshadow -Wsign-compare -Wundef -Wunused -Wwrite-strings -Wcast-align -Wdeclaration-after-statement -Wempty-body -Wendif-labels -Wfloat-equal -Wignored-qualifiers -Wno-format-nonliteral -Wno-sign-conversion -Wno-system-headers -Wstrict-prototypes -Wtype-limits -Wvla -Wmissing-parameter-type -Wold-style-declaration -Wstrict-aliasing=3 -Wformat=2 -Warray-bounds=2 -ftree-vrp -Wduplicated-cond -Wnull-dereference -fdelete-null-pointer-checks -Wshift-negative-value -Wshift-overflow=2 -Walloc-zero -Wduplicated-branches -Wformat-overflow=2 -Wformat-truncation=1 -Wrestrict -Warith-conversion -Wdouble-promotion -Wenum-conversion -Wunused-const-variable  -o CMakeFiles/cmTC_1f107.dir/HAVE_TERMIOS_H.c.o -c "/home/uhuj/skillbox_cpp/learn_cpp_tasks/out/build/GCC 12.2.0 x86_64-linux-gnu/CMakeFiles/CMakeScratch/TryCompile-Az9W8q/HAVE_TERMIOS_H.c"
Linking C executable cmTC_1f107
/usr/bin/cmake -E cmake_link_script CMakeFiles/cmTC_1f107.dir/link.txt --verbose=1
/usr/bin/gcc   -W -Wall -pedantic -Wbad-function-cast -Wconversion -Winline -Wmissing-declarations -Wmissing-prototypes -Wnested-externs -Wno-long-long -Wno-multichar -Wpointer-arith -Wshadow -Wsign-compare -Wundef -Wunused -Wwrite-strings -Wcast-align -Wdeclaration-after-statement -Wempty-body -Wendif-labels -Wfloat-equal -Wignored-qualifiers -Wno-format-nonliteral -Wno-sign-conversion -Wno-system-headers -Wstrict-prototypes -Wtype-limits -Wvla -Wmissing-parameter-type -Wold-style-declaration -Wstrict-aliasing=3 -Wformat=2 -Warray-bounds=2 -ftree-vrp -Wduplicated-cond -Wnull-dereference -fdelete-null-pointer-checks -Wshift-negative-value -Wshift-overflow=2 -Walloc-zero -Wduplicated-branches -Wformat-overflow=2 -Wformat-truncation=1 -Wrestrict -Warith-conversion -Wdouble-promotion -Wenum-conversion -Wunused-const-variable  CMakeFiles/cmTC_1f107.dir/HAVE_TERMIOS_H.c.o -o cmTC_1f107 
gmake[1]: Leaving directory '/home/uhuj/skillbox_cpp/learn_cpp_tasks/out/build/GCC 12.2.0 x86_64-linux-gnu/CMakeFiles/CMakeScratch/TryCompile-Az9W8q'



Determining if files inttypes.h;sys/wait.h;sys/ioctl.h;sys/param.h;sys/poll.h;sys/resource.h;sys/select.h;sys/socket.h;sys/stat.h;sys/time.h;sys/types.h;sys/un.h;sys/xattr.h;arpa/inet.h;fcntl.h;ifaddrs.h;libgen.h;locale.h;net/if.h;netdb.h;netinet/in.h;netinet/tcp.h;netinet/udp.h;poll.h;pwd.h;stdatomic.h;stdbool.h;stdint.h;strings.h;termio.h;termios.h;unistd.h;utime.h exist passed with the following output:
Change Dir: /home/uhuj/skillbox_cpp/learn_cpp_tasks/out/build/GCC 12.2.0 x86_64-linux-gnu/CMakeFiles/CMakeScratch/TryCompile-MAfYku

Run Build Command(s):/usr/bin/gmake -f Makefile cmTC_33b60/fast && /usr/bin/gmake  -f CMakeFiles/cmTC_33b60.dir/build.make CMakeFiles/cmTC_33b60.dir/build
gmake[1]: Entering directory '/home/uhuj/skillbox_cpp/learn_cpp_tasks/out/build/GCC 12.2.0 x86_64-linux-gnu/CMakeFiles/CMakeScratch/TryCompile-MAfYku'
Building C object CMakeFiles/cmTC_33b60.dir/HAVE_UTIME_H.c.o
/usr/bin/gcc   -W -Wall -pedantic -Wbad-function-cast -Wconversion -Winline -Wmissing-declarations -Wmissing-prototypes -Wnested-externs -Wno-long-long -Wno-multichar -Wpointer-arith -Wshadow -Wsign-compare -Wundef -Wunused -Wwrite-strings -Wcast-align -Wdeclaration-after-statement -Wempty-body -Wendif-labels -Wfloat-equal -Wignored-qualifiers -Wno-format-nonliteral -Wno-sign-conversion -Wno-system-headers -Wstrict-prototypes -Wtype-limits -Wvla -Wmissing-parameter-type -Wold-style-declaration -Wstrict-aliasing=3 -Wformat=2 -Warray-bounds=2 -ftree-vrp -Wduplicated-cond -Wnull-dereference -fdelete-null-pointer-checks -Wshift-negative-value -Wshift-overflow=2 -Walloc-zero -Wduplicated-branches -Wformat-overflow=2 -Wformat-truncation=1 -Wrestrict -Warith-conversion -Wdouble-promotion -Wenum-conversion -Wunused-const-variable  -o CMakeFiles/cmTC_33b60.dir/HAVE_UTIME_H.c.o -c "/home/uhuj/skillbox_cpp/learn_cpp_tasks/out/build/GCC 12.2.0 x86_64-linux-gnu/CMakeFiles/CMakeScratch/TryCompile-MAfYku/HAVE_UTIME_H.c"
Linking C executable cmTC_33b60
/usr/bin/cmake -E cmake_link_script CMakeFiles/cmTC_33b60.dir/link.txt --verbose=1
/usr/bin/gcc   -W -Wall -pedantic -Wbad-function-cast -Wconversion -Winline -Wmissing-declarations -Wmissing-prototypes -Wnested-externs -Wno-long-long -Wno-multichar -Wpointer-arith -Wshadow -Wsign-compare -Wundef -Wunused -Wwrite-strings -Wcast-align -Wdeclaration-after-statement -Wempty-body -Wendif-labels -Wfloat-equal -Wignored-qualifiers -Wno-format-nonliteral -Wno-sign-conversion -Wno-system-headers -Wstrict-prototypes -Wtype-limits -Wvla -Wmissing-parameter-type -Wold-style-declaration -Wstrict-aliasing=3 -Wformat=2 -Warray-bounds=2 -ftree-vrp -Wduplicated-cond -Wnull-dereference -fdelete-null-pointer-checks -Wshift-negative-value -Wshift-overflow=2 -Walloc-zero -Wduplicated-branches -Wformat-overflow=2 -Wformat-truncation=1 -Wrestrict -Warith-conversion -Wdouble-promotion -Wenum-conversion -Wunused-const-variable  CMakeFiles/cmTC_33b60.dir/HAVE_UTIME_H.c.o -o cmTC_33b60 
gmake[1]: Leaving directory '/home/uhuj/skillbox_cpp/learn_cpp_tasks/out/build/GCC 12.2.0 x86_64-linux-gnu/CMakeFiles/CMakeScratch/TryCompile-MAfYku'



Determining size of size_t passed with the following output:
Change Dir: /home/uhuj/skillbox_cpp/learn_cpp_tasks/out/build/GCC 12.2.0 x86_64-linux-gnu/CMakeFiles/CMakeScratch/TryCompile-e4tVmG

Run Build Command(s):/usr/bin/gmake -f Makefile cmTC_230a3/fast && /usr/bin/gmake  -f CMakeFiles/cmTC_230a3.dir/build.make CMakeFiles/cmTC_230a3.dir/build
gmake[1]: Entering directory '/home/uhuj/skillbox_cpp/learn_cpp_tasks/out/build/GCC 12.2.0 x86_64-linux-gnu/CMakeFiles/CMakeScratch/TryCompile-e4tVmG'
Building C object CMakeFiles/cmTC_230a3.dir/SIZEOF_SIZE_T.c.o
/usr/bin/gcc   -W -Wall -pedantic -Wbad-function-cast -Wconversion -Winline -Wmissing-declarations -Wmissing-prototypes -Wnested-externs -Wno-long-long -Wno-multichar -Wpointer-arith -Wshadow -Wsign-compare -Wundef -Wunused -Wwrite-strings -Wcast-align -Wdeclaration-after-statement -Wempty-body -Wendif-labels -Wfloat-equal -Wignored-qualifiers -Wno-format-nonliteral -Wno-sign-conversion -Wno-system-headers -Wstrict-prototypes -Wtype-limits -Wvla -Wmissing-parameter-type -Wold-style-declaration -Wstrict-aliasing=3 -Wformat=2 -Warray-bounds=2 -ftree-vrp -Wduplicated-cond -Wnull-dereference -fdelete-null-pointer-checks -Wshift-negative-value -Wshift-overflow=2 -Walloc-zero -Wduplicated-branches -Wformat-overflow=2 -Wformat-truncation=1 -Wrestrict -Warith-conversion -Wdouble-promotion -Wenum-conversion -Wunused-const-variable  -o CMakeFiles/cmTC_230a3.dir/SIZEOF_SIZE_T.c.o -c "/home/uhuj/skillbox_cpp/learn_cpp_tasks/out/build/GCC 12.2.0 x86_64-linux-gnu/CMakeFiles/CMakeScratch/TryCompile-e4tVmG/SIZEOF_SIZE_T.c"
Linking C executable cmTC_230a3
/usr/bin/cmake -E cmake_link_script CMakeFiles/cmTC_230a3.dir/link.txt --verbose=1
/usr/bin/gcc   -W -Wall -pedantic -Wbad-function-cast -Wconversion -Winline -Wmissing-declarations -Wmissing-prototypes -Wnested-externs -Wno-long-long -Wno-multichar -Wpointer-arith -Wshadow -Wsign-compare -Wundef -Wunused -Wwrite-strings -Wcast-align -Wdeclaration-after-statement -Wempty-body -Wendif-labels -Wfloat-equal -Wignored-qualifiers -Wno-format-nonliteral -Wno-sign-conversion -Wno-system-headers -Wstrict-prototypes -Wtype-limits -Wvla -Wmissing-parameter-type -Wold-style-declaration -Wstrict-aliasing=3 -Wformat=2 -Warray-bounds=2 -ftree-vrp -Wduplicated-cond -Wnull-dereference -fdelete-null-pointer-checks -Wshift-negative-value -Wshift-overflow=2 -Walloc-zero -Wduplicated-branches -Wformat-overflow=2 -Wformat-truncation=1 -Wrestrict -Warith-conversion -Wdouble-promotion -Wenum-conversion -Wunused-const-variable  CMakeFiles/cmTC_230a3.dir/SIZEOF_SIZE_T.c.o -o cmTC_230a3 
gmake[1]: Leaving directory '/home/uhuj/skillbox_cpp/learn_cpp_tasks/out/build/GCC 12.2.0 x86_64-linux-gnu/CMakeFiles/CMakeScratch/TryCompile-e4tVmG'



Determining size of ssize_t passed with the following output:
Change Dir: /home/uhuj/skillbox_cpp/learn_cpp_tasks/out/build/GCC 12.2.0 x86_64-linux-gnu/CMakeFiles/CMakeScratch/TryCompile-G4POsB

Run Build Command(s):/usr/bin/gmake -f Makefile cmTC_8474d/fast && /usr/bin/gmake  -f CMakeFiles/cmTC_8474d.dir/build.make CMakeFiles/cmTC_8474d.dir/build
gmake[1]: Entering directory '/home/uhuj/skillbox_cpp/learn_cpp_tasks/out/build/GCC 12.2.0 x86_64-linux-gnu/CMakeFiles/CMakeScratch/TryCompile-G4POsB'
Building C object CMakeFiles/cmTC_8474d.dir/SIZEOF_SSIZE_T.c.o
/usr/bin/gcc   -W -Wall -pedantic -Wbad-function-cast -Wconversion -Winline -Wmissing-declarations -Wmissing-prototypes -Wnested-externs -Wno-long-long -Wno-multichar -Wpointer-arith -Wshadow -Wsign-compare -Wundef -Wunused -Wwrite-strings -Wcast-align -Wdeclaration-after-statement -Wempty-body -Wendif-labels -Wfloat-equal -Wignored-qualifiers -Wno-format-nonliteral -Wno-sign-conversion -Wno-system-headers -Wstrict-prototypes -Wtype-limits -Wvla -Wmissing-parameter-type -Wold-style-declaration -Wstrict-aliasing=3 -Wformat=2 -Warray-bounds=2 -ftree-vrp -Wduplicated-cond -Wnull-dereference -fdelete-null-pointer-checks -Wshift-negative-value -Wshift-overflow=2 -Walloc-zero -Wduplicated-branches -Wformat-overflow=2 -Wformat-truncation=1 -Wrestrict -Warith-conversion -Wdouble-promotion -Wenum-conversion -Wunused-const-variable  -o CMakeFiles/cmTC_8474d.dir/SIZEOF_SSIZE_T.c.o -c "/home/uhuj/skillbox_cpp/learn_cpp_tasks/out/build/GCC 12.2.0 x86_64-linux-gnu/CMakeFiles/CMakeScratch/TryCompile-G4POsB/SIZEOF_SSIZE_T.c"
Linking C executable cmTC_8474d
/usr/bin/cmake -E cmake_link_script CMakeFiles/cmTC_8474d.dir/link.txt --verbose=1
/usr/bin/gcc   -W -Wall -pedantic -Wbad-function-cast -Wconversion -Winline -Wmissing-declarations -Wmissing-prototypes -Wnested-externs -Wno-long-long -Wno-multichar -Wpointer-arith -Wshadow -Wsign-compare -Wundef -Wunused -Wwrite-strings -Wcast-align -Wdeclaration-after-statement -Wempty-body -Wendif-labels -Wfloat-equal -Wignored-qualifiers -Wno-format-nonliteral -Wno-sign-conversion -Wno-system-headers -Wstrict-prototypes -Wtype-limits -Wvla -Wmissing-parameter-type -Wold-style-declaration -Wstrict-aliasing=3 -Wformat=2 -Warray-bounds=2 -ftree-vrp -Wduplicated-cond -Wnull-dereference -fdelete-null-pointer-checks -Wshift-negative-value -Wshift-overflow=2 -Walloc-zero -Wduplicated-branches -Wformat-overflow=2 -Wformat-truncation=1 -Wrestrict -Warith-conversion -Wdouble-promotion -Wenum-conversion -Wunused-const-variable  CMakeFiles/cmTC_8474d.dir/SIZEOF_SSIZE_T.c.o -o cmTC_8474d 
gmake[1]: Leaving directory '/home/uhuj/skillbox_cpp/learn_cpp_tasks/out/build/GCC 12.2.0 x86_64-linux-gnu/CMakeFiles/CMakeScratch/TryCompile-G4POsB'



Determining size of long long passed with the following output:
Change Dir: /home/uhuj/skillbox_cpp/learn_cpp_tasks/out/build/GCC 12.2.0 x86_64-linux-gnu/CMakeFiles/CMakeScratch/TryCompile-Tvr5ll

Run Build Command(s):/usr/bin/gmake -f Makefile cmTC_c0af3/fast && /usr/bin/gmake  -f CMakeFiles/cmTC_c0af3.dir/build.make CMakeFiles/cmTC_c0af3.dir/build
gmake[1]: Entering directory '/home/uhuj/skillbox_cpp/learn_cpp_tasks/out/build/GCC 12.2.0 x86_64-linux-gnu/CMakeFiles/CMakeScratch/TryCompile-Tvr5ll'
Building C object CMakeFiles/cmTC_c0af3.dir/SIZEOF_LONG_LONG.c.o
/usr/bin/gcc   -W -Wall -pedantic -Wbad-function-cast -Wconversion -Winline -Wmissing-declarations -Wmissing-prototypes -Wnested-externs -Wno-long-long -Wno-multichar -Wpointer-arith -Wshadow -Wsign-compare -Wundef -Wunused -Wwrite-strings -Wcast-align -Wdeclaration-after-statement -Wempty-body -Wendif-labels -Wfloat-equal -Wignored-qualifiers -Wno-format-nonliteral -Wno-sign-conversion -Wno-system-headers -Wstrict-prototypes -Wtype-limits -Wvla -Wmissing-parameter-type -Wold-style-declaration -Wstrict-aliasing=3 -Wformat=2 -Warray-bounds=2 -ftree-vrp -Wduplicated-cond -Wnull-dereference -fdelete-null-pointer-checks -Wshift-negative-value -Wshift-overflow=2 -Walloc-zero -Wduplicated-branches -Wformat-overflow=2 -Wformat-truncation=1 -Wrestrict -Warith-conversion -Wdouble-promotion -Wenum-conversion -Wunused-const-variable  -o CMakeFiles/cmTC_c0af3.dir/SIZEOF_LONG_LONG.c.o -c "/home/uhuj/skillbox_cpp/learn_cpp_tasks/out/build/GCC 12.2.0 x86_64-linux-gnu/CMakeFiles/CMakeScratch/TryCompile-Tvr5ll/SIZEOF_LONG_LONG.c"
Linking C executable cmTC_c0af3
/usr/bin/cmake -E cmake_link_script CMakeFiles/cmTC_c0af3.dir/link.txt --verbose=1
/usr/bin/gcc   -W -Wall -pedantic -Wbad-function-cast -Wconversion -Winline -Wmissing-declarations -Wmissing-prototypes -Wnested-externs -Wno-long-long -Wno-multichar -Wpointer-arith -Wshadow -Wsign-compare -Wundef -Wunused -Wwrite-strings -Wcast-align -Wdeclaration-after-statement -Wempty-body -Wendif-labels -Wfloat-equal -Wignored-qualifiers -Wno-format-nonliteral -Wno-sign-conversion -Wno-system-headers -Wstrict-prototypes -Wtype-limits -Wvla -Wmissing-parameter-type -Wold-style-declaration -Wstrict-aliasing=3 -Wformat=2 -Warray-bounds=2 -ftree-vrp -Wduplicated-cond -Wnull-dereference -fdelete-null-pointer-checks -Wshift-negative-value -Wshift-overflow=2 -Walloc-zero -Wduplicated-branches -Wformat-overflow=2 -Wformat-truncation=1 -Wrestrict -Warith-conversion -Wdouble-promotion -Wenum-conversion -Wunused-const-variable  CMakeFiles/cmTC_c0af3.dir/SIZEOF_LONG_LONG.c.o -o cmTC_c0af3 
gmake[1]: Leaving directory '/home/uhuj/skillbox_cpp/learn_cpp_tasks/out/build/GCC 12.2.0 x86_64-linux-gnu/CMakeFiles/CMakeScratch/TryCompile-Tvr5ll'



Determining size of long passed with the following output:
Change Dir: /home/uhuj/skillbox_cpp/learn_cpp_tasks/out/build/GCC 12.2.0 x86_64-linux-gnu/CMakeFiles/CMakeScratch/TryCompile-qLikYe

Run Build Command(s):/usr/bin/gmake -f Makefile cmTC_e162c/fast && /usr/bin/gmake  -f CMakeFiles/cmTC_e162c.dir/build.make CMakeFiles/cmTC_e162c.dir/build
gmake[1]: Entering directory '/home/uhuj/skillbox_cpp/learn_cpp_tasks/out/build/GCC 12.2.0 x86_64-linux-gnu/CMakeFiles/CMakeScratch/TryCompile-qLikYe'
Building C object CMakeFiles/cmTC_e162c.dir/SIZEOF_LONG.c.o
/usr/bin/gcc   -W -Wall -pedantic -Wbad-function-cast -Wconversion -Winline -Wmissing-declarations -Wmissing-prototypes -Wnested-externs -Wno-long-long -Wno-multichar -Wpointer-arith -Wshadow -Wsign-compare -Wundef -Wunused -Wwrite-strings -Wcast-align -Wdeclaration-after-statement -Wempty-body -Wendif-labels -Wfloat-equal -Wignored-qualifiers -Wno-format-nonliteral -Wno-sign-conversion -Wno-system-headers -Wstrict-prototypes -Wtype-limits -Wvla -Wmissing-parameter-type -Wold-style-declaration -Wstrict-aliasing=3 -Wformat=2 -Warray-bounds=2 -ftree-vrp -Wduplicated-cond -Wnull-dereference -fdelete-null-pointer-checks -Wshift-negative-value -Wshift-overflow=2 -Walloc-zero -Wduplicated-branches -Wformat-overflow=2 -Wformat-truncation=1 -Wrestrict -Warith-conversion -Wdouble-promotion -Wenum-conversion -Wunused-const-variable  -o CMakeFiles/cmTC_e162c.dir/SIZEOF_LONG.c.o -c "/home/uhuj/skillbox_cpp/learn_cpp_tasks/out/build/GCC 12.2.0 x86_64-linux-gnu/CMakeFiles/CMakeScratch/TryCompile-qLikYe/SIZEOF_LONG.c"
Linking C executable cmTC_e162c
/usr/bin/cmake -E cmake_link_script CMakeFiles/cmTC_e162c.dir/link.txt --verbose=1
/usr/bin/gcc   -W -Wall -pedantic -Wbad-function-cast -Wconversion -Winline -Wmissing-declarations -Wmissing-prototypes -Wnested-externs -Wno-long-long -Wno-multichar -Wpointer-arith -Wshadow -Wsign-compare -Wundef -Wunused -Wwrite-strings -Wcast-align -Wdeclaration-after-statement -Wempty-body -Wendif-labels -Wfloat-equal -Wignored-qualifiers -Wno-format-nonliteral -Wno-sign-conversion -Wno-system-headers -Wstrict-prototypes -Wtype-limits -Wvla -Wmissing-parameter-type -Wold-style-declaration -Wstrict-aliasing=3 -Wformat=2 -Warray-bounds=2 -ftree-vrp -Wduplicated-cond -Wnull-dereference -fdelete-null-pointer-checks -Wshift-negative-value -Wshift-overflow=2 -Walloc-zero -Wduplicated-branches -Wformat-overflow=2 -Wformat-truncation=1 -Wrestrict -Warith-conversion -Wdouble-promotion -Wenum-conversion -Wunused-const-variable  CMakeFiles/cmTC_e162c.dir/SIZEOF_LONG.c.o -o cmTC_e162c 
gmake[1]: Leaving directory '/home/uhuj/skillbox_cpp/learn_cpp_tasks/out/build/GCC 12.2.0 x86_64-linux-gnu/CMakeFiles/CMakeScratch/TryCompile-qLikYe'



Determining size of int passed with the following output:
Change Dir: /home/uhuj/skillbox_cpp/learn_cpp_tasks/out/build/GCC 12.2.0 x86_64-linux-gnu/CMakeFiles/CMakeScratch/TryCompile-QgtRAy

Run Build Command(s):/usr/bin/gmake -f Makefile cmTC_a920a/fast && /usr/bin/gmake  -f CMakeFiles/cmTC_a920a.dir/build.make CMakeFiles/cmTC_a920a.dir/build
gmake[1]: Entering directory '/home/uhuj/skillbox_cpp/learn_cpp_tasks/out/build/GCC 12.2.0 x86_64-linux-gnu/CMakeFiles/CMakeScratch/TryCompile-QgtRAy'
Building C object CMakeFiles/cmTC_a920a.dir/SIZEOF_INT.c.o
/usr/bin/gcc   -W -Wall -pedantic -Wbad-function-cast -Wconversion -Winline -Wmissing-declarations -Wmissing-prototypes -Wnested-externs -Wno-long-long -Wno-multichar -Wpointer-arith -Wshadow -Wsign-compare -Wundef -Wunused -Wwrite-strings -Wcast-align -Wdeclaration-after-statement -Wempty-body -Wendif-labels -Wfloat-equal -Wignored-qualifiers -Wno-format-nonliteral -Wno-sign-conversion -Wno-system-headers -Wstrict-prototypes -Wtype-limits -Wvla -Wmissing-parameter-type -Wold-style-declaration -Wstrict-aliasing=3 -Wformat=2 -Warray-bounds=2 -ftree-vrp -Wduplicated-cond -Wnull-dereference -fdelete-null-pointer-checks -Wshift-negative-value -Wshift-overflow=2 -Walloc-zero -Wduplicated-branches -Wformat-overflow=2 -Wformat-truncation=1 -Wrestrict -Warith-conversion -Wdouble-promotion -Wenum-conversion -Wunused-const-variable  -o CMakeFiles/cmTC_a920a.dir/SIZEOF_INT.c.o -c "/home/uhuj/skillbox_cpp/learn_cpp_tasks/out/build/GCC 12.2.0 x86_64-linux-gnu/CMakeFiles/CMakeScratch/TryCompile-QgtRAy/SIZEOF_INT.c"
Linking C executable cmTC_a920a
/usr/bin/cmake -E cmake_link_script CMakeFiles/cmTC_a920a.dir/link.txt --verbose=1
/usr/bin/gcc   -W -Wall -pedantic -Wbad-function-cast -Wconversion -Winline -Wmissing-declarations -Wmissing-prototypes -Wnested-externs -Wno-long-long -Wno-multichar -Wpointer-arith -Wshadow -Wsign-compare -Wundef -Wunused -Wwrite-strings -Wcast-align -Wdeclaration-after-statement -Wempty-body -Wendif-labels -Wfloat-equal -Wignored-qualifiers -Wno-format-nonliteral -Wno-sign-conversion -Wno-system-headers -Wstrict-prototypes -Wtype-limits -Wvla -Wmissing-parameter-type -Wold-style-declaration -Wstrict-aliasing=3 -Wformat=2 -Warray-bounds=2 -ftree-vrp -Wduplicated-cond -Wnull-dereference -fdelete-null-pointer-checks -Wshift-negative-value -Wshift-overflow=2 -Walloc-zero -Wduplicated-branches -Wformat-overflow=2 -Wformat-truncation=1 -Wrestrict -Warith-conversion -Wdouble-promotion -Wenum-conversion -Wunused-const-variable  CMakeFiles/cmTC_a920a.dir/SIZEOF_INT.c.o -o cmTC_a920a 
gmake[1]: Leaving directory '/home/uhuj/skillbox_cpp/learn_cpp_tasks/out/build/GCC 12.2.0 x86_64-linux-gnu/CMakeFiles/CMakeScratch/TryCompile-QgtRAy'



Determining size of time_t passed with the following output:
Change Dir: /home/uhuj/skillbox_cpp/learn_cpp_tasks/out/build/GCC 12.2.0 x86_64-linux-gnu/CMakeFiles/CMakeScratch/TryCompile-kogJMc

Run Build Command(s):/usr/bin/gmake -f Makefile cmTC_494dd/fast && /usr/bin/gmake  -f CMakeFiles/cmTC_494dd.dir/build.make CMakeFiles/cmTC_494dd.dir/build
gmake[1]: Entering directory '/home/uhuj/skillbox_cpp/learn_cpp_tasks/out/build/GCC 12.2.0 x86_64-linux-gnu/CMakeFiles/CMakeScratch/TryCompile-kogJMc'
Building C object CMakeFiles/cmTC_494dd.dir/SIZEOF_TIME_T.c.o
/usr/bin/gcc   -W -Wall -pedantic -Wbad-function-cast -Wconversion -Winline -Wmissing-declarations -Wmissing-prototypes -Wnested-externs -Wno-long-long -Wno-multichar -Wpointer-arith -Wshadow -Wsign-compare -Wundef -Wunused -Wwrite-strings -Wcast-align -Wdeclaration-after-statement -Wempty-body -Wendif-labels -Wfloat-equal -Wignored-qualifiers -Wno-format-nonliteral -Wno-sign-conversion -Wno-system-headers -Wstrict-prototypes -Wtype-limits -Wvla -Wmissing-parameter-type -Wold-style-declaration -Wstrict-aliasing=3 -Wformat=2 -Warray-bounds=2 -ftree-vrp -Wduplicated-cond -Wnull-dereference -fdelete-null-pointer-checks -Wshift-negative-value -Wshift-overflow=2 -Walloc-zero -Wduplicated-branches -Wformat-overflow=2 -Wformat-truncation=1 -Wrestrict -Warith-conversion -Wdouble-promotion -Wenum-conversion -Wunused-const-variable  -o CMakeFiles/cmTC_494dd.dir/SIZEOF_TIME_T.c.o -c "/home/uhuj/skillbox_cpp/learn_cpp_tasks/out/build/GCC 12.2.0 x86_64-linux-gnu/CMakeFiles/CMakeScratch/TryCompile-kogJMc/SIZEOF_TIME_T.c"
Linking C executable cmTC_494dd
/usr/bin/cmake -E cmake_link_script CMakeFiles/cmTC_494dd.dir/link.txt --verbose=1
/usr/bin/gcc   -W -Wall -pedantic -Wbad-function-cast -Wconversion -Winline -Wmissing-declarations -Wmissing-prototypes -Wnested-externs -Wno-long-long -Wno-multichar -Wpointer-arith -Wshadow -Wsign-compare -Wundef -Wunused -Wwrite-strings -Wcast-align -Wdeclaration-after-statement -Wempty-body -Wendif-labels -Wfloat-equal -Wignored-qualifiers -Wno-format-nonliteral -Wno-sign-conversion -Wno-system-headers -Wstrict-prototypes -Wtype-limits -Wvla -Wmissing-parameter-type -Wold-style-declaration -Wstrict-aliasing=3 -Wformat=2 -Warray-bounds=2 -ftree-vrp -Wduplicated-cond -Wnull-dereference -fdelete-null-pointer-checks -Wshift-negative-value -Wshift-overflow=2 -Walloc-zero -Wduplicated-branches -Wformat-overflow=2 -Wformat-truncation=1 -Wrestrict -Warith-conversion -Wdouble-promotion -Wenum-conversion -Wunused-const-variable  CMakeFiles/cmTC_494dd.dir/SIZEOF_TIME_T.c.o -o cmTC_494dd 
gmake[1]: Leaving directory '/home/uhuj/skillbox_cpp/learn_cpp_tasks/out/build/GCC 12.2.0 x86_64-linux-gnu/CMakeFiles/CMakeScratch/TryCompile-kogJMc'



Determining size of suseconds_t passed with the following output:
Change Dir: /home/uhuj/skillbox_cpp/learn_cpp_tasks/out/build/GCC 12.2.0 x86_64-linux-gnu/CMakeFiles/CMakeScratch/TryCompile-2KORkf

Run Build Command(s):/usr/bin/gmake -f Makefile cmTC_c1c78/fast && /usr/bin/gmake  -f CMakeFiles/cmTC_c1c78.dir/build.make CMakeFiles/cmTC_c1c78.dir/build
gmake[1]: Entering directory '/home/uhuj/skillbox_cpp/learn_cpp_tasks/out/build/GCC 12.2.0 x86_64-linux-gnu/CMakeFiles/CMakeScratch/TryCompile-2KORkf'
Building C object CMakeFiles/cmTC_c1c78.dir/SIZEOF_SUSECONDS_T.c.o
/usr/bin/gcc   -W -Wall -pedantic -Wbad-function-cast -Wconversion -Winline -Wmissing-declarations -Wmissing-prototypes -Wnested-externs -Wno-long-long -Wno-multichar -Wpointer-arith -Wshadow -Wsign-compare -Wundef -Wunused -Wwrite-strings -Wcast-align -Wdeclaration-after-statement -Wempty-body -Wendif-labels -Wfloat-equal -Wignored-qualifiers -Wno-format-nonliteral -Wno-sign-conversion -Wno-system-headers -Wstrict-prototypes -Wtype-limits -Wvla -Wmissing-parameter-type -Wold-style-declaration -Wstrict-aliasing=3 -Wformat=2 -Warray-bounds=2 -ftree-vrp -Wduplicated-cond -Wnull-dereference -fdelete-null-pointer-checks -Wshift-negative-value -Wshift-overflow=2 -Walloc-zero -Wduplicated-branches -Wformat-overflow=2 -Wformat-truncation=1 -Wrestrict -Warith-conversion -Wdouble-promotion -Wenum-conversion -Wunused-const-variable  -o CMakeFiles/cmTC_c1c78.dir/SIZEOF_SUSECONDS_T.c.o -c "/home/uhuj/skillbox_cpp/learn_cpp_tasks/out/build/GCC 12.2.0 x86_64-linux-gnu/CMakeFiles/CMakeScratch/TryCompile-2KORkf/SIZEOF_SUSECONDS_T.c"
Linking C executable cmTC_c1c78
/usr/bin/cmake -E cmake_link_script CMakeFiles/cmTC_c1c78.dir/link.txt --verbose=1
/usr/bin/gcc   -W -Wall -pedantic -Wbad-function-cast -Wconversion -Winline -Wmissing-declarations -Wmissing-prototypes -Wnested-externs -Wno-long-long -Wno-multichar -Wpointer-arith -Wshadow -Wsign-compare -Wundef -Wunused -Wwrite-strings -Wcast-align -Wdeclaration-after-statement -Wempty-body -Wendif-labels -Wfloat-equal -Wignored-qualifiers -Wno-format-nonliteral -Wno-sign-conversion -Wno-system-headers -Wstrict-prototypes -Wtype-limits -Wvla -Wmissing-parameter-type -Wold-style-declaration -Wstrict-aliasing=3 -Wformat=2 -Warray-bounds=2 -ftree-vrp -Wduplicated-cond -Wnull-dereference -fdelete-null-pointer-checks -Wshift-negative-value -Wshift-overflow=2 -Walloc-zero -Wduplicated-branches -Wformat-overflow=2 -Wformat-truncation=1 -Wrestrict -Warith-conversion -Wdouble-promotion -Wenum-conversion -Wunused-const-variable  CMakeFiles/cmTC_c1c78.dir/SIZEOF_SUSECONDS_T.c.o -o cmTC_c1c78 
gmake[1]: Leaving directory '/home/uhuj/skillbox_cpp/learn_cpp_tasks/out/build/GCC 12.2.0 x86_64-linux-gnu/CMakeFiles/CMakeScratch/TryCompile-2KORkf'



Determining if the fchmod exist passed with the following output:
Change Dir: /home/uhuj/skillbox_cpp/learn_cpp_tasks/out/build/GCC 12.2.0 x86_64-linux-gnu/CMakeFiles/CMakeScratch/TryCompile-058PAr

Run Build Command(s):/usr/bin/gmake -f Makefile cmTC_56c04/fast && /usr/bin/gmake  -f CMakeFiles/cmTC_56c04.dir/build.make CMakeFiles/cmTC_56c04.dir/build
gmake[1]: Entering directory '/home/uhuj/skillbox_cpp/learn_cpp_tasks/out/build/GCC 12.2.0 x86_64-linux-gnu/CMakeFiles/CMakeScratch/TryCompile-058PAr'
Building C object CMakeFiles/cmTC_56c04.dir/CheckSymbolExists.c.o
/usr/bin/gcc   -W -Wall -pedantic -Wbad-function-cast -Wconversion -Winline -Wmissing-declarations -Wmissing-prototypes -Wnested-externs -Wno-long-long -Wno-multichar -Wpointer-arith -Wshadow -Wsign-compare -Wundef -Wunused -Wwrite-strings -Wcast-align -Wdeclaration-after-statement -Wempty-body -Wendif-labels -Wfloat-equal -Wignored-qualifiers -Wno-format-nonliteral -Wno-sign-conversion -Wno-system-headers -Wstrict-prototypes -Wtype-limits -Wvla -Wmissing-parameter-type -Wold-style-declaration -Wstrict-aliasing=3 -Wformat=2 -Warray-bounds=2 -ftree-vrp -Wduplicated-cond -Wnull-dereference -fdelete-null-pointer-checks -Wshift-negative-value -Wshift-overflow=2 -Walloc-zero -Wduplicated-branches -Wformat-overflow=2 -Wformat-truncation=1 -Wrestrict -Warith-conversion -Wdouble-promotion -Wenum-conversion -Wunused-const-variable  -o CMakeFiles/cmTC_56c04.dir/CheckSymbolExists.c.o -c "/home/uhuj/skillbox_cpp/learn_cpp_tasks/out/build/GCC 12.2.0 x86_64-linux-gnu/CMakeFiles/CMakeScratch/TryCompile-058PAr/CheckSymbolExists.c"
/home/uhuj/skillbox_cpp/learn_cpp_tasks/out/build/GCC 12.2.0 x86_64-linux-gnu/CMakeFiles/CMakeScratch/TryCompile-058PAr/CheckSymbolExists.c: In function ‘main’:
/home/uhuj/skillbox_cpp/learn_cpp_tasks/out/build/GCC 12.2.0 x86_64-linux-gnu/CMakeFiles/CMakeScratch/TryCompile-058PAr/CheckSymbolExists.c:40:11: warning: ISO C forbids conversion of function pointer to object pointer type [-Wpedantic]
   40 |   return ((int*)(&fchmod))[argc];
      |           ^
Linking C executable cmTC_56c04
/usr/bin/cmake -E cmake_link_script CMakeFiles/cmTC_56c04.dir/link.txt --verbose=1
/usr/bin/gcc   -W -Wall -pedantic -Wbad-function-cast -Wconversion -Winline -Wmissing-declarations -Wmissing-prototypes -Wnested-externs -Wno-long-long -Wno-multichar -Wpointer-arith -Wshadow -Wsign-compare -Wundef -Wunused -Wwrite-strings -Wcast-align -Wdeclaration-after-statement -Wempty-body -Wendif-labels -Wfloat-equal -Wignored-qualifiers -Wno-format-nonliteral -Wno-sign-conversion -Wno-system-headers -Wstrict-prototypes -Wtype-limits -Wvla -Wmissing-parameter-type -Wold-style-declaration -Wstrict-aliasing=3 -Wformat=2 -Warray-bounds=2 -ftree-vrp -Wduplicated-cond -Wnull-dereference -fdelete-null-pointer-checks -Wshift-negative-value -Wshift-overflow=2 -Walloc-zero -Wduplicated-branches -Wformat-overflow=2 -Wformat-truncation=1 -Wrestrict -Warith-conversion -Wdouble-promotion -Wenum-conversion -Wunused-const-variable  CMakeFiles/cmTC_56c04.dir/CheckSymbolExists.c.o -o cmTC_56c04 
gmake[1]: Leaving directory '/home/uhuj/skillbox_cpp/learn_cpp_tasks/out/build/GCC 12.2.0 x86_64-linux-gnu/CMakeFiles/CMakeScratch/TryCompile-058PAr'


File CheckSymbolExists.c:
/* */
#include <inttypes.h>
#include <sys/wait.h>
#include <sys/ioctl.h>
#include <sys/param.h>
#include <sys/poll.h>
#include <sys/resource.h>
#include <sys/select.h>
#include <sys/socket.h>
#include <sys/stat.h>
#include <sys/time.h>
#include <sys/types.h>
#include <sys/un.h>
#include <sys/xattr.h>
#include <arpa/inet.h>
#include <fcntl.h>
#include <ifaddrs.h>
#include <libgen.h>
#include <locale.h>
#include <net/if.h>
#include <netdb.h>
#include <netinet/in.h>
#include <netinet/tcp.h>
#include <netinet/udp.h>
#include <poll.h>
#include <pwd.h>
#include <stdatomic.h>
#include <stdbool.h>
#include <stdint.h>
#include <strings.h>
#include <termio.h>
#include <termios.h>
#include <unistd.h>
#include <utime.h>

int main(int argc, char** argv)
{
  (void)argv;
#ifndef fchmod
  return ((int*)(&fchmod))[argc];
#else
  (void)argc;
  return 0;
#endif
}
Determining if the fnmatch exist passed with the following output:
Change Dir: /home/uhuj/skillbox_cpp/learn_cpp_tasks/out/build/GCC 12.2.0 x86_64-linux-gnu/CMakeFiles/CMakeScratch/TryCompile-sgkMgg

Run Build Command(s):/usr/bin/gmake -f Makefile cmTC_59be9/fast && /usr/bin/gmake  -f CMakeFiles/cmTC_59be9.dir/build.make CMakeFiles/cmTC_59be9.dir/build
gmake[1]: Entering directory '/home/uhuj/skillbox_cpp/learn_cpp_tasks/out/build/GCC 12.2.0 x86_64-linux-gnu/CMakeFiles/CMakeScratch/TryCompile-sgkMgg'
Building C object CMakeFiles/cmTC_59be9.dir/CheckSymbolExists.c.o
/usr/bin/gcc   -W -Wall -pedantic -Wbad-function-cast -Wconversion -Winline -Wmissing-declarations -Wmissing-prototypes -Wnested-externs -Wno-long-long -Wno-multichar -Wpointer-arith -Wshadow -Wsign-compare -Wundef -Wunused -Wwrite-strings -Wcast-align -Wdeclaration-after-statement -Wempty-body -Wendif-labels -Wfloat-equal -Wignored-qualifiers -Wno-format-nonliteral -Wno-sign-conversion -Wno-system-headers -Wstrict-prototypes -Wtype-limits -Wvla -Wmissing-parameter-type -Wold-style-declaration -Wstrict-aliasing=3 -Wformat=2 -Warray-bounds=2 -ftree-vrp -Wduplicated-cond -Wnull-dereference -fdelete-null-pointer-checks -Wshift-negative-value -Wshift-overflow=2 -Walloc-zero -Wduplicated-branches -Wformat-overflow=2 -Wformat-truncation=1 -Wrestrict -Warith-conversion -Wdouble-promotion -Wenum-conversion -Wunused-const-variable  -o CMakeFiles/cmTC_59be9.dir/CheckSymbolExists.c.o -c "/home/uhuj/skillbox_cpp/learn_cpp_tasks/out/build/GCC 12.2.0 x86_64-linux-gnu/CMakeFiles/CMakeScratch/TryCompile-sgkMgg/CheckSymbolExists.c"
/home/uhuj/skillbox_cpp/learn_cpp_tasks/out/build/GCC 12.2.0 x86_64-linux-gnu/CMakeFiles/CMakeScratch/TryCompile-sgkMgg/CheckSymbolExists.c: In function ‘main’:
/home/uhuj/skillbox_cpp/learn_cpp_tasks/out/build/GCC 12.2.0 x86_64-linux-gnu/CMakeFiles/CMakeScratch/TryCompile-sgkMgg/CheckSymbolExists.c:41:11: warning: ISO C forbids conversion of function pointer to object pointer type [-Wpedantic]
   41 |   return ((int*)(&fnmatch))[argc];
      |           ^
Linking C executable cmTC_59be9
/usr/bin/cmake -E cmake_link_script CMakeFiles/cmTC_59be9.dir/link.txt --verbose=1
/usr/bin/gcc   -W -Wall -pedantic -Wbad-function-cast -Wconversion -Winline -Wmissing-declarations -Wmissing-prototypes -Wnested-externs -Wno-long-long -Wno-multichar -Wpointer-arith -Wshadow -Wsign-compare -Wundef -Wunused -Wwrite-strings -Wcast-align -Wdeclaration-after-statement -Wempty-body -Wendif-labels -Wfloat-equal -Wignored-qualifiers -Wno-format-nonliteral -Wno-sign-conversion -Wno-system-headers -Wstrict-prototypes -Wtype-limits -Wvla -Wmissing-parameter-type -Wold-style-declaration -Wstrict-aliasing=3 -Wformat=2 -Warray-bounds=2 -ftree-vrp -Wduplicated-cond -Wnull-dereference -fdelete-null-pointer-checks -Wshift-negative-value -Wshift-overflow=2 -Walloc-zero -Wduplicated-branches -Wformat-overflow=2 -Wformat-truncation=1 -Wrestrict -Warith-conversion -Wdouble-promotion -Wenum-conversion -Wunused-const-variable  CMakeFiles/cmTC_59be9.dir/CheckSymbolExists.c.o -o cmTC_59be9 
gmake[1]: Leaving directory '/home/uhuj/skillbox_cpp/learn_cpp_tasks/out/build/GCC 12.2.0 x86_64-linux-gnu/CMakeFiles/CMakeScratch/TryCompile-sgkMgg'


File CheckSymbolExists.c:
/* */
#include <inttypes.h>
#include <sys/wait.h>
#include <sys/ioctl.h>
#include <sys/param.h>
#include <sys/poll.h>
#include <sys/resource.h>
#include <sys/select.h>
#include <sys/socket.h>
#include <sys/stat.h>
#include <sys/time.h>
#include <sys/types.h>
#include <sys/un.h>
#include <sys/xattr.h>
#include <arpa/inet.h>
#include <fcntl.h>
#include <ifaddrs.h>
#include <libgen.h>
#include <locale.h>
#include <net/if.h>
#include <netdb.h>
#include <netinet/in.h>
#include <netinet/tcp.h>
#include <netinet/udp.h>
#include <poll.h>
#include <pwd.h>
#include <stdatomic.h>
#include <stdbool.h>
#include <stdint.h>
#include <strings.h>
#include <termio.h>
#include <termios.h>
#include <unistd.h>
#include <utime.h>
#include <fnmatch.h>

int main(int argc, char** argv)
{
  (void)argv;
#ifndef fnmatch
  return ((int*)(&fnmatch))[argc];
#else
  (void)argc;
  return 0;
#endif
}
Determining if the basename exist passed with the following output:
Change Dir: /home/uhuj/skillbox_cpp/learn_cpp_tasks/out/build/GCC 12.2.0 x86_64-linux-gnu/CMakeFiles/CMakeScratch/TryCompile-UDfoLH

Run Build Command(s):/usr/bin/gmake -f Makefile cmTC_fb36c/fast && /usr/bin/gmake  -f CMakeFiles/cmTC_fb36c.dir/build.make CMakeFiles/cmTC_fb36c.dir/build
gmake[1]: Entering directory '/home/uhuj/skillbox_cpp/learn_cpp_tasks/out/build/GCC 12.2.0 x86_64-linux-gnu/CMakeFiles/CMakeScratch/TryCompile-UDfoLH'
Building C object CMakeFiles/cmTC_fb36c.dir/CheckSymbolExists.c.o
/usr/bin/gcc   -W -Wall -pedantic -Wbad-function-cast -Wconversion -Winline -Wmissing-declarations -Wmissing-prototypes -Wnested-externs -Wno-long-long -Wno-multichar -Wpointer-arith -Wshadow -Wsign-compare -Wundef -Wunused -Wwrite-strings -Wcast-align -Wdeclaration-after-statement -Wempty-body -Wendif-labels -Wfloat-equal -Wignored-qualifiers -Wno-format-nonliteral -Wno-sign-conversion -Wno-system-headers -Wstrict-prototypes -Wtype-limits -Wvla -Wmissing-parameter-type -Wold-style-declaration -Wstrict-aliasing=3 -Wformat=2 -Warray-bounds=2 -ftree-vrp -Wduplicated-cond -Wnull-dereference -fdelete-null-pointer-checks -Wshift-negative-value -Wshift-overflow=2 -Walloc-zero -Wduplicated-branches -Wformat-overflow=2 -Wformat-truncation=1 -Wrestrict -Warith-conversion -Wdouble-promotion -Wenum-conversion -Wunused-const-variable  -o CMakeFiles/cmTC_fb36c.dir/CheckSymbolExists.c.o -c "/home/uhuj/skillbox_cpp/learn_cpp_tasks/out/build/GCC 12.2.0 x86_64-linux-gnu/CMakeFiles/CMakeScratch/TryCompile-UDfoLH/CheckSymbolExists.c"
Linking C executable cmTC_fb36c
/usr/bin/cmake -E cmake_link_script CMakeFiles/cmTC_fb36c.dir/link.txt --verbose=1
/usr/bin/gcc   -W -Wall -pedantic -Wbad-function-cast -Wconversion -Winline -Wmissing-declarations -Wmissing-prototypes -Wnested-externs -Wno-long-long -Wno-multichar -Wpointer-arith -Wshadow -Wsign-compare -Wundef -Wunused -Wwrite-strings -Wcast-align -Wdeclaration-after-statement -Wempty-body -Wendif-labels -Wfloat-equal -Wignored-qualifiers -Wno-format-nonliteral -Wno-sign-conversion -Wno-system-headers -Wstrict-prototypes -Wtype-limits -Wvla -Wmissing-parameter-type -Wold-style-declaration -Wstrict-aliasing=3 -Wformat=2 -Warray-bounds=2 -ftree-vrp -Wduplicated-cond -Wnull-dereference -fdelete-null-pointer-checks -Wshift-negative-value -Wshift-overflow=2 -Walloc-zero -Wduplicated-branches -Wformat-overflow=2 -Wformat-truncation=1 -Wrestrict -Warith-conversion -Wdouble-promotion -Wenum-conversion -Wunused-const-variable  CMakeFiles/cmTC_fb36c.dir/CheckSymbolExists.c.o -o cmTC_fb36c 
gmake[1]: Leaving directory '/home/uhuj/skillbox_cpp/learn_cpp_tasks/out/build/GCC 12.2.0 x86_64-linux-gnu/CMakeFiles/CMakeScratch/TryCompile-UDfoLH'


File CheckSymbolExists.c:
/* */
#include <inttypes.h>
#include <sys/wait.h>
#include <sys/ioctl.h>
#include <sys/param.h>
#include <sys/poll.h>
#include <sys/resource.h>
#include <sys/select.h>
#include <sys/socket.h>
#include <sys/stat.h>
#include <sys/time.h>
#include <sys/types.h>
#include <sys/un.h>
#include <sys/xattr.h>
#include <arpa/inet.h>
#include <fcntl.h>
#include <ifaddrs.h>
#include <libgen.h>
#include <locale.h>
#include <net/if.h>
#include <netdb.h>
#include <netinet/in.h>
#include <netinet/tcp.h>
#include <netinet/udp.h>
#include <poll.h>
#include <pwd.h>
#include <stdatomic.h>
#include <stdbool.h>
#include <stdint.h>
#include <strings.h>
#include <termio.h>
#include <termios.h>
#include <unistd.h>
#include <utime.h>
#include <string.h>

int main(int argc, char** argv)
{
  (void)argv;
#ifndef basename
  return ((int*)(&basename))[argc];
#else
  (void)argc;
  return 0;
#endif
}
Determining if the socket exist passed with the following output:
Change Dir: /home/uhuj/skillbox_cpp/learn_cpp_tasks/out/build/GCC 12.2.0 x86_64-linux-gnu/CMakeFiles/CMakeScratch/TryCompile-oCHf44

Run Build Command(s):/usr/bin/gmake -f Makefile cmTC_4e46f/fast && /usr/bin/gmake  -f CMakeFiles/cmTC_4e46f.dir/build.make CMakeFiles/cmTC_4e46f.dir/build
gmake[1]: Entering directory '/home/uhuj/skillbox_cpp/learn_cpp_tasks/out/build/GCC 12.2.0 x86_64-linux-gnu/CMakeFiles/CMakeScratch/TryCompile-oCHf44'
Building C object CMakeFiles/cmTC_4e46f.dir/CheckSymbolExists.c.o
/usr/bin/gcc   -W -Wall -pedantic -Wbad-function-cast -Wconversion -Winline -Wmissing-declarations -Wmissing-prototypes -Wnested-externs -Wno-long-long -Wno-multichar -Wpointer-arith -Wshadow -Wsign-compare -Wundef -Wunused -Wwrite-strings -Wcast-align -Wdeclaration-after-statement -Wempty-body -Wendif-labels -Wfloat-equal -Wignored-qualifiers -Wno-format-nonliteral -Wno-sign-conversion -Wno-system-headers -Wstrict-prototypes -Wtype-limits -Wvla -Wmissing-parameter-type -Wold-style-declaration -Wstrict-aliasing=3 -Wformat=2 -Warray-bounds=2 -ftree-vrp -Wduplicated-cond -Wnull-dereference -fdelete-null-pointer-checks -Wshift-negative-value -Wshift-overflow=2 -Walloc-zero -Wduplicated-branches -Wformat-overflow=2 -Wformat-truncation=1 -Wrestrict -Warith-conversion -Wdouble-promotion -Wenum-conversion -Wunused-const-variable  -o CMakeFiles/cmTC_4e46f.dir/CheckSymbolExists.c.o -c "/home/uhuj/skillbox_cpp/learn_cpp_tasks/out/build/GCC 12.2.0 x86_64-linux-gnu/CMakeFiles/CMakeScratch/TryCompile-oCHf44/CheckSymbolExists.c"
/home/uhuj/skillbox_cpp/learn_cpp_tasks/out/build/GCC 12.2.0 x86_64-linux-gnu/CMakeFiles/CMakeScratch/TryCompile-oCHf44/CheckSymbolExists.c: In function ‘main’:
/home/uhuj/skillbox_cpp/learn_cpp_tasks/out/build/GCC 12.2.0 x86_64-linux-gnu/CMakeFiles/CMakeScratch/TryCompile-oCHf44/CheckSymbolExists.c:40:11: warning: ISO C forbids conversion of function pointer to object pointer type [-Wpedantic]
   40 |   return ((int*)(&socket))[argc];
      |           ^
Linking C executable cmTC_4e46f
/usr/bin/cmake -E cmake_link_script CMakeFiles/cmTC_4e46f.dir/link.txt --verbose=1
/usr/bin/gcc   -W -Wall -pedantic -Wbad-function-cast -Wconversion -Winline -Wmissing-declarations -Wmissing-prototypes -Wnested-externs -Wno-long-long -Wno-multichar -Wpointer-arith -Wshadow -Wsign-compare -Wundef -Wunused -Wwrite-strings -Wcast-align -Wdeclaration-after-statement -Wempty-body -Wendif-labels -Wfloat-equal -Wignored-qualifiers -Wno-format-nonliteral -Wno-sign-conversion -Wno-system-headers -Wstrict-prototypes -Wtype-limits -Wvla -Wmissing-parameter-type -Wold-style-declaration -Wstrict-aliasing=3 -Wformat=2 -Warray-bounds=2 -ftree-vrp -Wduplicated-cond -Wnull-dereference -fdelete-null-pointer-checks -Wshift-negative-value -Wshift-overflow=2 -Walloc-zero -Wduplicated-branches -Wformat-overflow=2 -Wformat-truncation=1 -Wrestrict -Warith-conversion -Wdouble-promotion -Wenum-conversion -Wunused-const-variable  CMakeFiles/cmTC_4e46f.dir/CheckSymbolExists.c.o -o cmTC_4e46f 
gmake[1]: Leaving directory '/home/uhuj/skillbox_cpp/learn_cpp_tasks/out/build/GCC 12.2.0 x86_64-linux-gnu/CMakeFiles/CMakeScratch/TryCompile-oCHf44'


File CheckSymbolExists.c:
/* */
#include <inttypes.h>
#include <sys/wait.h>
#include <sys/ioctl.h>
#include <sys/param.h>
#include <sys/poll.h>
#include <sys/resource.h>
#include <sys/select.h>
#include <sys/socket.h>
#include <sys/stat.h>
#include <sys/time.h>
#include <sys/types.h>
#include <sys/un.h>
#include <sys/xattr.h>
#include <arpa/inet.h>
#include <fcntl.h>
#include <ifaddrs.h>
#include <libgen.h>
#include <locale.h>
#include <net/if.h>
#include <netdb.h>
#include <netinet/in.h>
#include <netinet/tcp.h>
#include <netinet/udp.h>
#include <poll.h>
#include <pwd.h>
#include <stdatomic.h>
#include <stdbool.h>
#include <stdint.h>
#include <strings.h>
#include <termio.h>
#include <termios.h>
#include <unistd.h>
#include <utime.h>

int main(int argc, char** argv)
{
  (void)argv;
#ifndef socket
  return ((int*)(&socket))[argc];
#else
  (void)argc;
  return 0;
#endif
}
Determining if the sched_yield exist passed with the following output:
Change Dir: /home/uhuj/skillbox_cpp/learn_cpp_tasks/out/build/GCC 12.2.0 x86_64-linux-gnu/CMakeFiles/CMakeScratch/TryCompile-zbvLtU

Run Build Command(s):/usr/bin/gmake -f Makefile cmTC_338df/fast && /usr/bin/gmake  -f CMakeFiles/cmTC_338df.dir/build.make CMakeFiles/cmTC_338df.dir/build
gmake[1]: Entering directory '/home/uhuj/skillbox_cpp/learn_cpp_tasks/out/build/GCC 12.2.0 x86_64-linux-gnu/CMakeFiles/CMakeScratch/TryCompile-zbvLtU'
Building C object CMakeFiles/cmTC_338df.dir/CheckSymbolExists.c.o
/usr/bin/gcc   -W -Wall -pedantic -Wbad-function-cast -Wconversion -Winline -Wmissing-declarations -Wmissing-prototypes -Wnested-externs -Wno-long-long -Wno-multichar -Wpointer-arith -Wshadow -Wsign-compare -Wundef -Wunused -Wwrite-strings -Wcast-align -Wdeclaration-after-statement -Wempty-body -Wendif-labels -Wfloat-equal -Wignored-qualifiers -Wno-format-nonliteral -Wno-sign-conversion -Wno-system-headers -Wstrict-prototypes -Wtype-limits -Wvla -Wmissing-parameter-type -Wold-style-declaration -Wstrict-aliasing=3 -Wformat=2 -Warray-bounds=2 -ftree-vrp -Wduplicated-cond -Wnull-dereference -fdelete-null-pointer-checks -Wshift-negative-value -Wshift-overflow=2 -Walloc-zero -Wduplicated-branches -Wformat-overflow=2 -Wformat-truncation=1 -Wrestrict -Warith-conversion -Wdouble-promotion -Wenum-conversion -Wunused-const-variable  -o CMakeFiles/cmTC_338df.dir/CheckSymbolExists.c.o -c "/home/uhuj/skillbox_cpp/learn_cpp_tasks/out/build/GCC 12.2.0 x86_64-linux-gnu/CMakeFiles/CMakeScratch/TryCompile-zbvLtU/CheckSymbolExists.c"
/home/uhuj/skillbox_cpp/learn_cpp_tasks/out/build/GCC 12.2.0 x86_64-linux-gnu/CMakeFiles/CMakeScratch/TryCompile-zbvLtU/CheckSymbolExists.c: In function ‘main’:
/home/uhuj/skillbox_cpp/learn_cpp_tasks/out/build/GCC 12.2.0 x86_64-linux-gnu/CMakeFiles/CMakeScratch/TryCompile-zbvLtU/CheckSymbolExists.c:41:11: warning: ISO C forbids conversion of function pointer to object pointer type [-Wpedantic]
   41 |   return ((int*)(&sched_yield))[argc];
      |           ^
Linking C executable cmTC_338df
/usr/bin/cmake -E cmake_link_script CMakeFiles/cmTC_338df.dir/link.txt --verbose=1
/usr/bin/gcc   -W -Wall -pedantic -Wbad-function-cast -Wconversion -Winline -Wmissing-declarations -Wmissing-prototypes -Wnested-externs -Wno-long-long -Wno-multichar -Wpointer-arith -Wshadow -Wsign-compare -Wundef -Wunused -Wwrite-strings -Wcast-align -Wdeclaration-after-statement -Wempty-body -Wendif-labels -Wfloat-equal -Wignored-qualifiers -Wno-format-nonliteral -Wno-sign-conversion -Wno-system-headers -Wstrict-prototypes -Wtype-limits -Wvla -Wmissing-parameter-type -Wold-style-declaration -Wstrict-aliasing=3 -Wformat=2 -Warray-bounds=2 -ftree-vrp -Wduplicated-cond -Wnull-dereference -fdelete-null-pointer-checks -Wshift-negative-value -Wshift-overflow=2 -Walloc-zero -Wduplicated-branches -Wformat-overflow=2 -Wformat-truncation=1 -Wrestrict -Warith-conversion -Wdouble-promotion -Wenum-conversion -Wunused-const-variable  CMakeFiles/cmTC_338df.dir/CheckSymbolExists.c.o -o cmTC_338df 
gmake[1]: Leaving directory '/home/uhuj/skillbox_cpp/learn_cpp_tasks/out/build/GCC 12.2.0 x86_64-linux-gnu/CMakeFiles/CMakeScratch/TryCompile-zbvLtU'


File CheckSymbolExists.c:
/* */
#include <inttypes.h>
#include <sys/wait.h>
#include <sys/ioctl.h>
#include <sys/param.h>
#include <sys/poll.h>
#include <sys/resource.h>
#include <sys/select.h>
#include <sys/socket.h>
#include <sys/stat.h>
#include <sys/time.h>
#include <sys/types.h>
#include <sys/un.h>
#include <sys/xattr.h>
#include <arpa/inet.h>
#include <fcntl.h>
#include <ifaddrs.h>
#include <libgen.h>
#include <locale.h>
#include <net/if.h>
#include <netdb.h>
#include <netinet/in.h>
#include <netinet/tcp.h>
#include <netinet/udp.h>
#include <poll.h>
#include <pwd.h>
#include <stdatomic.h>
#include <stdbool.h>
#include <stdint.h>
#include <strings.h>
#include <termio.h>
#include <termios.h>
#include <unistd.h>
#include <utime.h>
#include <sched.h>

int main(int argc, char** argv)
{
  (void)argv;
#ifndef sched_yield
  return ((int*)(&sched_yield))[argc];
#else
  (void)argc;
  return 0;
#endif
}
Determining if the socketpair exist passed with the following output:
Change Dir: /home/uhuj/skillbox_cpp/learn_cpp_tasks/out/build/GCC 12.2.0 x86_64-linux-gnu/CMakeFiles/CMakeScratch/TryCompile-sCgQww

Run Build Command(s):/usr/bin/gmake -f Makefile cmTC_b5ff3/fast && /usr/bin/gmake  -f CMakeFiles/cmTC_b5ff3.dir/build.make CMakeFiles/cmTC_b5ff3.dir/build
gmake[1]: Entering directory '/home/uhuj/skillbox_cpp/learn_cpp_tasks/out/build/GCC 12.2.0 x86_64-linux-gnu/CMakeFiles/CMakeScratch/TryCompile-sCgQww'
Building C object CMakeFiles/cmTC_b5ff3.dir/CheckSymbolExists.c.o
/usr/bin/gcc   -W -Wall -pedantic -Wbad-function-cast -Wconversion -Winline -Wmissing-declarations -Wmissing-prototypes -Wnested-externs -Wno-long-long -Wno-multichar -Wpointer-arith -Wshadow -Wsign-compare -Wundef -Wunused -Wwrite-strings -Wcast-align -Wdeclaration-after-statement -Wempty-body -Wendif-labels -Wfloat-equal -Wignored-qualifiers -Wno-format-nonliteral -Wno-sign-conversion -Wno-system-headers -Wstrict-prototypes -Wtype-limits -Wvla -Wmissing-parameter-type -Wold-style-declaration -Wstrict-aliasing=3 -Wformat=2 -Warray-bounds=2 -ftree-vrp -Wduplicated-cond -Wnull-dereference -fdelete-null-pointer-checks -Wshift-negative-value -Wshift-overflow=2 -Walloc-zero -Wduplicated-branches -Wformat-overflow=2 -Wformat-truncation=1 -Wrestrict -Warith-conversion -Wdouble-promotion -Wenum-conversion -Wunused-const-variable  -o CMakeFiles/cmTC_b5ff3.dir/CheckSymbolExists.c.o -c "/home/uhuj/skillbox_cpp/learn_cpp_tasks/out/build/GCC 12.2.0 x86_64-linux-gnu/CMakeFiles/CMakeScratch/TryCompile-sCgQww/CheckSymbolExists.c"
/home/uhuj/skillbox_cpp/learn_cpp_tasks/out/build/GCC 12.2.0 x86_64-linux-gnu/CMakeFiles/CMakeScratch/TryCompile-sCgQww/CheckSymbolExists.c: In function ‘main’:
/home/uhuj/skillbox_cpp/learn_cpp_tasks/out/build/GCC 12.2.0 x86_64-linux-gnu/CMakeFiles/CMakeScratch/TryCompile-sCgQww/CheckSymbolExists.c:40:11: warning: ISO C forbids conversion of function pointer to object pointer type [-Wpedantic]
   40 |   return ((int*)(&socketpair))[argc];
      |           ^
Linking C executable cmTC_b5ff3
/usr/bin/cmake -E cmake_link_script CMakeFiles/cmTC_b5ff3.dir/link.txt --verbose=1
/usr/bin/gcc   -W -Wall -pedantic -Wbad-function-cast -Wconversion -Winline -Wmissing-declarations -Wmissing-prototypes -Wnested-externs -Wno-long-long -Wno-multichar -Wpointer-arith -Wshadow -Wsign-compare -Wundef -Wunused -Wwrite-strings -Wcast-align -Wdeclaration-after-statement -Wempty-body -Wendif-labels -Wfloat-equal -Wignored-qualifiers -Wno-format-nonliteral -Wno-sign-conversion -Wno-system-headers -Wstrict-prototypes -Wtype-limits -Wvla -Wmissing-parameter-type -Wold-style-declaration -Wstrict-aliasing=3 -Wformat=2 -Warray-bounds=2 -ftree-vrp -Wduplicated-cond -Wnull-dereference -fdelete-null-pointer-checks -Wshift-negative-value -Wshift-overflow=2 -Walloc-zero -Wduplicated-branches -Wformat-overflow=2 -Wformat-truncation=1 -Wrestrict -Warith-conversion -Wdouble-promotion -Wenum-conversion -Wunused-const-variable  CMakeFiles/cmTC_b5ff3.dir/CheckSymbolExists.c.o -o cmTC_b5ff3 
gmake[1]: Leaving directory '/home/uhuj/skillbox_cpp/learn_cpp_tasks/out/build/GCC 12.2.0 x86_64-linux-gnu/CMakeFiles/CMakeScratch/TryCompile-sCgQww'


File CheckSymbolExists.c:
/* */
#include <inttypes.h>
#include <sys/wait.h>
#include <sys/ioctl.h>
#include <sys/param.h>
#include <sys/poll.h>
#include <sys/resource.h>
#include <sys/select.h>
#include <sys/socket.h>
#include <sys/stat.h>
#include <sys/time.h>
#include <sys/types.h>
#include <sys/un.h>
#include <sys/xattr.h>
#include <arpa/inet.h>
#include <fcntl.h>
#include <ifaddrs.h>
#include <libgen.h>
#include <locale.h>
#include <net/if.h>
#include <netdb.h>
#include <netinet/in.h>
#include <netinet/tcp.h>
#include <netinet/udp.h>
#include <poll.h>
#include <pwd.h>
#include <stdatomic.h>
#include <stdbool.h>
#include <stdint.h>
#include <strings.h>
#include <termio.h>
#include <termios.h>
#include <unistd.h>
#include <utime.h>

int main(int argc, char** argv)
{
  (void)argv;
#ifndef socketpair
  return ((int*)(&socketpair))[argc];
#else
  (void)argc;
  return 0;
#endif
}
Determining if the recv exist passed with the following output:
Change Dir: /home/uhuj/skillbox_cpp/learn_cpp_tasks/out/build/GCC 12.2.0 x86_64-linux-gnu/CMakeFiles/CMakeScratch/TryCompile-yxxkWG

Run Build Command(s):/usr/bin/gmake -f Makefile cmTC_cb96e/fast && /usr/bin/gmake  -f CMakeFiles/cmTC_cb96e.dir/build.make CMakeFiles/cmTC_cb96e.dir/build
gmake[1]: Entering directory '/home/uhuj/skillbox_cpp/learn_cpp_tasks/out/build/GCC 12.2.0 x86_64-linux-gnu/CMakeFiles/CMakeScratch/TryCompile-yxxkWG'
Building C object CMakeFiles/cmTC_cb96e.dir/CheckSymbolExists.c.o
/usr/bin/gcc   -W -Wall -pedantic -Wbad-function-cast -Wconversion -Winline -Wmissing-declarations -Wmissing-prototypes -Wnested-externs -Wno-long-long -Wno-multichar -Wpointer-arith -Wshadow -Wsign-compare -Wundef -Wunused -Wwrite-strings -Wcast-align -Wdeclaration-after-statement -Wempty-body -Wendif-labels -Wfloat-equal -Wignored-qualifiers -Wno-format-nonliteral -Wno-sign-conversion -Wno-system-headers -Wstrict-prototypes -Wtype-limits -Wvla -Wmissing-parameter-type -Wold-style-declaration -Wstrict-aliasing=3 -Wformat=2 -Warray-bounds=2 -ftree-vrp -Wduplicated-cond -Wnull-dereference -fdelete-null-pointer-checks -Wshift-negative-value -Wshift-overflow=2 -Walloc-zero -Wduplicated-branches -Wformat-overflow=2 -Wformat-truncation=1 -Wrestrict -Warith-conversion -Wdouble-promotion -Wenum-conversion -Wunused-const-variable  -o CMakeFiles/cmTC_cb96e.dir/CheckSymbolExists.c.o -c "/home/uhuj/skillbox_cpp/learn_cpp_tasks/out/build/GCC 12.2.0 x86_64-linux-gnu/CMakeFiles/CMakeScratch/TryCompile-yxxkWG/CheckSymbolExists.c"
/home/uhuj/skillbox_cpp/learn_cpp_tasks/out/build/GCC 12.2.0 x86_64-linux-gnu/CMakeFiles/CMakeScratch/TryCompile-yxxkWG/CheckSymbolExists.c: In function ‘main’:
/home/uhuj/skillbox_cpp/learn_cpp_tasks/out/build/GCC 12.2.0 x86_64-linux-gnu/CMakeFiles/CMakeScratch/TryCompile-yxxkWG/CheckSymbolExists.c:40:11: warning: ISO C forbids conversion of function pointer to object pointer type [-Wpedantic]
   40 |   return ((int*)(&recv))[argc];
      |           ^
Linking C executable cmTC_cb96e
/usr/bin/cmake -E cmake_link_script CMakeFiles/cmTC_cb96e.dir/link.txt --verbose=1
/usr/bin/gcc   -W -Wall -pedantic -Wbad-function-cast -Wconversion -Winline -Wmissing-declarations -Wmissing-prototypes -Wnested-externs -Wno-long-long -Wno-multichar -Wpointer-arith -Wshadow -Wsign-compare -Wundef -Wunused -Wwrite-strings -Wcast-align -Wdeclaration-after-statement -Wempty-body -Wendif-labels -Wfloat-equal -Wignored-qualifiers -Wno-format-nonliteral -Wno-sign-conversion -Wno-system-headers -Wstrict-prototypes -Wtype-limits -Wvla -Wmissing-parameter-type -Wold-style-declaration -Wstrict-aliasing=3 -Wformat=2 -Warray-bounds=2 -ftree-vrp -Wduplicated-cond -Wnull-dereference -fdelete-null-pointer-checks -Wshift-negative-value -Wshift-overflow=2 -Walloc-zero -Wduplicated-branches -Wformat-overflow=2 -Wformat-truncation=1 -Wrestrict -Warith-conversion -Wdouble-promotion -Wenum-conversion -Wunused-const-variable  CMakeFiles/cmTC_cb96e.dir/CheckSymbolExists.c.o -o cmTC_cb96e 
gmake[1]: Leaving directory '/home/uhuj/skillbox_cpp/learn_cpp_tasks/out/build/GCC 12.2.0 x86_64-linux-gnu/CMakeFiles/CMakeScratch/TryCompile-yxxkWG'


File CheckSymbolExists.c:
/* */
#include <inttypes.h>
#include <sys/wait.h>
#include <sys/ioctl.h>
#include <sys/param.h>
#include <sys/poll.h>
#include <sys/resource.h>
#include <sys/select.h>
#include <sys/socket.h>
#include <sys/stat.h>
#include <sys/time.h>
#include <sys/types.h>
#include <sys/un.h>
#include <sys/xattr.h>
#include <arpa/inet.h>
#include <fcntl.h>
#include <ifaddrs.h>
#include <libgen.h>
#include <locale.h>
#include <net/if.h>
#include <netdb.h>
#include <netinet/in.h>
#include <netinet/tcp.h>
#include <netinet/udp.h>
#include <poll.h>
#include <pwd.h>
#include <stdatomic.h>
#include <stdbool.h>
#include <stdint.h>
#include <strings.h>
#include <termio.h>
#include <termios.h>
#include <unistd.h>
#include <utime.h>

int main(int argc, char** argv)
{
  (void)argv;
#ifndef recv
  return ((int*)(&recv))[argc];
#else
  (void)argc;
  return 0;
#endif
}
Determining if the send exist passed with the following output:
Change Dir: /home/uhuj/skillbox_cpp/learn_cpp_tasks/out/build/GCC 12.2.0 x86_64-linux-gnu/CMakeFiles/CMakeScratch/TryCompile-IKC3z3

Run Build Command(s):/usr/bin/gmake -f Makefile cmTC_ca339/fast && /usr/bin/gmake  -f CMakeFiles/cmTC_ca339.dir/build.make CMakeFiles/cmTC_ca339.dir/build
gmake[1]: Entering directory '/home/uhuj/skillbox_cpp/learn_cpp_tasks/out/build/GCC 12.2.0 x86_64-linux-gnu/CMakeFiles/CMakeScratch/TryCompile-IKC3z3'
Building C object CMakeFiles/cmTC_ca339.dir/CheckSymbolExists.c.o
/usr/bin/gcc   -W -Wall -pedantic -Wbad-function-cast -Wconversion -Winline -Wmissing-declarations -Wmissing-prototypes -Wnested-externs -Wno-long-long -Wno-multichar -Wpointer-arith -Wshadow -Wsign-compare -Wundef -Wunused -Wwrite-strings -Wcast-align -Wdeclaration-after-statement -Wempty-body -Wendif-labels -Wfloat-equal -Wignored-qualifiers -Wno-format-nonliteral -Wno-sign-conversion -Wno-system-headers -Wstrict-prototypes -Wtype-limits -Wvla -Wmissing-parameter-type -Wold-style-declaration -Wstrict-aliasing=3 -Wformat=2 -Warray-bounds=2 -ftree-vrp -Wduplicated-cond -Wnull-dereference -fdelete-null-pointer-checks -Wshift-negative-value -Wshift-overflow=2 -Walloc-zero -Wduplicated-branches -Wformat-overflow=2 -Wformat-truncation=1 -Wrestrict -Warith-conversion -Wdouble-promotion -Wenum-conversion -Wunused-const-variable  -o CMakeFiles/cmTC_ca339.dir/CheckSymbolExists.c.o -c "/home/uhuj/skillbox_cpp/learn_cpp_tasks/out/build/GCC 12.2.0 x86_64-linux-gnu/CMakeFiles/CMakeScratch/TryCompile-IKC3z3/CheckSymbolExists.c"
/home/uhuj/skillbox_cpp/learn_cpp_tasks/out/build/GCC 12.2.0 x86_64-linux-gnu/CMakeFiles/CMakeScratch/TryCompile-IKC3z3/CheckSymbolExists.c: In function ‘main’:
/home/uhuj/skillbox_cpp/learn_cpp_tasks/out/build/GCC 12.2.0 x86_64-linux-gnu/CMakeFiles/CMakeScratch/TryCompile-IKC3z3/CheckSymbolExists.c:40:11: warning: ISO C forbids conversion of function pointer to object pointer type [-Wpedantic]
   40 |   return ((int*)(&send))[argc];
      |           ^
Linking C executable cmTC_ca339
/usr/bin/cmake -E cmake_link_script CMakeFiles/cmTC_ca339.dir/link.txt --verbose=1
/usr/bin/gcc   -W -Wall -pedantic -Wbad-function-cast -Wconversion -Winline -Wmissing-declarations -Wmissing-prototypes -Wnested-externs -Wno-long-long -Wno-multichar -Wpointer-arith -Wshadow -Wsign-compare -Wundef -Wunused -Wwrite-strings -Wcast-align -Wdeclaration-after-statement -Wempty-body -Wendif-labels -Wfloat-equal -Wignored-qualifiers -Wno-format-nonliteral -Wno-sign-conversion -Wno-system-headers -Wstrict-prototypes -Wtype-limits -Wvla -Wmissing-parameter-type -Wold-style-declaration -Wstrict-aliasing=3 -Wformat=2 -Warray-bounds=2 -ftree-vrp -Wduplicated-cond -Wnull-dereference -fdelete-null-pointer-checks -Wshift-negative-value -Wshift-overflow=2 -Walloc-zero -Wduplicated-branches -Wformat-overflow=2 -Wformat-truncation=1 -Wrestrict -Warith-conversion -Wdouble-promotion -Wenum-conversion -Wunused-const-variable  CMakeFiles/cmTC_ca339.dir/CheckSymbolExists.c.o -o cmTC_ca339 
gmake[1]: Leaving directory '/home/uhuj/skillbox_cpp/learn_cpp_tasks/out/build/GCC 12.2.0 x86_64-linux-gnu/CMakeFiles/CMakeScratch/TryCompile-IKC3z3'


File CheckSymbolExists.c:
/* */
#include <inttypes.h>
#include <sys/wait.h>
#include <sys/ioctl.h>
#include <sys/param.h>
#include <sys/poll.h>
#include <sys/resource.h>
#include <sys/select.h>
#include <sys/socket.h>
#include <sys/stat.h>
#include <sys/time.h>
#include <sys/types.h>
#include <sys/un.h>
#include <sys/xattr.h>
#include <arpa/inet.h>
#include <fcntl.h>
#include <ifaddrs.h>
#include <libgen.h>
#include <locale.h>
#include <net/if.h>
#include <netdb.h>
#include <netinet/in.h>
#include <netinet/tcp.h>
#include <netinet/udp.h>
#include <poll.h>
#include <pwd.h>
#include <stdatomic.h>
#include <stdbool.h>
#include <stdint.h>
#include <strings.h>
#include <termio.h>
#include <termios.h>
#include <unistd.h>
#include <utime.h>

int main(int argc, char** argv)
{
  (void)argv;
#ifndef send
  return ((int*)(&send))[argc];
#else
  (void)argc;
  return 0;
#endif
}
Determining if the sendmsg exist passed with the following output:
Change Dir: /home/uhuj/skillbox_cpp/learn_cpp_tasks/out/build/GCC 12.2.0 x86_64-linux-gnu/CMakeFiles/CMakeScratch/TryCompile-mZvub5

Run Build Command(s):/usr/bin/gmake -f Makefile cmTC_4e6cf/fast && /usr/bin/gmake  -f CMakeFiles/cmTC_4e6cf.dir/build.make CMakeFiles/cmTC_4e6cf.dir/build
gmake[1]: Entering directory '/home/uhuj/skillbox_cpp/learn_cpp_tasks/out/build/GCC 12.2.0 x86_64-linux-gnu/CMakeFiles/CMakeScratch/TryCompile-mZvub5'
Building C object CMakeFiles/cmTC_4e6cf.dir/CheckSymbolExists.c.o
/usr/bin/gcc   -W -Wall -pedantic -Wbad-function-cast -Wconversion -Winline -Wmissing-declarations -Wmissing-prototypes -Wnested-externs -Wno-long-long -Wno-multichar -Wpointer-arith -Wshadow -Wsign-compare -Wundef -Wunused -Wwrite-strings -Wcast-align -Wdeclaration-after-statement -Wempty-body -Wendif-labels -Wfloat-equal -Wignored-qualifiers -Wno-format-nonliteral -Wno-sign-conversion -Wno-system-headers -Wstrict-prototypes -Wtype-limits -Wvla -Wmissing-parameter-type -Wold-style-declaration -Wstrict-aliasing=3 -Wformat=2 -Warray-bounds=2 -ftree-vrp -Wduplicated-cond -Wnull-dereference -fdelete-null-pointer-checks -Wshift-negative-value -Wshift-overflow=2 -Walloc-zero -Wduplicated-branches -Wformat-overflow=2 -Wformat-truncation=1 -Wrestrict -Warith-conversion -Wdouble-promotion -Wenum-conversion -Wunused-const-variable  -o CMakeFiles/cmTC_4e6cf.dir/CheckSymbolExists.c.o -c "/home/uhuj/skillbox_cpp/learn_cpp_tasks/out/build/GCC 12.2.0 x86_64-linux-gnu/CMakeFiles/CMakeScratch/TryCompile-mZvub5/CheckSymbolExists.c"
/home/uhuj/skillbox_cpp/learn_cpp_tasks/out/build/GCC 12.2.0 x86_64-linux-gnu/CMakeFiles/CMakeScratch/TryCompile-mZvub5/CheckSymbolExists.c: In function ‘main’:
/home/uhuj/skillbox_cpp/learn_cpp_tasks/out/build/GCC 12.2.0 x86_64-linux-gnu/CMakeFiles/CMakeScratch/TryCompile-mZvub5/CheckSymbolExists.c:40:11: warning: ISO C forbids conversion of function pointer to object pointer type [-Wpedantic]
   40 |   return ((int*)(&sendmsg))[argc];
      |           ^
Linking C executable cmTC_4e6cf
/usr/bin/cmake -E cmake_link_script CMakeFiles/cmTC_4e6cf.dir/link.txt --verbose=1
/usr/bin/gcc   -W -Wall -pedantic -Wbad-function-cast -Wconversion -Winline -Wmissing-declarations -Wmissing-prototypes -Wnested-externs -Wno-long-long -Wno-multichar -Wpointer-arith -Wshadow -Wsign-compare -Wundef -Wunused -Wwrite-strings -Wcast-align -Wdeclaration-after-statement -Wempty-body -Wendif-labels -Wfloat-equal -Wignored-qualifiers -Wno-format-nonliteral -Wno-sign-conversion -Wno-system-headers -Wstrict-prototypes -Wtype-limits -Wvla -Wmissing-parameter-type -Wold-style-declaration -Wstrict-aliasing=3 -Wformat=2 -Warray-bounds=2 -ftree-vrp -Wduplicated-cond -Wnull-dereference -fdelete-null-pointer-checks -Wshift-negative-value -Wshift-overflow=2 -Walloc-zero -Wduplicated-branches -Wformat-overflow=2 -Wformat-truncation=1 -Wrestrict -Warith-conversion -Wdouble-promotion -Wenum-conversion -Wunused-const-variable  CMakeFiles/cmTC_4e6cf.dir/CheckSymbolExists.c.o -o cmTC_4e6cf 
gmake[1]: Leaving directory '/home/uhuj/skillbox_cpp/learn_cpp_tasks/out/build/GCC 12.2.0 x86_64-linux-gnu/CMakeFiles/CMakeScratch/TryCompile-mZvub5'


File CheckSymbolExists.c:
/* */
#include <inttypes.h>
#include <sys/wait.h>
#include <sys/ioctl.h>
#include <sys/param.h>
#include <sys/poll.h>
#include <sys/resource.h>
#include <sys/select.h>
#include <sys/socket.h>
#include <sys/stat.h>
#include <sys/time.h>
#include <sys/types.h>
#include <sys/un.h>
#include <sys/xattr.h>
#include <arpa/inet.h>
#include <fcntl.h>
#include <ifaddrs.h>
#include <libgen.h>
#include <locale.h>
#include <net/if.h>
#include <netdb.h>
#include <netinet/in.h>
#include <netinet/tcp.h>
#include <netinet/udp.h>
#include <poll.h>
#include <pwd.h>
#include <stdatomic.h>
#include <stdbool.h>
#include <stdint.h>
#include <strings.h>
#include <termio.h>
#include <termios.h>
#include <unistd.h>
#include <utime.h>

int main(int argc, char** argv)
{
  (void)argv;
#ifndef sendmsg
  return ((int*)(&sendmsg))[argc];
#else
  (void)argc;
  return 0;
#endif
}
Determining if the select exist passed with the following output:
Change Dir: /home/uhuj/skillbox_cpp/learn_cpp_tasks/out/build/GCC 12.2.0 x86_64-linux-gnu/CMakeFiles/CMakeScratch/TryCompile-VLNcrq

Run Build Command(s):/usr/bin/gmake -f Makefile cmTC_11441/fast && /usr/bin/gmake  -f CMakeFiles/cmTC_11441.dir/build.make CMakeFiles/cmTC_11441.dir/build
gmake[1]: Entering directory '/home/uhuj/skillbox_cpp/learn_cpp_tasks/out/build/GCC 12.2.0 x86_64-linux-gnu/CMakeFiles/CMakeScratch/TryCompile-VLNcrq'
Building C object CMakeFiles/cmTC_11441.dir/CheckSymbolExists.c.o
/usr/bin/gcc   -W -Wall -pedantic -Wbad-function-cast -Wconversion -Winline -Wmissing-declarations -Wmissing-prototypes -Wnested-externs -Wno-long-long -Wno-multichar -Wpointer-arith -Wshadow -Wsign-compare -Wundef -Wunused -Wwrite-strings -Wcast-align -Wdeclaration-after-statement -Wempty-body -Wendif-labels -Wfloat-equal -Wignored-qualifiers -Wno-format-nonliteral -Wno-sign-conversion -Wno-system-headers -Wstrict-prototypes -Wtype-limits -Wvla -Wmissing-parameter-type -Wold-style-declaration -Wstrict-aliasing=3 -Wformat=2 -Warray-bounds=2 -ftree-vrp -Wduplicated-cond -Wnull-dereference -fdelete-null-pointer-checks -Wshift-negative-value -Wshift-overflow=2 -Walloc-zero -Wduplicated-branches -Wformat-overflow=2 -Wformat-truncation=1 -Wrestrict -Warith-conversion -Wdouble-promotion -Wenum-conversion -Wunused-const-variable  -o CMakeFiles/cmTC_11441.dir/CheckSymbolExists.c.o -c "/home/uhuj/skillbox_cpp/learn_cpp_tasks/out/build/GCC 12.2.0 x86_64-linux-gnu/CMakeFiles/CMakeScratch/TryCompile-VLNcrq/CheckSymbolExists.c"
/home/uhuj/skillbox_cpp/learn_cpp_tasks/out/build/GCC 12.2.0 x86_64-linux-gnu/CMakeFiles/CMakeScratch/TryCompile-VLNcrq/CheckSymbolExists.c: In function ‘main’:
/home/uhuj/skillbox_cpp/learn_cpp_tasks/out/build/GCC 12.2.0 x86_64-linux-gnu/CMakeFiles/CMakeScratch/TryCompile-VLNcrq/CheckSymbolExists.c:40:11: warning: ISO C forbids conversion of function pointer to object pointer type [-Wpedantic]
   40 |   return ((int*)(&select))[argc];
      |           ^
Linking C executable cmTC_11441
/usr/bin/cmake -E cmake_link_script CMakeFiles/cmTC_11441.dir/link.txt --verbose=1
/usr/bin/gcc   -W -Wall -pedantic -Wbad-function-cast -Wconversion -Winline -Wmissing-declarations -Wmissing-prototypes -Wnested-externs -Wno-long-long -Wno-multichar -Wpointer-arith -Wshadow -Wsign-compare -Wundef -Wunused -Wwrite-strings -Wcast-align -Wdeclaration-after-statement -Wempty-body -Wendif-labels -Wfloat-equal -Wignored-qualifiers -Wno-format-nonliteral -Wno-sign-conversion -Wno-system-headers -Wstrict-prototypes -Wtype-limits -Wvla -Wmissing-parameter-type -Wold-style-declaration -Wstrict-aliasing=3 -Wformat=2 -Warray-bounds=2 -ftree-vrp -Wduplicated-cond -Wnull-dereference -fdelete-null-pointer-checks -Wshift-negative-value -Wshift-overflow=2 -Walloc-zero -Wduplicated-branches -Wformat-overflow=2 -Wformat-truncation=1 -Wrestrict -Warith-conversion -Wdouble-promotion -Wenum-conversion -Wunused-const-variable  CMakeFiles/cmTC_11441.dir/CheckSymbolExists.c.o -o cmTC_11441 
gmake[1]: Leaving directory '/home/uhuj/skillbox_cpp/learn_cpp_tasks/out/build/GCC 12.2.0 x86_64-linux-gnu/CMakeFiles/CMakeScratch/TryCompile-VLNcrq'


File CheckSymbolExists.c:
/* */
#include <inttypes.h>
#include <sys/wait.h>
#include <sys/ioctl.h>
#include <sys/param.h>
#include <sys/poll.h>
#include <sys/resource.h>
#include <sys/select.h>
#include <sys/socket.h>
#include <sys/stat.h>
#include <sys/time.h>
#include <sys/types.h>
#include <sys/un.h>
#include <sys/xattr.h>
#include <arpa/inet.h>
#include <fcntl.h>
#include <ifaddrs.h>
#include <libgen.h>
#include <locale.h>
#include <net/if.h>
#include <netdb.h>
#include <netinet/in.h>
#include <netinet/tcp.h>
#include <netinet/udp.h>
#include <poll.h>
#include <pwd.h>
#include <stdatomic.h>
#include <stdbool.h>
#include <stdint.h>
#include <strings.h>
#include <termio.h>
#include <termios.h>
#include <unistd.h>
#include <utime.h>

int main(int argc, char** argv)
{
  (void)argv;
#ifndef select
  return ((int*)(&select))[argc];
#else
  (void)argc;
  return 0;
#endif
}
Determining if the strdup exist passed with the following output:
Change Dir: /home/uhuj/skillbox_cpp/learn_cpp_tasks/out/build/GCC 12.2.0 x86_64-linux-gnu/CMakeFiles/CMakeScratch/TryCompile-C31jXu

Run Build Command(s):/usr/bin/gmake -f Makefile cmTC_63300/fast && /usr/bin/gmake  -f CMakeFiles/cmTC_63300.dir/build.make CMakeFiles/cmTC_63300.dir/build
gmake[1]: Entering directory '/home/uhuj/skillbox_cpp/learn_cpp_tasks/out/build/GCC 12.2.0 x86_64-linux-gnu/CMakeFiles/CMakeScratch/TryCompile-C31jXu'
Building C object CMakeFiles/cmTC_63300.dir/CheckSymbolExists.c.o
/usr/bin/gcc   -W -Wall -pedantic -Wbad-function-cast -Wconversion -Winline -Wmissing-declarations -Wmissing-prototypes -Wnested-externs -Wno-long-long -Wno-multichar -Wpointer-arith -Wshadow -Wsign-compare -Wundef -Wunused -Wwrite-strings -Wcast-align -Wdeclaration-after-statement -Wempty-body -Wendif-labels -Wfloat-equal -Wignored-qualifiers -Wno-format-nonliteral -Wno-sign-conversion -Wno-system-headers -Wstrict-prototypes -Wtype-limits -Wvla -Wmissing-parameter-type -Wold-style-declaration -Wstrict-aliasing=3 -Wformat=2 -Warray-bounds=2 -ftree-vrp -Wduplicated-cond -Wnull-dereference -fdelete-null-pointer-checks -Wshift-negative-value -Wshift-overflow=2 -Walloc-zero -Wduplicated-branches -Wformat-overflow=2 -Wformat-truncation=1 -Wrestrict -Warith-conversion -Wdouble-promotion -Wenum-conversion -Wunused-const-variable  -o CMakeFiles/cmTC_63300.dir/CheckSymbolExists.c.o -c "/home/uhuj/skillbox_cpp/learn_cpp_tasks/out/build/GCC 12.2.0 x86_64-linux-gnu/CMakeFiles/CMakeScratch/TryCompile-C31jXu/CheckSymbolExists.c"
/home/uhuj/skillbox_cpp/learn_cpp_tasks/out/build/GCC 12.2.0 x86_64-linux-gnu/CMakeFiles/CMakeScratch/TryCompile-C31jXu/CheckSymbolExists.c: In function ‘main’:
/home/uhuj/skillbox_cpp/learn_cpp_tasks/out/build/GCC 12.2.0 x86_64-linux-gnu/CMakeFiles/CMakeScratch/TryCompile-C31jXu/CheckSymbolExists.c:41:11: warning: ISO C forbids conversion of function pointer to object pointer type [-Wpedantic]
   41 |   return ((int*)(&strdup))[argc];
      |           ^
Linking C executable cmTC_63300
/usr/bin/cmake -E cmake_link_script CMakeFiles/cmTC_63300.dir/link.txt --verbose=1
/usr/bin/gcc   -W -Wall -pedantic -Wbad-function-cast -Wconversion -Winline -Wmissing-declarations -Wmissing-prototypes -Wnested-externs -Wno-long-long -Wno-multichar -Wpointer-arith -Wshadow -Wsign-compare -Wundef -Wunused -Wwrite-strings -Wcast-align -Wdeclaration-after-statement -Wempty-body -Wendif-labels -Wfloat-equal -Wignored-qualifiers -Wno-format-nonliteral -Wno-sign-conversion -Wno-system-headers -Wstrict-prototypes -Wtype-limits -Wvla -Wmissing-parameter-type -Wold-style-declaration -Wstrict-aliasing=3 -Wformat=2 -Warray-bounds=2 -ftree-vrp -Wduplicated-cond -Wnull-dereference -fdelete-null-pointer-checks -Wshift-negative-value -Wshift-overflow=2 -Walloc-zero -Wduplicated-branches -Wformat-overflow=2 -Wformat-truncation=1 -Wrestrict -Warith-conversion -Wdouble-promotion -Wenum-conversion -Wunused-const-variable  CMakeFiles/cmTC_63300.dir/CheckSymbolExists.c.o -o cmTC_63300 
gmake[1]: Leaving directory '/home/uhuj/skillbox_cpp/learn_cpp_tasks/out/build/GCC 12.2.0 x86_64-linux-gnu/CMakeFiles/CMakeScratch/TryCompile-C31jXu'


File CheckSymbolExists.c:
/* */
#include <inttypes.h>
#include <sys/wait.h>
#include <sys/ioctl.h>
#include <sys/param.h>
#include <sys/poll.h>
#include <sys/resource.h>
#include <sys/select.h>
#include <sys/socket.h>
#include <sys/stat.h>
#include <sys/time.h>
#include <sys/types.h>
#include <sys/un.h>
#include <sys/xattr.h>
#include <arpa/inet.h>
#include <fcntl.h>
#include <ifaddrs.h>
#include <libgen.h>
#include <locale.h>
#include <net/if.h>
#include <netdb.h>
#include <netinet/in.h>
#include <netinet/tcp.h>
#include <netinet/udp.h>
#include <poll.h>
#include <pwd.h>
#include <stdatomic.h>
#include <stdbool.h>
#include <stdint.h>
#include <strings.h>
#include <termio.h>
#include <termios.h>
#include <unistd.h>
#include <utime.h>
#include <string.h>

int main(int argc, char** argv)
{
  (void)argv;
#ifndef strdup
  return ((int*)(&strdup))[argc];
#else
  (void)argc;
  return 0;
#endif
}
Determining if the strtok_r exist passed with the following output:
Change Dir: /home/uhuj/skillbox_cpp/learn_cpp_tasks/out/build/GCC 12.2.0 x86_64-linux-gnu/CMakeFiles/CMakeScratch/TryCompile-uJWKyl

Run Build Command(s):/usr/bin/gmake -f Makefile cmTC_0c146/fast && /usr/bin/gmake  -f CMakeFiles/cmTC_0c146.dir/build.make CMakeFiles/cmTC_0c146.dir/build
gmake[1]: Entering directory '/home/uhuj/skillbox_cpp/learn_cpp_tasks/out/build/GCC 12.2.0 x86_64-linux-gnu/CMakeFiles/CMakeScratch/TryCompile-uJWKyl'
Building C object CMakeFiles/cmTC_0c146.dir/CheckSymbolExists.c.o
/usr/bin/gcc   -W -Wall -pedantic -Wbad-function-cast -Wconversion -Winline -Wmissing-declarations -Wmissing-prototypes -Wnested-externs -Wno-long-long -Wno-multichar -Wpointer-arith -Wshadow -Wsign-compare -Wundef -Wunused -Wwrite-strings -Wcast-align -Wdeclaration-after-statement -Wempty-body -Wendif-labels -Wfloat-equal -Wignored-qualifiers -Wno-format-nonliteral -Wno-sign-conversion -Wno-system-headers -Wstrict-prototypes -Wtype-limits -Wvla -Wmissing-parameter-type -Wold-style-declaration -Wstrict-aliasing=3 -Wformat=2 -Warray-bounds=2 -ftree-vrp -Wduplicated-cond -Wnull-dereference -fdelete-null-pointer-checks -Wshift-negative-value -Wshift-overflow=2 -Walloc-zero -Wduplicated-branches -Wformat-overflow=2 -Wformat-truncation=1 -Wrestrict -Warith-conversion -Wdouble-promotion -Wenum-conversion -Wunused-const-variable  -o CMakeFiles/cmTC_0c146.dir/CheckSymbolExists.c.o -c "/home/uhuj/skillbox_cpp/learn_cpp_tasks/out/build/GCC 12.2.0 x86_64-linux-gnu/CMakeFiles/CMakeScratch/TryCompile-uJWKyl/CheckSymbolExists.c"
/home/uhuj/skillbox_cpp/learn_cpp_tasks/out/build/GCC 12.2.0 x86_64-linux-gnu/CMakeFiles/CMakeScratch/TryCompile-uJWKyl/CheckSymbolExists.c: In function ‘main’:
/home/uhuj/skillbox_cpp/learn_cpp_tasks/out/build/GCC 12.2.0 x86_64-linux-gnu/CMakeFiles/CMakeScratch/TryCompile-uJWKyl/CheckSymbolExists.c:41:11: warning: ISO C forbids conversion of function pointer to object pointer type [-Wpedantic]
   41 |   return ((int*)(&strtok_r))[argc];
      |           ^
Linking C executable cmTC_0c146
/usr/bin/cmake -E cmake_link_script CMakeFiles/cmTC_0c146.dir/link.txt --verbose=1
/usr/bin/gcc   -W -Wall -pedantic -Wbad-function-cast -Wconversion -Winline -Wmissing-declarations -Wmissing-prototypes -Wnested-externs -Wno-long-long -Wno-multichar -Wpointer-arith -Wshadow -Wsign-compare -Wundef -Wunused -Wwrite-strings -Wcast-align -Wdeclaration-after-statement -Wempty-body -Wendif-labels -Wfloat-equal -Wignored-qualifiers -Wno-format-nonliteral -Wno-sign-conversion -Wno-system-headers -Wstrict-prototypes -Wtype-limits -Wvla -Wmissing-parameter-type -Wold-style-declaration -Wstrict-aliasing=3 -Wformat=2 -Warray-bounds=2 -ftree-vrp -Wduplicated-cond -Wnull-dereference -fdelete-null-pointer-checks -Wshift-negative-value -Wshift-overflow=2 -Walloc-zero -Wduplicated-branches -Wformat-overflow=2 -Wformat-truncation=1 -Wrestrict -Warith-conversion -Wdouble-promotion -Wenum-conversion -Wunused-const-variable  CMakeFiles/cmTC_0c146.dir/CheckSymbolExists.c.o -o cmTC_0c146 
gmake[1]: Leaving directory '/home/uhuj/skillbox_cpp/learn_cpp_tasks/out/build/GCC 12.2.0 x86_64-linux-gnu/CMakeFiles/CMakeScratch/TryCompile-uJWKyl'


File CheckSymbolExists.c:
/* */
#include <inttypes.h>
#include <sys/wait.h>
#include <sys/ioctl.h>
#include <sys/param.h>
#include <sys/poll.h>
#include <sys/resource.h>
#include <sys/select.h>
#include <sys/socket.h>
#include <sys/stat.h>
#include <sys/time.h>
#include <sys/types.h>
#include <sys/un.h>
#include <sys/xattr.h>
#include <arpa/inet.h>
#include <fcntl.h>
#include <ifaddrs.h>
#include <libgen.h>
#include <locale.h>
#include <net/if.h>
#include <netdb.h>
#include <netinet/in.h>
#include <netinet/tcp.h>
#include <netinet/udp.h>
#include <poll.h>
#include <pwd.h>
#include <stdatomic.h>
#include <stdbool.h>
#include <stdint.h>
#include <strings.h>
#include <termio.h>
#include <termios.h>
#include <unistd.h>
#include <utime.h>
#include <string.h>

int main(int argc, char** argv)
{
  (void)argv;
#ifndef strtok_r
  return ((int*)(&strtok_r))[argc];
#else
  (void)argc;
  return 0;
#endif
}
Determining if the strcasecmp exist passed with the following output:
Change Dir: /home/uhuj/skillbox_cpp/learn_cpp_tasks/out/build/GCC 12.2.0 x86_64-linux-gnu/CMakeFiles/CMakeScratch/TryCompile-0Sv2N5

Run Build Command(s):/usr/bin/gmake -f Makefile cmTC_1d153/fast && /usr/bin/gmake  -f CMakeFiles/cmTC_1d153.dir/build.make CMakeFiles/cmTC_1d153.dir/build
gmake[1]: Entering directory '/home/uhuj/skillbox_cpp/learn_cpp_tasks/out/build/GCC 12.2.0 x86_64-linux-gnu/CMakeFiles/CMakeScratch/TryCompile-0Sv2N5'
Building C object CMakeFiles/cmTC_1d153.dir/CheckSymbolExists.c.o
/usr/bin/gcc   -W -Wall -pedantic -Wbad-function-cast -Wconversion -Winline -Wmissing-declarations -Wmissing-prototypes -Wnested-externs -Wno-long-long -Wno-multichar -Wpointer-arith -Wshadow -Wsign-compare -Wundef -Wunused -Wwrite-strings -Wcast-align -Wdeclaration-after-statement -Wempty-body -Wendif-labels -Wfloat-equal -Wignored-qualifiers -Wno-format-nonliteral -Wno-sign-conversion -Wno-system-headers -Wstrict-prototypes -Wtype-limits -Wvla -Wmissing-parameter-type -Wold-style-declaration -Wstrict-aliasing=3 -Wformat=2 -Warray-bounds=2 -ftree-vrp -Wduplicated-cond -Wnull-dereference -fdelete-null-pointer-checks -Wshift-negative-value -Wshift-overflow=2 -Walloc-zero -Wduplicated-branches -Wformat-overflow=2 -Wformat-truncation=1 -Wrestrict -Warith-conversion -Wdouble-promotion -Wenum-conversion -Wunused-const-variable  -o CMakeFiles/cmTC_1d153.dir/CheckSymbolExists.c.o -c "/home/uhuj/skillbox_cpp/learn_cpp_tasks/out/build/GCC 12.2.0 x86_64-linux-gnu/CMakeFiles/CMakeScratch/TryCompile-0Sv2N5/CheckSymbolExists.c"
/home/uhuj/skillbox_cpp/learn_cpp_tasks/out/build/GCC 12.2.0 x86_64-linux-gnu/CMakeFiles/CMakeScratch/TryCompile-0Sv2N5/CheckSymbolExists.c: In function ‘main’:
/home/uhuj/skillbox_cpp/learn_cpp_tasks/out/build/GCC 12.2.0 x86_64-linux-gnu/CMakeFiles/CMakeScratch/TryCompile-0Sv2N5/CheckSymbolExists.c:41:11: warning: ISO C forbids conversion of function pointer to object pointer type [-Wpedantic]
   41 |   return ((int*)(&strcasecmp))[argc];
      |           ^
Linking C executable cmTC_1d153
/usr/bin/cmake -E cmake_link_script CMakeFiles/cmTC_1d153.dir/link.txt --verbose=1
/usr/bin/gcc   -W -Wall -pedantic -Wbad-function-cast -Wconversion -Winline -Wmissing-declarations -Wmissing-prototypes -Wnested-externs -Wno-long-long -Wno-multichar -Wpointer-arith -Wshadow -Wsign-compare -Wundef -Wunused -Wwrite-strings -Wcast-align -Wdeclaration-after-statement -Wempty-body -Wendif-labels -Wfloat-equal -Wignored-qualifiers -Wno-format-nonliteral -Wno-sign-conversion -Wno-system-headers -Wstrict-prototypes -Wtype-limits -Wvla -Wmissing-parameter-type -Wold-style-declaration -Wstrict-aliasing=3 -Wformat=2 -Warray-bounds=2 -ftree-vrp -Wduplicated-cond -Wnull-dereference -fdelete-null-pointer-checks -Wshift-negative-value -Wshift-overflow=2 -Walloc-zero -Wduplicated-branches -Wformat-overflow=2 -Wformat-truncation=1 -Wrestrict -Warith-conversion -Wdouble-promotion -Wenum-conversion -Wunused-const-variable  CMakeFiles/cmTC_1d153.dir/CheckSymbolExists.c.o -o cmTC_1d153 
gmake[1]: Leaving directory '/home/uhuj/skillbox_cpp/learn_cpp_tasks/out/build/GCC 12.2.0 x86_64-linux-gnu/CMakeFiles/CMakeScratch/TryCompile-0Sv2N5'


File CheckSymbolExists.c:
/* */
#include <inttypes.h>
#include <sys/wait.h>
#include <sys/ioctl.h>
#include <sys/param.h>
#include <sys/poll.h>
#include <sys/resource.h>
#include <sys/select.h>
#include <sys/socket.h>
#include <sys/stat.h>
#include <sys/time.h>
#include <sys/types.h>
#include <sys/un.h>
#include <sys/xattr.h>
#include <arpa/inet.h>
#include <fcntl.h>
#include <ifaddrs.h>
#include <libgen.h>
#include <locale.h>
#include <net/if.h>
#include <netdb.h>
#include <netinet/in.h>
#include <netinet/tcp.h>
#include <netinet/udp.h>
#include <poll.h>
#include <pwd.h>
#include <stdatomic.h>
#include <stdbool.h>
#include <stdint.h>
#include <strings.h>
#include <termio.h>
#include <termios.h>
#include <unistd.h>
#include <utime.h>
#include <string.h>

int main(int argc, char** argv)
{
  (void)argv;
#ifndef strcasecmp
  return ((int*)(&strcasecmp))[argc];
#else
  (void)argc;
  return 0;
#endif
}
Determining if the alarm exist passed with the following output:
Change Dir: /home/uhuj/skillbox_cpp/learn_cpp_tasks/out/build/GCC 12.2.0 x86_64-linux-gnu/CMakeFiles/CMakeScratch/TryCompile-ql0tY6

Run Build Command(s):/usr/bin/gmake -f Makefile cmTC_3812d/fast && /usr/bin/gmake  -f CMakeFiles/cmTC_3812d.dir/build.make CMakeFiles/cmTC_3812d.dir/build
gmake[1]: Entering directory '/home/uhuj/skillbox_cpp/learn_cpp_tasks/out/build/GCC 12.2.0 x86_64-linux-gnu/CMakeFiles/CMakeScratch/TryCompile-ql0tY6'
Building C object CMakeFiles/cmTC_3812d.dir/CheckSymbolExists.c.o
/usr/bin/gcc   -W -Wall -pedantic -Wbad-function-cast -Wconversion -Winline -Wmissing-declarations -Wmissing-prototypes -Wnested-externs -Wno-long-long -Wno-multichar -Wpointer-arith -Wshadow -Wsign-compare -Wundef -Wunused -Wwrite-strings -Wcast-align -Wdeclaration-after-statement -Wempty-body -Wendif-labels -Wfloat-equal -Wignored-qualifiers -Wno-format-nonliteral -Wno-sign-conversion -Wno-system-headers -Wstrict-prototypes -Wtype-limits -Wvla -Wmissing-parameter-type -Wold-style-declaration -Wstrict-aliasing=3 -Wformat=2 -Warray-bounds=2 -ftree-vrp -Wduplicated-cond -Wnull-dereference -fdelete-null-pointer-checks -Wshift-negative-value -Wshift-overflow=2 -Walloc-zero -Wduplicated-branches -Wformat-overflow=2 -Wformat-truncation=1 -Wrestrict -Warith-conversion -Wdouble-promotion -Wenum-conversion -Wunused-const-variable  -o CMakeFiles/cmTC_3812d.dir/CheckSymbolExists.c.o -c "/home/uhuj/skillbox_cpp/learn_cpp_tasks/out/build/GCC 12.2.0 x86_64-linux-gnu/CMakeFiles/CMakeScratch/TryCompile-ql0tY6/CheckSymbolExists.c"
/home/uhuj/skillbox_cpp/learn_cpp_tasks/out/build/GCC 12.2.0 x86_64-linux-gnu/CMakeFiles/CMakeScratch/TryCompile-ql0tY6/CheckSymbolExists.c: In function ‘main’:
/home/uhuj/skillbox_cpp/learn_cpp_tasks/out/build/GCC 12.2.0 x86_64-linux-gnu/CMakeFiles/CMakeScratch/TryCompile-ql0tY6/CheckSymbolExists.c:40:11: warning: ISO C forbids conversion of function pointer to object pointer type [-Wpedantic]
   40 |   return ((int*)(&alarm))[argc];
      |           ^
Linking C executable cmTC_3812d
/usr/bin/cmake -E cmake_link_script CMakeFiles/cmTC_3812d.dir/link.txt --verbose=1
/usr/bin/gcc   -W -Wall -pedantic -Wbad-function-cast -Wconversion -Winline -Wmissing-declarations -Wmissing-prototypes -Wnested-externs -Wno-long-long -Wno-multichar -Wpointer-arith -Wshadow -Wsign-compare -Wundef -Wunused -Wwrite-strings -Wcast-align -Wdeclaration-after-statement -Wempty-body -Wendif-labels -Wfloat-equal -Wignored-qualifiers -Wno-format-nonliteral -Wno-sign-conversion -Wno-system-headers -Wstrict-prototypes -Wtype-limits -Wvla -Wmissing-parameter-type -Wold-style-declaration -Wstrict-aliasing=3 -Wformat=2 -Warray-bounds=2 -ftree-vrp -Wduplicated-cond -Wnull-dereference -fdelete-null-pointer-checks -Wshift-negative-value -Wshift-overflow=2 -Walloc-zero -Wduplicated-branches -Wformat-overflow=2 -Wformat-truncation=1 -Wrestrict -Warith-conversion -Wdouble-promotion -Wenum-conversion -Wunused-const-variable  CMakeFiles/cmTC_3812d.dir/CheckSymbolExists.c.o -o cmTC_3812d 
gmake[1]: Leaving directory '/home/uhuj/skillbox_cpp/learn_cpp_tasks/out/build/GCC 12.2.0 x86_64-linux-gnu/CMakeFiles/CMakeScratch/TryCompile-ql0tY6'


File CheckSymbolExists.c:
/* */
#include <inttypes.h>
#include <sys/wait.h>
#include <sys/ioctl.h>
#include <sys/param.h>
#include <sys/poll.h>
#include <sys/resource.h>
#include <sys/select.h>
#include <sys/socket.h>
#include <sys/stat.h>
#include <sys/time.h>
#include <sys/types.h>
#include <sys/un.h>
#include <sys/xattr.h>
#include <arpa/inet.h>
#include <fcntl.h>
#include <ifaddrs.h>
#include <libgen.h>
#include <locale.h>
#include <net/if.h>
#include <netdb.h>
#include <netinet/in.h>
#include <netinet/tcp.h>
#include <netinet/udp.h>
#include <poll.h>
#include <pwd.h>
#include <stdatomic.h>
#include <stdbool.h>
#include <stdint.h>
#include <strings.h>
#include <termio.h>
#include <termios.h>
#include <unistd.h>
#include <utime.h>

int main(int argc, char** argv)
{
  (void)argv;
#ifndef alarm
  return ((int*)(&alarm))[argc];
#else
  (void)argc;
  return 0;
#endif
}
Determining if the arc4random exist passed with the following output:
Change Dir: /home/uhuj/skillbox_cpp/learn_cpp_tasks/out/build/GCC 12.2.0 x86_64-linux-gnu/CMakeFiles/CMakeScratch/TryCompile-zrxrz1

Run Build Command(s):/usr/bin/gmake -f Makefile cmTC_2aa30/fast && /usr/bin/gmake  -f CMakeFiles/cmTC_2aa30.dir/build.make CMakeFiles/cmTC_2aa30.dir/build
gmake[1]: Entering directory '/home/uhuj/skillbox_cpp/learn_cpp_tasks/out/build/GCC 12.2.0 x86_64-linux-gnu/CMakeFiles/CMakeScratch/TryCompile-zrxrz1'
Building C object CMakeFiles/cmTC_2aa30.dir/CheckSymbolExists.c.o
/usr/bin/gcc   -W -Wall -pedantic -Wbad-function-cast -Wconversion -Winline -Wmissing-declarations -Wmissing-prototypes -Wnested-externs -Wno-long-long -Wno-multichar -Wpointer-arith -Wshadow -Wsign-compare -Wundef -Wunused -Wwrite-strings -Wcast-align -Wdeclaration-after-statement -Wempty-body -Wendif-labels -Wfloat-equal -Wignored-qualifiers -Wno-format-nonliteral -Wno-sign-conversion -Wno-system-headers -Wstrict-prototypes -Wtype-limits -Wvla -Wmissing-parameter-type -Wold-style-declaration -Wstrict-aliasing=3 -Wformat=2 -Warray-bounds=2 -ftree-vrp -Wduplicated-cond -Wnull-dereference -fdelete-null-pointer-checks -Wshift-negative-value -Wshift-overflow=2 -Walloc-zero -Wduplicated-branches -Wformat-overflow=2 -Wformat-truncation=1 -Wrestrict -Warith-conversion -Wdouble-promotion -Wenum-conversion -Wunused-const-variable  -o CMakeFiles/cmTC_2aa30.dir/CheckSymbolExists.c.o -c "/home/uhuj/skillbox_cpp/learn_cpp_tasks/out/build/GCC 12.2.0 x86_64-linux-gnu/CMakeFiles/CMakeScratch/TryCompile-zrxrz1/CheckSymbolExists.c"
/home/uhuj/skillbox_cpp/learn_cpp_tasks/out/build/GCC 12.2.0 x86_64-linux-gnu/CMakeFiles/CMakeScratch/TryCompile-zrxrz1/CheckSymbolExists.c: In function ‘main’:
/home/uhuj/skillbox_cpp/learn_cpp_tasks/out/build/GCC 12.2.0 x86_64-linux-gnu/CMakeFiles/CMakeScratch/TryCompile-zrxrz1/CheckSymbolExists.c:41:11: warning: ISO C forbids conversion of function pointer to object pointer type [-Wpedantic]
   41 |   return ((int*)(&arc4random))[argc];
      |           ^
Linking C executable cmTC_2aa30
/usr/bin/cmake -E cmake_link_script CMakeFiles/cmTC_2aa30.dir/link.txt --verbose=1
/usr/bin/gcc   -W -Wall -pedantic -Wbad-function-cast -Wconversion -Winline -Wmissing-declarations -Wmissing-prototypes -Wnested-externs -Wno-long-long -Wno-multichar -Wpointer-arith -Wshadow -Wsign-compare -Wundef -Wunused -Wwrite-strings -Wcast-align -Wdeclaration-after-statement -Wempty-body -Wendif-labels -Wfloat-equal -Wignored-qualifiers -Wno-format-nonliteral -Wno-sign-conversion -Wno-system-headers -Wstrict-prototypes -Wtype-limits -Wvla -Wmissing-parameter-type -Wold-style-declaration -Wstrict-aliasing=3 -Wformat=2 -Warray-bounds=2 -ftree-vrp -Wduplicated-cond -Wnull-dereference -fdelete-null-pointer-checks -Wshift-negative-value -Wshift-overflow=2 -Walloc-zero -Wduplicated-branches -Wformat-overflow=2 -Wformat-truncation=1 -Wrestrict -Warith-conversion -Wdouble-promotion -Wenum-conversion -Wunused-const-variable  CMakeFiles/cmTC_2aa30.dir/CheckSymbolExists.c.o -o cmTC_2aa30 
gmake[1]: Leaving directory '/home/uhuj/skillbox_cpp/learn_cpp_tasks/out/build/GCC 12.2.0 x86_64-linux-gnu/CMakeFiles/CMakeScratch/TryCompile-zrxrz1'


File CheckSymbolExists.c:
/* */
#include <inttypes.h>
#include <sys/wait.h>
#include <sys/ioctl.h>
#include <sys/param.h>
#include <sys/poll.h>
#include <sys/resource.h>
#include <sys/select.h>
#include <sys/socket.h>
#include <sys/stat.h>
#include <sys/time.h>
#include <sys/types.h>
#include <sys/un.h>
#include <sys/xattr.h>
#include <arpa/inet.h>
#include <fcntl.h>
#include <ifaddrs.h>
#include <libgen.h>
#include <locale.h>
#include <net/if.h>
#include <netdb.h>
#include <netinet/in.h>
#include <netinet/tcp.h>
#include <netinet/udp.h>
#include <poll.h>
#include <pwd.h>
#include <stdatomic.h>
#include <stdbool.h>
#include <stdint.h>
#include <strings.h>
#include <termio.h>
#include <termios.h>
#include <unistd.h>
#include <utime.h>
#include <stdlib.h>

int main(int argc, char** argv)
{
  (void)argv;
#ifndef arc4random
  return ((int*)(&arc4random))[argc];
#else
  (void)argc;
  return 0;
#endif
}
Determining if the fcntl exist passed with the following output:
Change Dir: /home/uhuj/skillbox_cpp/learn_cpp_tasks/out/build/GCC 12.2.0 x86_64-linux-gnu/CMakeFiles/CMakeScratch/TryCompile-tvxA0I

Run Build Command(s):/usr/bin/gmake -f Makefile cmTC_eea6e/fast && /usr/bin/gmake  -f CMakeFiles/cmTC_eea6e.dir/build.make CMakeFiles/cmTC_eea6e.dir/build
gmake[1]: Entering directory '/home/uhuj/skillbox_cpp/learn_cpp_tasks/out/build/GCC 12.2.0 x86_64-linux-gnu/CMakeFiles/CMakeScratch/TryCompile-tvxA0I'
Building C object CMakeFiles/cmTC_eea6e.dir/CheckSymbolExists.c.o
/usr/bin/gcc   -W -Wall -pedantic -Wbad-function-cast -Wconversion -Winline -Wmissing-declarations -Wmissing-prototypes -Wnested-externs -Wno-long-long -Wno-multichar -Wpointer-arith -Wshadow -Wsign-compare -Wundef -Wunused -Wwrite-strings -Wcast-align -Wdeclaration-after-statement -Wempty-body -Wendif-labels -Wfloat-equal -Wignored-qualifiers -Wno-format-nonliteral -Wno-sign-conversion -Wno-system-headers -Wstrict-prototypes -Wtype-limits -Wvla -Wmissing-parameter-type -Wold-style-declaration -Wstrict-aliasing=3 -Wformat=2 -Warray-bounds=2 -ftree-vrp -Wduplicated-cond -Wnull-dereference -fdelete-null-pointer-checks -Wshift-negative-value -Wshift-overflow=2 -Walloc-zero -Wduplicated-branches -Wformat-overflow=2 -Wformat-truncation=1 -Wrestrict -Warith-conversion -Wdouble-promotion -Wenum-conversion -Wunused-const-variable  -o CMakeFiles/cmTC_eea6e.dir/CheckSymbolExists.c.o -c "/home/uhuj/skillbox_cpp/learn_cpp_tasks/out/build/GCC 12.2.0 x86_64-linux-gnu/CMakeFiles/CMakeScratch/TryCompile-tvxA0I/CheckSymbolExists.c"
/home/uhuj/skillbox_cpp/learn_cpp_tasks/out/build/GCC 12.2.0 x86_64-linux-gnu/CMakeFiles/CMakeScratch/TryCompile-tvxA0I/CheckSymbolExists.c: In function ‘main’:
/home/uhuj/skillbox_cpp/learn_cpp_tasks/out/build/GCC 12.2.0 x86_64-linux-gnu/CMakeFiles/CMakeScratch/TryCompile-tvxA0I/CheckSymbolExists.c:40:11: warning: ISO C forbids conversion of function pointer to object pointer type [-Wpedantic]
   40 |   return ((int*)(&fcntl))[argc];
      |           ^
Linking C executable cmTC_eea6e
/usr/bin/cmake -E cmake_link_script CMakeFiles/cmTC_eea6e.dir/link.txt --verbose=1
/usr/bin/gcc   -W -Wall -pedantic -Wbad-function-cast -Wconversion -Winline -Wmissing-declarations -Wmissing-prototypes -Wnested-externs -Wno-long-long -Wno-multichar -Wpointer-arith -Wshadow -Wsign-compare -Wundef -Wunused -Wwrite-strings -Wcast-align -Wdeclaration-after-statement -Wempty-body -Wendif-labels -Wfloat-equal -Wignored-qualifiers -Wno-format-nonliteral -Wno-sign-conversion -Wno-system-headers -Wstrict-prototypes -Wtype-limits -Wvla -Wmissing-parameter-type -Wold-style-declaration -Wstrict-aliasing=3 -Wformat=2 -Warray-bounds=2 -ftree-vrp -Wduplicated-cond -Wnull-dereference -fdelete-null-pointer-checks -Wshift-negative-value -Wshift-overflow=2 -Walloc-zero -Wduplicated-branches -Wformat-overflow=2 -Wformat-truncation=1 -Wrestrict -Warith-conversion -Wdouble-promotion -Wenum-conversion -Wunused-const-variable  CMakeFiles/cmTC_eea6e.dir/CheckSymbolExists.c.o -o cmTC_eea6e 
gmake[1]: Leaving directory '/home/uhuj/skillbox_cpp/learn_cpp_tasks/out/build/GCC 12.2.0 x86_64-linux-gnu/CMakeFiles/CMakeScratch/TryCompile-tvxA0I'


File CheckSymbolExists.c:
/* */
#include <inttypes.h>
#include <sys/wait.h>
#include <sys/ioctl.h>
#include <sys/param.h>
#include <sys/poll.h>
#include <sys/resource.h>
#include <sys/select.h>
#include <sys/socket.h>
#include <sys/stat.h>
#include <sys/time.h>
#include <sys/types.h>
#include <sys/un.h>
#include <sys/xattr.h>
#include <arpa/inet.h>
#include <fcntl.h>
#include <ifaddrs.h>
#include <libgen.h>
#include <locale.h>
#include <net/if.h>
#include <netdb.h>
#include <netinet/in.h>
#include <netinet/tcp.h>
#include <netinet/udp.h>
#include <poll.h>
#include <pwd.h>
#include <stdatomic.h>
#include <stdbool.h>
#include <stdint.h>
#include <strings.h>
#include <termio.h>
#include <termios.h>
#include <unistd.h>
#include <utime.h>

int main(int argc, char** argv)
{
  (void)argv;
#ifndef fcntl
  return ((int*)(&fcntl))[argc];
#else
  (void)argc;
  return 0;
#endif
}
Determining if the getppid exist passed with the following output:
Change Dir: /home/uhuj/skillbox_cpp/learn_cpp_tasks/out/build/GCC 12.2.0 x86_64-linux-gnu/CMakeFiles/CMakeScratch/TryCompile-14smKh

Run Build Command(s):/usr/bin/gmake -f Makefile cmTC_b005d/fast && /usr/bin/gmake  -f CMakeFiles/cmTC_b005d.dir/build.make CMakeFiles/cmTC_b005d.dir/build
gmake[1]: Entering directory '/home/uhuj/skillbox_cpp/learn_cpp_tasks/out/build/GCC 12.2.0 x86_64-linux-gnu/CMakeFiles/CMakeScratch/TryCompile-14smKh'
Building C object CMakeFiles/cmTC_b005d.dir/CheckSymbolExists.c.o
/usr/bin/gcc   -W -Wall -pedantic -Wbad-function-cast -Wconversion -Winline -Wmissing-declarations -Wmissing-prototypes -Wnested-externs -Wno-long-long -Wno-multichar -Wpointer-arith -Wshadow -Wsign-compare -Wundef -Wunused -Wwrite-strings -Wcast-align -Wdeclaration-after-statement -Wempty-body -Wendif-labels -Wfloat-equal -Wignored-qualifiers -Wno-format-nonliteral -Wno-sign-conversion -Wno-system-headers -Wstrict-prototypes -Wtype-limits -Wvla -Wmissing-parameter-type -Wold-style-declaration -Wstrict-aliasing=3 -Wformat=2 -Warray-bounds=2 -ftree-vrp -Wduplicated-cond -Wnull-dereference -fdelete-null-pointer-checks -Wshift-negative-value -Wshift-overflow=2 -Walloc-zero -Wduplicated-branches -Wformat-overflow=2 -Wformat-truncation=1 -Wrestrict -Warith-conversion -Wdouble-promotion -Wenum-conversion -Wunused-const-variable  -o CMakeFiles/cmTC_b005d.dir/CheckSymbolExists.c.o -c "/home/uhuj/skillbox_cpp/learn_cpp_tasks/out/build/GCC 12.2.0 x86_64-linux-gnu/CMakeFiles/CMakeScratch/TryCompile-14smKh/CheckSymbolExists.c"
/home/uhuj/skillbox_cpp/learn_cpp_tasks/out/build/GCC 12.2.0 x86_64-linux-gnu/CMakeFiles/CMakeScratch/TryCompile-14smKh/CheckSymbolExists.c: In function ‘main’:
/home/uhuj/skillbox_cpp/learn_cpp_tasks/out/build/GCC 12.2.0 x86_64-linux-gnu/CMakeFiles/CMakeScratch/TryCompile-14smKh/CheckSymbolExists.c:40:11: warning: ISO C forbids conversion of function pointer to object pointer type [-Wpedantic]
   40 |   return ((int*)(&getppid))[argc];
      |           ^
Linking C executable cmTC_b005d
/usr/bin/cmake -E cmake_link_script CMakeFiles/cmTC_b005d.dir/link.txt --verbose=1
/usr/bin/gcc   -W -Wall -pedantic -Wbad-function-cast -Wconversion -Winline -Wmissing-declarations -Wmissing-prototypes -Wnested-externs -Wno-long-long -Wno-multichar -Wpointer-arith -Wshadow -Wsign-compare -Wundef -Wunused -Wwrite-strings -Wcast-align -Wdeclaration-after-statement -Wempty-body -Wendif-labels -Wfloat-equal -Wignored-qualifiers -Wno-format-nonliteral -Wno-sign-conversion -Wno-system-headers -Wstrict-prototypes -Wtype-limits -Wvla -Wmissing-parameter-type -Wold-style-declaration -Wstrict-aliasing=3 -Wformat=2 -Warray-bounds=2 -ftree-vrp -Wduplicated-cond -Wnull-dereference -fdelete-null-pointer-checks -Wshift-negative-value -Wshift-overflow=2 -Walloc-zero -Wduplicated-branches -Wformat-overflow=2 -Wformat-truncation=1 -Wrestrict -Warith-conversion -Wdouble-promotion -Wenum-conversion -Wunused-const-variable  CMakeFiles/cmTC_b005d.dir/CheckSymbolExists.c.o -o cmTC_b005d 
gmake[1]: Leaving directory '/home/uhuj/skillbox_cpp/learn_cpp_tasks/out/build/GCC 12.2.0 x86_64-linux-gnu/CMakeFiles/CMakeScratch/TryCompile-14smKh'


File CheckSymbolExists.c:
/* */
#include <inttypes.h>
#include <sys/wait.h>
#include <sys/ioctl.h>
#include <sys/param.h>
#include <sys/poll.h>
#include <sys/resource.h>
#include <sys/select.h>
#include <sys/socket.h>
#include <sys/stat.h>
#include <sys/time.h>
#include <sys/types.h>
#include <sys/un.h>
#include <sys/xattr.h>
#include <arpa/inet.h>
#include <fcntl.h>
#include <ifaddrs.h>
#include <libgen.h>
#include <locale.h>
#include <net/if.h>
#include <netdb.h>
#include <netinet/in.h>
#include <netinet/tcp.h>
#include <netinet/udp.h>
#include <poll.h>
#include <pwd.h>
#include <stdatomic.h>
#include <stdbool.h>
#include <stdint.h>
#include <strings.h>
#include <termio.h>
#include <termios.h>
#include <unistd.h>
#include <utime.h>

int main(int argc, char** argv)
{
  (void)argv;
#ifndef getppid
  return ((int*)(&getppid))[argc];
#else
  (void)argc;
  return 0;
#endif
}
Determining if the utimes exist passed with the following output:
Change Dir: /home/uhuj/skillbox_cpp/learn_cpp_tasks/out/build/GCC 12.2.0 x86_64-linux-gnu/CMakeFiles/CMakeScratch/TryCompile-WmM3Vr

Run Build Command(s):/usr/bin/gmake -f Makefile cmTC_8b861/fast && /usr/bin/gmake  -f CMakeFiles/cmTC_8b861.dir/build.make CMakeFiles/cmTC_8b861.dir/build
gmake[1]: Entering directory '/home/uhuj/skillbox_cpp/learn_cpp_tasks/out/build/GCC 12.2.0 x86_64-linux-gnu/CMakeFiles/CMakeScratch/TryCompile-WmM3Vr'
Building C object CMakeFiles/cmTC_8b861.dir/CheckSymbolExists.c.o
/usr/bin/gcc   -W -Wall -pedantic -Wbad-function-cast -Wconversion -Winline -Wmissing-declarations -Wmissing-prototypes -Wnested-externs -Wno-long-long -Wno-multichar -Wpointer-arith -Wshadow -Wsign-compare -Wundef -Wunused -Wwrite-strings -Wcast-align -Wdeclaration-after-statement -Wempty-body -Wendif-labels -Wfloat-equal -Wignored-qualifiers -Wno-format-nonliteral -Wno-sign-conversion -Wno-system-headers -Wstrict-prototypes -Wtype-limits -Wvla -Wmissing-parameter-type -Wold-style-declaration -Wstrict-aliasing=3 -Wformat=2 -Warray-bounds=2 -ftree-vrp -Wduplicated-cond -Wnull-dereference -fdelete-null-pointer-checks -Wshift-negative-value -Wshift-overflow=2 -Walloc-zero -Wduplicated-branches -Wformat-overflow=2 -Wformat-truncation=1 -Wrestrict -Warith-conversion -Wdouble-promotion -Wenum-conversion -Wunused-const-variable  -o CMakeFiles/cmTC_8b861.dir/CheckSymbolExists.c.o -c "/home/uhuj/skillbox_cpp/learn_cpp_tasks/out/build/GCC 12.2.0 x86_64-linux-gnu/CMakeFiles/CMakeScratch/TryCompile-WmM3Vr/CheckSymbolExists.c"
/home/uhuj/skillbox_cpp/learn_cpp_tasks/out/build/GCC 12.2.0 x86_64-linux-gnu/CMakeFiles/CMakeScratch/TryCompile-WmM3Vr/CheckSymbolExists.c: In function ‘main’:
/home/uhuj/skillbox_cpp/learn_cpp_tasks/out/build/GCC 12.2.0 x86_64-linux-gnu/CMakeFiles/CMakeScratch/TryCompile-WmM3Vr/CheckSymbolExists.c:40:11: warning: ISO C forbids conversion of function pointer to object pointer type [-Wpedantic]
   40 |   return ((int*)(&utimes))[argc];
      |           ^
Linking C executable cmTC_8b861
/usr/bin/cmake -E cmake_link_script CMakeFiles/cmTC_8b861.dir/link.txt --verbose=1
/usr/bin/gcc   -W -Wall -pedantic -Wbad-function-cast -Wconversion -Winline -Wmissing-declarations -Wmissing-prototypes -Wnested-externs -Wno-long-long -Wno-multichar -Wpointer-arith -Wshadow -Wsign-compare -Wundef -Wunused -Wwrite-strings -Wcast-align -Wdeclaration-after-statement -Wempty-body -Wendif-labels -Wfloat-equal -Wignored-qualifiers -Wno-format-nonliteral -Wno-sign-conversion -Wno-system-headers -Wstrict-prototypes -Wtype-limits -Wvla -Wmissing-parameter-type -Wold-style-declaration -Wstrict-aliasing=3 -Wformat=2 -Warray-bounds=2 -ftree-vrp -Wduplicated-cond -Wnull-dereference -fdelete-null-pointer-checks -Wshift-negative-value -Wshift-overflow=2 -Walloc-zero -Wduplicated-branches -Wformat-overflow=2 -Wformat-truncation=1 -Wrestrict -Warith-conversion -Wdouble-promotion -Wenum-conversion -Wunused-const-variable  CMakeFiles/cmTC_8b861.dir/CheckSymbolExists.c.o -o cmTC_8b861 
gmake[1]: Leaving directory '/home/uhuj/skillbox_cpp/learn_cpp_tasks/out/build/GCC 12.2.0 x86_64-linux-gnu/CMakeFiles/CMakeScratch/TryCompile-WmM3Vr'


File CheckSymbolExists.c:
/* */
#include <inttypes.h>
#include <sys/wait.h>
#include <sys/ioctl.h>
#include <sys/param.h>
#include <sys/poll.h>
#include <sys/resource.h>
#include <sys/select.h>
#include <sys/socket.h>
#include <sys/stat.h>
#include <sys/time.h>
#include <sys/types.h>
#include <sys/un.h>
#include <sys/xattr.h>
#include <arpa/inet.h>
#include <fcntl.h>
#include <ifaddrs.h>
#include <libgen.h>
#include <locale.h>
#include <net/if.h>
#include <netdb.h>
#include <netinet/in.h>
#include <netinet/tcp.h>
#include <netinet/udp.h>
#include <poll.h>
#include <pwd.h>
#include <stdatomic.h>
#include <stdbool.h>
#include <stdint.h>
#include <strings.h>
#include <termio.h>
#include <termios.h>
#include <unistd.h>
#include <utime.h>

int main(int argc, char** argv)
{
  (void)argv;
#ifndef utimes
  return ((int*)(&utimes))[argc];
#else
  (void)argc;
  return 0;
#endif
}
Determining if the gettimeofday exist passed with the following output:
Change Dir: /home/uhuj/skillbox_cpp/learn_cpp_tasks/out/build/GCC 12.2.0 x86_64-linux-gnu/CMakeFiles/CMakeScratch/TryCompile-K7s52y

Run Build Command(s):/usr/bin/gmake -f Makefile cmTC_f849d/fast && /usr/bin/gmake  -f CMakeFiles/cmTC_f849d.dir/build.make CMakeFiles/cmTC_f849d.dir/build
gmake[1]: Entering directory '/home/uhuj/skillbox_cpp/learn_cpp_tasks/out/build/GCC 12.2.0 x86_64-linux-gnu/CMakeFiles/CMakeScratch/TryCompile-K7s52y'
Building C object CMakeFiles/cmTC_f849d.dir/CheckSymbolExists.c.o
/usr/bin/gcc   -W -Wall -pedantic -Wbad-function-cast -Wconversion -Winline -Wmissing-declarations -Wmissing-prototypes -Wnested-externs -Wno-long-long -Wno-multichar -Wpointer-arith -Wshadow -Wsign-compare -Wundef -Wunused -Wwrite-strings -Wcast-align -Wdeclaration-after-statement -Wempty-body -Wendif-labels -Wfloat-equal -Wignored-qualifiers -Wno-format-nonliteral -Wno-sign-conversion -Wno-system-headers -Wstrict-prototypes -Wtype-limits -Wvla -Wmissing-parameter-type -Wold-style-declaration -Wstrict-aliasing=3 -Wformat=2 -Warray-bounds=2 -ftree-vrp -Wduplicated-cond -Wnull-dereference -fdelete-null-pointer-checks -Wshift-negative-value -Wshift-overflow=2 -Walloc-zero -Wduplicated-branches -Wformat-overflow=2 -Wformat-truncation=1 -Wrestrict -Warith-conversion -Wdouble-promotion -Wenum-conversion -Wunused-const-variable  -o CMakeFiles/cmTC_f849d.dir/CheckSymbolExists.c.o -c "/home/uhuj/skillbox_cpp/learn_cpp_tasks/out/build/GCC 12.2.0 x86_64-linux-gnu/CMakeFiles/CMakeScratch/TryCompile-K7s52y/CheckSymbolExists.c"
/home/uhuj/skillbox_cpp/learn_cpp_tasks/out/build/GCC 12.2.0 x86_64-linux-gnu/CMakeFiles/CMakeScratch/TryCompile-K7s52y/CheckSymbolExists.c: In function ‘main’:
/home/uhuj/skillbox_cpp/learn_cpp_tasks/out/build/GCC 12.2.0 x86_64-linux-gnu/CMakeFiles/CMakeScratch/TryCompile-K7s52y/CheckSymbolExists.c:40:11: warning: ISO C forbids conversion of function pointer to object pointer type [-Wpedantic]
   40 |   return ((int*)(&gettimeofday))[argc];
      |           ^
Linking C executable cmTC_f849d
/usr/bin/cmake -E cmake_link_script CMakeFiles/cmTC_f849d.dir/link.txt --verbose=1
/usr/bin/gcc   -W -Wall -pedantic -Wbad-function-cast -Wconversion -Winline -Wmissing-declarations -Wmissing-prototypes -Wnested-externs -Wno-long-long -Wno-multichar -Wpointer-arith -Wshadow -Wsign-compare -Wundef -Wunused -Wwrite-strings -Wcast-align -Wdeclaration-after-statement -Wempty-body -Wendif-labels -Wfloat-equal -Wignored-qualifiers -Wno-format-nonliteral -Wno-sign-conversion -Wno-system-headers -Wstrict-prototypes -Wtype-limits -Wvla -Wmissing-parameter-type -Wold-style-declaration -Wstrict-aliasing=3 -Wformat=2 -Warray-bounds=2 -ftree-vrp -Wduplicated-cond -Wnull-dereference -fdelete-null-pointer-checks -Wshift-negative-value -Wshift-overflow=2 -Walloc-zero -Wduplicated-branches -Wformat-overflow=2 -Wformat-truncation=1 -Wrestrict -Warith-conversion -Wdouble-promotion -Wenum-conversion -Wunused-const-variable  CMakeFiles/cmTC_f849d.dir/CheckSymbolExists.c.o -o cmTC_f849d 
gmake[1]: Leaving directory '/home/uhuj/skillbox_cpp/learn_cpp_tasks/out/build/GCC 12.2.0 x86_64-linux-gnu/CMakeFiles/CMakeScratch/TryCompile-K7s52y'


File CheckSymbolExists.c:
/* */
#include <inttypes.h>
#include <sys/wait.h>
#include <sys/ioctl.h>
#include <sys/param.h>
#include <sys/poll.h>
#include <sys/resource.h>
#include <sys/select.h>
#include <sys/socket.h>
#include <sys/stat.h>
#include <sys/time.h>
#include <sys/types.h>
#include <sys/un.h>
#include <sys/xattr.h>
#include <arpa/inet.h>
#include <fcntl.h>
#include <ifaddrs.h>
#include <libgen.h>
#include <locale.h>
#include <net/if.h>
#include <netdb.h>
#include <netinet/in.h>
#include <netinet/tcp.h>
#include <netinet/udp.h>
#include <poll.h>
#include <pwd.h>
#include <stdatomic.h>
#include <stdbool.h>
#include <stdint.h>
#include <strings.h>
#include <termio.h>
#include <termios.h>
#include <unistd.h>
#include <utime.h>

int main(int argc, char** argv)
{
  (void)argv;
#ifndef gettimeofday
  return ((int*)(&gettimeofday))[argc];
#else
  (void)argc;
  return 0;
#endif
}
Determining if the sigsetjmp exist passed with the following output:
Change Dir: /home/uhuj/skillbox_cpp/learn_cpp_tasks/out/build/GCC 12.2.0 x86_64-linux-gnu/CMakeFiles/CMakeScratch/TryCompile-wpE8li

Run Build Command(s):/usr/bin/gmake -f Makefile cmTC_4f3a5/fast && /usr/bin/gmake  -f CMakeFiles/cmTC_4f3a5.dir/build.make CMakeFiles/cmTC_4f3a5.dir/build
gmake[1]: Entering directory '/home/uhuj/skillbox_cpp/learn_cpp_tasks/out/build/GCC 12.2.0 x86_64-linux-gnu/CMakeFiles/CMakeScratch/TryCompile-wpE8li'
Building C object CMakeFiles/cmTC_4f3a5.dir/CheckSymbolExists.c.o
/usr/bin/gcc   -W -Wall -pedantic -Wbad-function-cast -Wconversion -Winline -Wmissing-declarations -Wmissing-prototypes -Wnested-externs -Wno-long-long -Wno-multichar -Wpointer-arith -Wshadow -Wsign-compare -Wundef -Wunused -Wwrite-strings -Wcast-align -Wdeclaration-after-statement -Wempty-body -Wendif-labels -Wfloat-equal -Wignored-qualifiers -Wno-format-nonliteral -Wno-sign-conversion -Wno-system-headers -Wstrict-prototypes -Wtype-limits -Wvla -Wmissing-parameter-type -Wold-style-declaration -Wstrict-aliasing=3 -Wformat=2 -Warray-bounds=2 -ftree-vrp -Wduplicated-cond -Wnull-dereference -fdelete-null-pointer-checks -Wshift-negative-value -Wshift-overflow=2 -Walloc-zero -Wduplicated-branches -Wformat-overflow=2 -Wformat-truncation=1 -Wrestrict -Warith-conversion -Wdouble-promotion -Wenum-conversion -Wunused-const-variable  -o CMakeFiles/cmTC_4f3a5.dir/CheckSymbolExists.c.o -c "/home/uhuj/skillbox_cpp/learn_cpp_tasks/out/build/GCC 12.2.0 x86_64-linux-gnu/CMakeFiles/CMakeScratch/TryCompile-wpE8li/CheckSymbolExists.c"
Linking C executable cmTC_4f3a5
/usr/bin/cmake -E cmake_link_script CMakeFiles/cmTC_4f3a5.dir/link.txt --verbose=1
/usr/bin/gcc   -W -Wall -pedantic -Wbad-function-cast -Wconversion -Winline -Wmissing-declarations -Wmissing-prototypes -Wnested-externs -Wno-long-long -Wno-multichar -Wpointer-arith -Wshadow -Wsign-compare -Wundef -Wunused -Wwrite-strings -Wcast-align -Wdeclaration-after-statement -Wempty-body -Wendif-labels -Wfloat-equal -Wignored-qualifiers -Wno-format-nonliteral -Wno-sign-conversion -Wno-system-headers -Wstrict-prototypes -Wtype-limits -Wvla -Wmissing-parameter-type -Wold-style-declaration -Wstrict-aliasing=3 -Wformat=2 -Warray-bounds=2 -ftree-vrp -Wduplicated-cond -Wnull-dereference -fdelete-null-pointer-checks -Wshift-negative-value -Wshift-overflow=2 -Walloc-zero -Wduplicated-branches -Wformat-overflow=2 -Wformat-truncation=1 -Wrestrict -Warith-conversion -Wdouble-promotion -Wenum-conversion -Wunused-const-variable  CMakeFiles/cmTC_4f3a5.dir/CheckSymbolExists.c.o -o cmTC_4f3a5 
gmake[1]: Leaving directory '/home/uhuj/skillbox_cpp/learn_cpp_tasks/out/build/GCC 12.2.0 x86_64-linux-gnu/CMakeFiles/CMakeScratch/TryCompile-wpE8li'


File CheckSymbolExists.c:
/* */
#include <inttypes.h>
#include <sys/wait.h>
#include <sys/ioctl.h>
#include <sys/param.h>
#include <sys/poll.h>
#include <sys/resource.h>
#include <sys/select.h>
#include <sys/socket.h>
#include <sys/stat.h>
#include <sys/time.h>
#include <sys/types.h>
#include <sys/un.h>
#include <sys/xattr.h>
#include <arpa/inet.h>
#include <fcntl.h>
#include <ifaddrs.h>
#include <libgen.h>
#include <locale.h>
#include <net/if.h>
#include <netdb.h>
#include <netinet/in.h>
#include <netinet/tcp.h>
#include <netinet/udp.h>
#include <poll.h>
#include <pwd.h>
#include <stdatomic.h>
#include <stdbool.h>
#include <stdint.h>
#include <strings.h>
#include <termio.h>
#include <termios.h>
#include <unistd.h>
#include <utime.h>
#include <setjmp.h>

int main(int argc, char** argv)
{
  (void)argv;
#ifndef sigsetjmp
  return ((int*)(&sigsetjmp))[argc];
#else
  (void)argc;
  return 0;
#endif
}
Determining if the getpwuid exist passed with the following output:
Change Dir: /home/uhuj/skillbox_cpp/learn_cpp_tasks/out/build/GCC 12.2.0 x86_64-linux-gnu/CMakeFiles/CMakeScratch/TryCompile-54SGGB

Run Build Command(s):/usr/bin/gmake -f Makefile cmTC_65054/fast && /usr/bin/gmake  -f CMakeFiles/cmTC_65054.dir/build.make CMakeFiles/cmTC_65054.dir/build
gmake[1]: Entering directory '/home/uhuj/skillbox_cpp/learn_cpp_tasks/out/build/GCC 12.2.0 x86_64-linux-gnu/CMakeFiles/CMakeScratch/TryCompile-54SGGB'
Building C object CMakeFiles/cmTC_65054.dir/CheckSymbolExists.c.o
/usr/bin/gcc   -W -Wall -pedantic -Wbad-function-cast -Wconversion -Winline -Wmissing-declarations -Wmissing-prototypes -Wnested-externs -Wno-long-long -Wno-multichar -Wpointer-arith -Wshadow -Wsign-compare -Wundef -Wunused -Wwrite-strings -Wcast-align -Wdeclaration-after-statement -Wempty-body -Wendif-labels -Wfloat-equal -Wignored-qualifiers -Wno-format-nonliteral -Wno-sign-conversion -Wno-system-headers -Wstrict-prototypes -Wtype-limits -Wvla -Wmissing-parameter-type -Wold-style-declaration -Wstrict-aliasing=3 -Wformat=2 -Warray-bounds=2 -ftree-vrp -Wduplicated-cond -Wnull-dereference -fdelete-null-pointer-checks -Wshift-negative-value -Wshift-overflow=2 -Walloc-zero -Wduplicated-branches -Wformat-overflow=2 -Wformat-truncation=1 -Wrestrict -Warith-conversion -Wdouble-promotion -Wenum-conversion -Wunused-const-variable  -o CMakeFiles/cmTC_65054.dir/CheckSymbolExists.c.o -c "/home/uhuj/skillbox_cpp/learn_cpp_tasks/out/build/GCC 12.2.0 x86_64-linux-gnu/CMakeFiles/CMakeScratch/TryCompile-54SGGB/CheckSymbolExists.c"
/home/uhuj/skillbox_cpp/learn_cpp_tasks/out/build/GCC 12.2.0 x86_64-linux-gnu/CMakeFiles/CMakeScratch/TryCompile-54SGGB/CheckSymbolExists.c: In function ‘main’:
/home/uhuj/skillbox_cpp/learn_cpp_tasks/out/build/GCC 12.2.0 x86_64-linux-gnu/CMakeFiles/CMakeScratch/TryCompile-54SGGB/CheckSymbolExists.c:40:11: warning: ISO C forbids conversion of function pointer to object pointer type [-Wpedantic]
   40 |   return ((int*)(&getpwuid))[argc];
      |           ^
Linking C executable cmTC_65054
/usr/bin/cmake -E cmake_link_script CMakeFiles/cmTC_65054.dir/link.txt --verbose=1
/usr/bin/gcc   -W -Wall -pedantic -Wbad-function-cast -Wconversion -Winline -Wmissing-declarations -Wmissing-prototypes -Wnested-externs -Wno-long-long -Wno-multichar -Wpointer-arith -Wshadow -Wsign-compare -Wundef -Wunused -Wwrite-strings -Wcast-align -Wdeclaration-after-statement -Wempty-body -Wendif-labels -Wfloat-equal -Wignored-qualifiers -Wno-format-nonliteral -Wno-sign-conversion -Wno-system-headers -Wstrict-prototypes -Wtype-limits -Wvla -Wmissing-parameter-type -Wold-style-declaration -Wstrict-aliasing=3 -Wformat=2 -Warray-bounds=2 -ftree-vrp -Wduplicated-cond -Wnull-dereference -fdelete-null-pointer-checks -Wshift-negative-value -Wshift-overflow=2 -Walloc-zero -Wduplicated-branches -Wformat-overflow=2 -Wformat-truncation=1 -Wrestrict -Warith-conversion -Wdouble-promotion -Wenum-conversion -Wunused-const-variable  CMakeFiles/cmTC_65054.dir/CheckSymbolExists.c.o -o cmTC_65054 
gmake[1]: Leaving directory '/home/uhuj/skillbox_cpp/learn_cpp_tasks/out/build/GCC 12.2.0 x86_64-linux-gnu/CMakeFiles/CMakeScratch/TryCompile-54SGGB'


File CheckSymbolExists.c:
/* */
#include <inttypes.h>
#include <sys/wait.h>
#include <sys/ioctl.h>
#include <sys/param.h>
#include <sys/poll.h>
#include <sys/resource.h>
#include <sys/select.h>
#include <sys/socket.h>
#include <sys/stat.h>
#include <sys/time.h>
#include <sys/types.h>
#include <sys/un.h>
#include <sys/xattr.h>
#include <arpa/inet.h>
#include <fcntl.h>
#include <ifaddrs.h>
#include <libgen.h>
#include <locale.h>
#include <net/if.h>
#include <netdb.h>
#include <netinet/in.h>
#include <netinet/tcp.h>
#include <netinet/udp.h>
#include <poll.h>
#include <pwd.h>
#include <stdatomic.h>
#include <stdbool.h>
#include <stdint.h>
#include <strings.h>
#include <termio.h>
#include <termios.h>
#include <unistd.h>
#include <utime.h>

int main(int argc, char** argv)
{
  (void)argv;
#ifndef getpwuid
  return ((int*)(&getpwuid))[argc];
#else
  (void)argc;
  return 0;
#endif
}
Determining if the getpwuid_r exist passed with the following output:
Change Dir: /home/uhuj/skillbox_cpp/learn_cpp_tasks/out/build/GCC 12.2.0 x86_64-linux-gnu/CMakeFiles/CMakeScratch/TryCompile-kWQZuc

Run Build Command(s):/usr/bin/gmake -f Makefile cmTC_888fa/fast && /usr/bin/gmake  -f CMakeFiles/cmTC_888fa.dir/build.make CMakeFiles/cmTC_888fa.dir/build
gmake[1]: Entering directory '/home/uhuj/skillbox_cpp/learn_cpp_tasks/out/build/GCC 12.2.0 x86_64-linux-gnu/CMakeFiles/CMakeScratch/TryCompile-kWQZuc'
Building C object CMakeFiles/cmTC_888fa.dir/CheckSymbolExists.c.o
/usr/bin/gcc   -W -Wall -pedantic -Wbad-function-cast -Wconversion -Winline -Wmissing-declarations -Wmissing-prototypes -Wnested-externs -Wno-long-long -Wno-multichar -Wpointer-arith -Wshadow -Wsign-compare -Wundef -Wunused -Wwrite-strings -Wcast-align -Wdeclaration-after-statement -Wempty-body -Wendif-labels -Wfloat-equal -Wignored-qualifiers -Wno-format-nonliteral -Wno-sign-conversion -Wno-system-headers -Wstrict-prototypes -Wtype-limits -Wvla -Wmissing-parameter-type -Wold-style-declaration -Wstrict-aliasing=3 -Wformat=2 -Warray-bounds=2 -ftree-vrp -Wduplicated-cond -Wnull-dereference -fdelete-null-pointer-checks -Wshift-negative-value -Wshift-overflow=2 -Walloc-zero -Wduplicated-branches -Wformat-overflow=2 -Wformat-truncation=1 -Wrestrict -Warith-conversion -Wdouble-promotion -Wenum-conversion -Wunused-const-variable  -o CMakeFiles/cmTC_888fa.dir/CheckSymbolExists.c.o -c "/home/uhuj/skillbox_cpp/learn_cpp_tasks/out/build/GCC 12.2.0 x86_64-linux-gnu/CMakeFiles/CMakeScratch/TryCompile-kWQZuc/CheckSymbolExists.c"
/home/uhuj/skillbox_cpp/learn_cpp_tasks/out/build/GCC 12.2.0 x86_64-linux-gnu/CMakeFiles/CMakeScratch/TryCompile-kWQZuc/CheckSymbolExists.c: In function ‘main’:
/home/uhuj/skillbox_cpp/learn_cpp_tasks/out/build/GCC 12.2.0 x86_64-linux-gnu/CMakeFiles/CMakeScratch/TryCompile-kWQZuc/CheckSymbolExists.c:40:11: warning: ISO C forbids conversion of function pointer to object pointer type [-Wpedantic]
   40 |   return ((int*)(&getpwuid_r))[argc];
      |           ^
Linking C executable cmTC_888fa
/usr/bin/cmake -E cmake_link_script CMakeFiles/cmTC_888fa.dir/link.txt --verbose=1
/usr/bin/gcc   -W -Wall -pedantic -Wbad-function-cast -Wconversion -Winline -Wmissing-declarations -Wmissing-prototypes -Wnested-externs -Wno-long-long -Wno-multichar -Wpointer-arith -Wshadow -Wsign-compare -Wundef -Wunused -Wwrite-strings -Wcast-align -Wdeclaration-after-statement -Wempty-body -Wendif-labels -Wfloat-equal -Wignored-qualifiers -Wno-format-nonliteral -Wno-sign-conversion -Wno-system-headers -Wstrict-prototypes -Wtype-limits -Wvla -Wmissing-parameter-type -Wold-style-declaration -Wstrict-aliasing=3 -Wformat=2 -Warray-bounds=2 -ftree-vrp -Wduplicated-cond -Wnull-dereference -fdelete-null-pointer-checks -Wshift-negative-value -Wshift-overflow=2 -Walloc-zero -Wduplicated-branches -Wformat-overflow=2 -Wformat-truncation=1 -Wrestrict -Warith-conversion -Wdouble-promotion -Wenum-conversion -Wunused-const-variable  CMakeFiles/cmTC_888fa.dir/CheckSymbolExists.c.o -o cmTC_888fa 
gmake[1]: Leaving directory '/home/uhuj/skillbox_cpp/learn_cpp_tasks/out/build/GCC 12.2.0 x86_64-linux-gnu/CMakeFiles/CMakeScratch/TryCompile-kWQZuc'


File CheckSymbolExists.c:
/* */
#include <inttypes.h>
#include <sys/wait.h>
#include <sys/ioctl.h>
#include <sys/param.h>
#include <sys/poll.h>
#include <sys/resource.h>
#include <sys/select.h>
#include <sys/socket.h>
#include <sys/stat.h>
#include <sys/time.h>
#include <sys/types.h>
#include <sys/un.h>
#include <sys/xattr.h>
#include <arpa/inet.h>
#include <fcntl.h>
#include <ifaddrs.h>
#include <libgen.h>
#include <locale.h>
#include <net/if.h>
#include <netdb.h>
#include <netinet/in.h>
#include <netinet/tcp.h>
#include <netinet/udp.h>
#include <poll.h>
#include <pwd.h>
#include <stdatomic.h>
#include <stdbool.h>
#include <stdint.h>
#include <strings.h>
#include <termio.h>
#include <termios.h>
#include <unistd.h>
#include <utime.h>

int main(int argc, char** argv)
{
  (void)argv;
#ifndef getpwuid_r
  return ((int*)(&getpwuid_r))[argc];
#else
  (void)argc;
  return 0;
#endif
}
Determining if the geteuid exist passed with the following output:
Change Dir: /home/uhuj/skillbox_cpp/learn_cpp_tasks/out/build/GCC 12.2.0 x86_64-linux-gnu/CMakeFiles/CMakeScratch/TryCompile-2AauNA

Run Build Command(s):/usr/bin/gmake -f Makefile cmTC_0ae49/fast && /usr/bin/gmake  -f CMakeFiles/cmTC_0ae49.dir/build.make CMakeFiles/cmTC_0ae49.dir/build
gmake[1]: Entering directory '/home/uhuj/skillbox_cpp/learn_cpp_tasks/out/build/GCC 12.2.0 x86_64-linux-gnu/CMakeFiles/CMakeScratch/TryCompile-2AauNA'
Building C object CMakeFiles/cmTC_0ae49.dir/CheckSymbolExists.c.o
/usr/bin/gcc   -W -Wall -pedantic -Wbad-function-cast -Wconversion -Winline -Wmissing-declarations -Wmissing-prototypes -Wnested-externs -Wno-long-long -Wno-multichar -Wpointer-arith -Wshadow -Wsign-compare -Wundef -Wunused -Wwrite-strings -Wcast-align -Wdeclaration-after-statement -Wempty-body -Wendif-labels -Wfloat-equal -Wignored-qualifiers -Wno-format-nonliteral -Wno-sign-conversion -Wno-system-headers -Wstrict-prototypes -Wtype-limits -Wvla -Wmissing-parameter-type -Wold-style-declaration -Wstrict-aliasing=3 -Wformat=2 -Warray-bounds=2 -ftree-vrp -Wduplicated-cond -Wnull-dereference -fdelete-null-pointer-checks -Wshift-negative-value -Wshift-overflow=2 -Walloc-zero -Wduplicated-branches -Wformat-overflow=2 -Wformat-truncation=1 -Wrestrict -Warith-conversion -Wdouble-promotion -Wenum-conversion -Wunused-const-variable  -o CMakeFiles/cmTC_0ae49.dir/CheckSymbolExists.c.o -c "/home/uhuj/skillbox_cpp/learn_cpp_tasks/out/build/GCC 12.2.0 x86_64-linux-gnu/CMakeFiles/CMakeScratch/TryCompile-2AauNA/CheckSymbolExists.c"
/home/uhuj/skillbox_cpp/learn_cpp_tasks/out/build/GCC 12.2.0 x86_64-linux-gnu/CMakeFiles/CMakeScratch/TryCompile-2AauNA/CheckSymbolExists.c: In function ‘main’:
/home/uhuj/skillbox_cpp/learn_cpp_tasks/out/build/GCC 12.2.0 x86_64-linux-gnu/CMakeFiles/CMakeScratch/TryCompile-2AauNA/CheckSymbolExists.c:40:11: warning: ISO C forbids conversion of function pointer to object pointer type [-Wpedantic]
   40 |   return ((int*)(&geteuid))[argc];
      |           ^
Linking C executable cmTC_0ae49
/usr/bin/cmake -E cmake_link_script CMakeFiles/cmTC_0ae49.dir/link.txt --verbose=1
/usr/bin/gcc   -W -Wall -pedantic -Wbad-function-cast -Wconversion -Winline -Wmissing-declarations -Wmissing-prototypes -Wnested-externs -Wno-long-long -Wno-multichar -Wpointer-arith -Wshadow -Wsign-compare -Wundef -Wunused -Wwrite-strings -Wcast-align -Wdeclaration-after-statement -Wempty-body -Wendif-labels -Wfloat-equal -Wignored-qualifiers -Wno-format-nonliteral -Wno-sign-conversion -Wno-system-headers -Wstrict-prototypes -Wtype-limits -Wvla -Wmissing-parameter-type -Wold-style-declaration -Wstrict-aliasing=3 -Wformat=2 -Warray-bounds=2 -ftree-vrp -Wduplicated-cond -Wnull-dereference -fdelete-null-pointer-checks -Wshift-negative-value -Wshift-overflow=2 -Walloc-zero -Wduplicated-branches -Wformat-overflow=2 -Wformat-truncation=1 -Wrestrict -Warith-conversion -Wdouble-promotion -Wenum-conversion -Wunused-const-variable  CMakeFiles/cmTC_0ae49.dir/CheckSymbolExists.c.o -o cmTC_0ae49 
gmake[1]: Leaving directory '/home/uhuj/skillbox_cpp/learn_cpp_tasks/out/build/GCC 12.2.0 x86_64-linux-gnu/CMakeFiles/CMakeScratch/TryCompile-2AauNA'


File CheckSymbolExists.c:
/* */
#include <inttypes.h>
#include <sys/wait.h>
#include <sys/ioctl.h>
#include <sys/param.h>
#include <sys/poll.h>
#include <sys/resource.h>
#include <sys/select.h>
#include <sys/socket.h>
#include <sys/stat.h>
#include <sys/time.h>
#include <sys/types.h>
#include <sys/un.h>
#include <sys/xattr.h>
#include <arpa/inet.h>
#include <fcntl.h>
#include <ifaddrs.h>
#include <libgen.h>
#include <locale.h>
#include <net/if.h>
#include <netdb.h>
#include <netinet/in.h>
#include <netinet/tcp.h>
#include <netinet/udp.h>
#include <poll.h>
#include <pwd.h>
#include <stdatomic.h>
#include <stdbool.h>
#include <stdint.h>
#include <strings.h>
#include <termio.h>
#include <termios.h>
#include <unistd.h>
#include <utime.h>

int main(int argc, char** argv)
{
  (void)argv;
#ifndef geteuid
  return ((int*)(&geteuid))[argc];
#else
  (void)argc;
  return 0;
#endif
}
Determining if the utime exist passed with the following output:
Change Dir: /home/uhuj/skillbox_cpp/learn_cpp_tasks/out/build/GCC 12.2.0 x86_64-linux-gnu/CMakeFiles/CMakeScratch/TryCompile-oEm1wL

Run Build Command(s):/usr/bin/gmake -f Makefile cmTC_01b9c/fast && /usr/bin/gmake  -f CMakeFiles/cmTC_01b9c.dir/build.make CMakeFiles/cmTC_01b9c.dir/build
gmake[1]: Entering directory '/home/uhuj/skillbox_cpp/learn_cpp_tasks/out/build/GCC 12.2.0 x86_64-linux-gnu/CMakeFiles/CMakeScratch/TryCompile-oEm1wL'
Building C object CMakeFiles/cmTC_01b9c.dir/CheckSymbolExists.c.o
/usr/bin/gcc   -W -Wall -pedantic -Wbad-function-cast -Wconversion -Winline -Wmissing-declarations -Wmissing-prototypes -Wnested-externs -Wno-long-long -Wno-multichar -Wpointer-arith -Wshadow -Wsign-compare -Wundef -Wunused -Wwrite-strings -Wcast-align -Wdeclaration-after-statement -Wempty-body -Wendif-labels -Wfloat-equal -Wignored-qualifiers -Wno-format-nonliteral -Wno-sign-conversion -Wno-system-headers -Wstrict-prototypes -Wtype-limits -Wvla -Wmissing-parameter-type -Wold-style-declaration -Wstrict-aliasing=3 -Wformat=2 -Warray-bounds=2 -ftree-vrp -Wduplicated-cond -Wnull-dereference -fdelete-null-pointer-checks -Wshift-negative-value -Wshift-overflow=2 -Walloc-zero -Wduplicated-branches -Wformat-overflow=2 -Wformat-truncation=1 -Wrestrict -Warith-conversion -Wdouble-promotion -Wenum-conversion -Wunused-const-variable  -o CMakeFiles/cmTC_01b9c.dir/CheckSymbolExists.c.o -c "/home/uhuj/skillbox_cpp/learn_cpp_tasks/out/build/GCC 12.2.0 x86_64-linux-gnu/CMakeFiles/CMakeScratch/TryCompile-oEm1wL/CheckSymbolExists.c"
/home/uhuj/skillbox_cpp/learn_cpp_tasks/out/build/GCC 12.2.0 x86_64-linux-gnu/CMakeFiles/CMakeScratch/TryCompile-oEm1wL/CheckSymbolExists.c: In function ‘main’:
/home/uhuj/skillbox_cpp/learn_cpp_tasks/out/build/GCC 12.2.0 x86_64-linux-gnu/CMakeFiles/CMakeScratch/TryCompile-oEm1wL/CheckSymbolExists.c:40:11: warning: ISO C forbids conversion of function pointer to object pointer type [-Wpedantic]
   40 |   return ((int*)(&utime))[argc];
      |           ^
Linking C executable cmTC_01b9c
/usr/bin/cmake -E cmake_link_script CMakeFiles/cmTC_01b9c.dir/link.txt --verbose=1
/usr/bin/gcc   -W -Wall -pedantic -Wbad-function-cast -Wconversion -Winline -Wmissing-declarations -Wmissing-prototypes -Wnested-externs -Wno-long-long -Wno-multichar -Wpointer-arith -Wshadow -Wsign-compare -Wundef -Wunused -Wwrite-strings -Wcast-align -Wdeclaration-after-statement -Wempty-body -Wendif-labels -Wfloat-equal -Wignored-qualifiers -Wno-format-nonliteral -Wno-sign-conversion -Wno-system-headers -Wstrict-prototypes -Wtype-limits -Wvla -Wmissing-parameter-type -Wold-style-declaration -Wstrict-aliasing=3 -Wformat=2 -Warray-bounds=2 -ftree-vrp -Wduplicated-cond -Wnull-dereference -fdelete-null-pointer-checks -Wshift-negative-value -Wshift-overflow=2 -Walloc-zero -Wduplicated-branches -Wformat-overflow=2 -Wformat-truncation=1 -Wrestrict -Warith-conversion -Wdouble-promotion -Wenum-conversion -Wunused-const-variable  CMakeFiles/cmTC_01b9c.dir/CheckSymbolExists.c.o -o cmTC_01b9c 
gmake[1]: Leaving directory '/home/uhuj/skillbox_cpp/learn_cpp_tasks/out/build/GCC 12.2.0 x86_64-linux-gnu/CMakeFiles/CMakeScratch/TryCompile-oEm1wL'


File CheckSymbolExists.c:
/* */
#include <inttypes.h>
#include <sys/wait.h>
#include <sys/ioctl.h>
#include <sys/param.h>
#include <sys/poll.h>
#include <sys/resource.h>
#include <sys/select.h>
#include <sys/socket.h>
#include <sys/stat.h>
#include <sys/time.h>
#include <sys/types.h>
#include <sys/un.h>
#include <sys/xattr.h>
#include <arpa/inet.h>
#include <fcntl.h>
#include <ifaddrs.h>
#include <libgen.h>
#include <locale.h>
#include <net/if.h>
#include <netdb.h>
#include <netinet/in.h>
#include <netinet/tcp.h>
#include <netinet/udp.h>
#include <poll.h>
#include <pwd.h>
#include <stdatomic.h>
#include <stdbool.h>
#include <stdint.h>
#include <strings.h>
#include <termio.h>
#include <termios.h>
#include <unistd.h>
#include <utime.h>

int main(int argc, char** argv)
{
  (void)argv;
#ifndef utime
  return ((int*)(&utime))[argc];
#else
  (void)argc;
  return 0;
#endif
}
Determining if the gmtime_r exist passed with the following output:
Change Dir: /home/uhuj/skillbox_cpp/learn_cpp_tasks/out/build/GCC 12.2.0 x86_64-linux-gnu/CMakeFiles/CMakeScratch/TryCompile-ZjQk36

Run Build Command(s):/usr/bin/gmake -f Makefile cmTC_e7a30/fast && /usr/bin/gmake  -f CMakeFiles/cmTC_e7a30.dir/build.make CMakeFiles/cmTC_e7a30.dir/build
gmake[1]: Entering directory '/home/uhuj/skillbox_cpp/learn_cpp_tasks/out/build/GCC 12.2.0 x86_64-linux-gnu/CMakeFiles/CMakeScratch/TryCompile-ZjQk36'
Building C object CMakeFiles/cmTC_e7a30.dir/CheckSymbolExists.c.o
/usr/bin/gcc   -W -Wall -pedantic -Wbad-function-cast -Wconversion -Winline -Wmissing-declarations -Wmissing-prototypes -Wnested-externs -Wno-long-long -Wno-multichar -Wpointer-arith -Wshadow -Wsign-compare -Wundef -Wunused -Wwrite-strings -Wcast-align -Wdeclaration-after-statement -Wempty-body -Wendif-labels -Wfloat-equal -Wignored-qualifiers -Wno-format-nonliteral -Wno-sign-conversion -Wno-system-headers -Wstrict-prototypes -Wtype-limits -Wvla -Wmissing-parameter-type -Wold-style-declaration -Wstrict-aliasing=3 -Wformat=2 -Warray-bounds=2 -ftree-vrp -Wduplicated-cond -Wnull-dereference -fdelete-null-pointer-checks -Wshift-negative-value -Wshift-overflow=2 -Walloc-zero -Wduplicated-branches -Wformat-overflow=2 -Wformat-truncation=1 -Wrestrict -Warith-conversion -Wdouble-promotion -Wenum-conversion -Wunused-const-variable  -o CMakeFiles/cmTC_e7a30.dir/CheckSymbolExists.c.o -c "/home/uhuj/skillbox_cpp/learn_cpp_tasks/out/build/GCC 12.2.0 x86_64-linux-gnu/CMakeFiles/CMakeScratch/TryCompile-ZjQk36/CheckSymbolExists.c"
/home/uhuj/skillbox_cpp/learn_cpp_tasks/out/build/GCC 12.2.0 x86_64-linux-gnu/CMakeFiles/CMakeScratch/TryCompile-ZjQk36/CheckSymbolExists.c: In function ‘main’:
/home/uhuj/skillbox_cpp/learn_cpp_tasks/out/build/GCC 12.2.0 x86_64-linux-gnu/CMakeFiles/CMakeScratch/TryCompile-ZjQk36/CheckSymbolExists.c:42:11: warning: ISO C forbids conversion of function pointer to object pointer type [-Wpedantic]
   42 |   return ((int*)(&gmtime_r))[argc];
      |           ^
Linking C executable cmTC_e7a30
/usr/bin/cmake -E cmake_link_script CMakeFiles/cmTC_e7a30.dir/link.txt --verbose=1
/usr/bin/gcc   -W -Wall -pedantic -Wbad-function-cast -Wconversion -Winline -Wmissing-declarations -Wmissing-prototypes -Wnested-externs -Wno-long-long -Wno-multichar -Wpointer-arith -Wshadow -Wsign-compare -Wundef -Wunused -Wwrite-strings -Wcast-align -Wdeclaration-after-statement -Wempty-body -Wendif-labels -Wfloat-equal -Wignored-qualifiers -Wno-format-nonliteral -Wno-sign-conversion -Wno-system-headers -Wstrict-prototypes -Wtype-limits -Wvla -Wmissing-parameter-type -Wold-style-declaration -Wstrict-aliasing=3 -Wformat=2 -Warray-bounds=2 -ftree-vrp -Wduplicated-cond -Wnull-dereference -fdelete-null-pointer-checks -Wshift-negative-value -Wshift-overflow=2 -Walloc-zero -Wduplicated-branches -Wformat-overflow=2 -Wformat-truncation=1 -Wrestrict -Warith-conversion -Wdouble-promotion -Wenum-conversion -Wunused-const-variable  CMakeFiles/cmTC_e7a30.dir/CheckSymbolExists.c.o -o cmTC_e7a30 
gmake[1]: Leaving directory '/home/uhuj/skillbox_cpp/learn_cpp_tasks/out/build/GCC 12.2.0 x86_64-linux-gnu/CMakeFiles/CMakeScratch/TryCompile-ZjQk36'


File CheckSymbolExists.c:
/* */
#include <inttypes.h>
#include <sys/wait.h>
#include <sys/ioctl.h>
#include <sys/param.h>
#include <sys/poll.h>
#include <sys/resource.h>
#include <sys/select.h>
#include <sys/socket.h>
#include <sys/stat.h>
#include <sys/time.h>
#include <sys/types.h>
#include <sys/un.h>
#include <sys/xattr.h>
#include <arpa/inet.h>
#include <fcntl.h>
#include <ifaddrs.h>
#include <libgen.h>
#include <locale.h>
#include <net/if.h>
#include <netdb.h>
#include <netinet/in.h>
#include <netinet/tcp.h>
#include <netinet/udp.h>
#include <poll.h>
#include <pwd.h>
#include <stdatomic.h>
#include <stdbool.h>
#include <stdint.h>
#include <strings.h>
#include <termio.h>
#include <termios.h>
#include <unistd.h>
#include <utime.h>
#include <stdlib.h>
#include <time.h>

int main(int argc, char** argv)
{
  (void)argv;
#ifndef gmtime_r
  return ((int*)(&gmtime_r))[argc];
#else
  (void)argc;
  return 0;
#endif
}
Determining if the gethostbyname_r exist passed with the following output:
Change Dir: /home/uhuj/skillbox_cpp/learn_cpp_tasks/out/build/GCC 12.2.0 x86_64-linux-gnu/CMakeFiles/CMakeScratch/TryCompile-yVLm0X

Run Build Command(s):/usr/bin/gmake -f Makefile cmTC_13d67/fast && /usr/bin/gmake  -f CMakeFiles/cmTC_13d67.dir/build.make CMakeFiles/cmTC_13d67.dir/build
gmake[1]: Entering directory '/home/uhuj/skillbox_cpp/learn_cpp_tasks/out/build/GCC 12.2.0 x86_64-linux-gnu/CMakeFiles/CMakeScratch/TryCompile-yVLm0X'
Building C object CMakeFiles/cmTC_13d67.dir/CheckSymbolExists.c.o
/usr/bin/gcc   -W -Wall -pedantic -Wbad-function-cast -Wconversion -Winline -Wmissing-declarations -Wmissing-prototypes -Wnested-externs -Wno-long-long -Wno-multichar -Wpointer-arith -Wshadow -Wsign-compare -Wundef -Wunused -Wwrite-strings -Wcast-align -Wdeclaration-after-statement -Wempty-body -Wendif-labels -Wfloat-equal -Wignored-qualifiers -Wno-format-nonliteral -Wno-sign-conversion -Wno-system-headers -Wstrict-prototypes -Wtype-limits -Wvla -Wmissing-parameter-type -Wold-style-declaration -Wstrict-aliasing=3 -Wformat=2 -Warray-bounds=2 -ftree-vrp -Wduplicated-cond -Wnull-dereference -fdelete-null-pointer-checks -Wshift-negative-value -Wshift-overflow=2 -Walloc-zero -Wduplicated-branches -Wformat-overflow=2 -Wformat-truncation=1 -Wrestrict -Warith-conversion -Wdouble-promotion -Wenum-conversion -Wunused-const-variable  -o CMakeFiles/cmTC_13d67.dir/CheckSymbolExists.c.o -c "/home/uhuj/skillbox_cpp/learn_cpp_tasks/out/build/GCC 12.2.0 x86_64-linux-gnu/CMakeFiles/CMakeScratch/TryCompile-yVLm0X/CheckSymbolExists.c"
/home/uhuj/skillbox_cpp/learn_cpp_tasks/out/build/GCC 12.2.0 x86_64-linux-gnu/CMakeFiles/CMakeScratch/TryCompile-yVLm0X/CheckSymbolExists.c: In function ‘main’:
/home/uhuj/skillbox_cpp/learn_cpp_tasks/out/build/GCC 12.2.0 x86_64-linux-gnu/CMakeFiles/CMakeScratch/TryCompile-yVLm0X/CheckSymbolExists.c:40:11: warning: ISO C forbids conversion of function pointer to object pointer type [-Wpedantic]
   40 |   return ((int*)(&gethostbyname_r))[argc];
      |           ^
Linking C executable cmTC_13d67
/usr/bin/cmake -E cmake_link_script CMakeFiles/cmTC_13d67.dir/link.txt --verbose=1
/usr/bin/gcc   -W -Wall -pedantic -Wbad-function-cast -Wconversion -Winline -Wmissing-declarations -Wmissing-prototypes -Wnested-externs -Wno-long-long -Wno-multichar -Wpointer-arith -Wshadow -Wsign-compare -Wundef -Wunused -Wwrite-strings -Wcast-align -Wdeclaration-after-statement -Wempty-body -Wendif-labels -Wfloat-equal -Wignored-qualifiers -Wno-format-nonliteral -Wno-sign-conversion -Wno-system-headers -Wstrict-prototypes -Wtype-limits -Wvla -Wmissing-parameter-type -Wold-style-declaration -Wstrict-aliasing=3 -Wformat=2 -Warray-bounds=2 -ftree-vrp -Wduplicated-cond -Wnull-dereference -fdelete-null-pointer-checks -Wshift-negative-value -Wshift-overflow=2 -Walloc-zero -Wduplicated-branches -Wformat-overflow=2 -Wformat-truncation=1 -Wrestrict -Warith-conversion -Wdouble-promotion -Wenum-conversion -Wunused-const-variable  CMakeFiles/cmTC_13d67.dir/CheckSymbolExists.c.o -o cmTC_13d67 
gmake[1]: Leaving directory '/home/uhuj/skillbox_cpp/learn_cpp_tasks/out/build/GCC 12.2.0 x86_64-linux-gnu/CMakeFiles/CMakeScratch/TryCompile-yVLm0X'


File CheckSymbolExists.c:
/* */
#include <inttypes.h>
#include <sys/wait.h>
#include <sys/ioctl.h>
#include <sys/param.h>
#include <sys/poll.h>
#include <sys/resource.h>
#include <sys/select.h>
#include <sys/socket.h>
#include <sys/stat.h>
#include <sys/time.h>
#include <sys/types.h>
#include <sys/un.h>
#include <sys/xattr.h>
#include <arpa/inet.h>
#include <fcntl.h>
#include <ifaddrs.h>
#include <libgen.h>
#include <locale.h>
#include <net/if.h>
#include <netdb.h>
#include <netinet/in.h>
#include <netinet/tcp.h>
#include <netinet/udp.h>
#include <poll.h>
#include <pwd.h>
#include <stdatomic.h>
#include <stdbool.h>
#include <stdint.h>
#include <strings.h>
#include <termio.h>
#include <termios.h>
#include <unistd.h>
#include <utime.h>

int main(int argc, char** argv)
{
  (void)argv;
#ifndef gethostbyname_r
  return ((int*)(&gethostbyname_r))[argc];
#else
  (void)argc;
  return 0;
#endif
}
Determining if the signal exist passed with the following output:
Change Dir: /home/uhuj/skillbox_cpp/learn_cpp_tasks/out/build/GCC 12.2.0 x86_64-linux-gnu/CMakeFiles/CMakeScratch/TryCompile-2Ar0El

Run Build Command(s):/usr/bin/gmake -f Makefile cmTC_2dbb8/fast && /usr/bin/gmake  -f CMakeFiles/cmTC_2dbb8.dir/build.make CMakeFiles/cmTC_2dbb8.dir/build
gmake[1]: Entering directory '/home/uhuj/skillbox_cpp/learn_cpp_tasks/out/build/GCC 12.2.0 x86_64-linux-gnu/CMakeFiles/CMakeScratch/TryCompile-2Ar0El'
Building C object CMakeFiles/cmTC_2dbb8.dir/CheckSymbolExists.c.o
/usr/bin/gcc   -W -Wall -pedantic -Wbad-function-cast -Wconversion -Winline -Wmissing-declarations -Wmissing-prototypes -Wnested-externs -Wno-long-long -Wno-multichar -Wpointer-arith -Wshadow -Wsign-compare -Wundef -Wunused -Wwrite-strings -Wcast-align -Wdeclaration-after-statement -Wempty-body -Wendif-labels -Wfloat-equal -Wignored-qualifiers -Wno-format-nonliteral -Wno-sign-conversion -Wno-system-headers -Wstrict-prototypes -Wtype-limits -Wvla -Wmissing-parameter-type -Wold-style-declaration -Wstrict-aliasing=3 -Wformat=2 -Warray-bounds=2 -ftree-vrp -Wduplicated-cond -Wnull-dereference -fdelete-null-pointer-checks -Wshift-negative-value -Wshift-overflow=2 -Walloc-zero -Wduplicated-branches -Wformat-overflow=2 -Wformat-truncation=1 -Wrestrict -Warith-conversion -Wdouble-promotion -Wenum-conversion -Wunused-const-variable  -o CMakeFiles/cmTC_2dbb8.dir/CheckSymbolExists.c.o -c "/home/uhuj/skillbox_cpp/learn_cpp_tasks/out/build/GCC 12.2.0 x86_64-linux-gnu/CMakeFiles/CMakeScratch/TryCompile-2Ar0El/CheckSymbolExists.c"
/home/uhuj/skillbox_cpp/learn_cpp_tasks/out/build/GCC 12.2.0 x86_64-linux-gnu/CMakeFiles/CMakeScratch/TryCompile-2Ar0El/CheckSymbolExists.c: In function ‘main’:
/home/uhuj/skillbox_cpp/learn_cpp_tasks/out/build/GCC 12.2.0 x86_64-linux-gnu/CMakeFiles/CMakeScratch/TryCompile-2Ar0El/CheckSymbolExists.c:41:11: warning: ISO C forbids conversion of function pointer to object pointer type [-Wpedantic]
   41 |   return ((int*)(&signal))[argc];
      |           ^
Linking C executable cmTC_2dbb8
/usr/bin/cmake -E cmake_link_script CMakeFiles/cmTC_2dbb8.dir/link.txt --verbose=1
/usr/bin/gcc   -W -Wall -pedantic -Wbad-function-cast -Wconversion -Winline -Wmissing-declarations -Wmissing-prototypes -Wnested-externs -Wno-long-long -Wno-multichar -Wpointer-arith -Wshadow -Wsign-compare -Wundef -Wunused -Wwrite-strings -Wcast-align -Wdeclaration-after-statement -Wempty-body -Wendif-labels -Wfloat-equal -Wignored-qualifiers -Wno-format-nonliteral -Wno-sign-conversion -Wno-system-headers -Wstrict-prototypes -Wtype-limits -Wvla -Wmissing-parameter-type -Wold-style-declaration -Wstrict-aliasing=3 -Wformat=2 -Warray-bounds=2 -ftree-vrp -Wduplicated-cond -Wnull-dereference -fdelete-null-pointer-checks -Wshift-negative-value -Wshift-overflow=2 -Walloc-zero -Wduplicated-branches -Wformat-overflow=2 -Wformat-truncation=1 -Wrestrict -Warith-conversion -Wdouble-promotion -Wenum-conversion -Wunused-const-variable  CMakeFiles/cmTC_2dbb8.dir/CheckSymbolExists.c.o -o cmTC_2dbb8 
gmake[1]: Leaving directory '/home/uhuj/skillbox_cpp/learn_cpp_tasks/out/build/GCC 12.2.0 x86_64-linux-gnu/CMakeFiles/CMakeScratch/TryCompile-2Ar0El'


File CheckSymbolExists.c:
/* */
#include <inttypes.h>
#include <sys/wait.h>
#include <sys/ioctl.h>
#include <sys/param.h>
#include <sys/poll.h>
#include <sys/resource.h>
#include <sys/select.h>
#include <sys/socket.h>
#include <sys/stat.h>
#include <sys/time.h>
#include <sys/types.h>
#include <sys/un.h>
#include <sys/xattr.h>
#include <arpa/inet.h>
#include <fcntl.h>
#include <ifaddrs.h>
#include <libgen.h>
#include <locale.h>
#include <net/if.h>
#include <netdb.h>
#include <netinet/in.h>
#include <netinet/tcp.h>
#include <netinet/udp.h>
#include <poll.h>
#include <pwd.h>
#include <stdatomic.h>
#include <stdbool.h>
#include <stdint.h>
#include <strings.h>
#include <termio.h>
#include <termios.h>
#include <unistd.h>
#include <utime.h>
#include <signal.h>

int main(int argc, char** argv)
{
  (void)argv;
#ifndef signal
  return ((int*)(&signal))[argc];
#else
  (void)argc;
  return 0;
#endif
}
Determining if the strtoll exist passed with the following output:
Change Dir: /home/uhuj/skillbox_cpp/learn_cpp_tasks/out/build/GCC 12.2.0 x86_64-linux-gnu/CMakeFiles/CMakeScratch/TryCompile-Sj4g0c

Run Build Command(s):/usr/bin/gmake -f Makefile cmTC_bb1f6/fast && /usr/bin/gmake  -f CMakeFiles/cmTC_bb1f6.dir/build.make CMakeFiles/cmTC_bb1f6.dir/build
gmake[1]: Entering directory '/home/uhuj/skillbox_cpp/learn_cpp_tasks/out/build/GCC 12.2.0 x86_64-linux-gnu/CMakeFiles/CMakeScratch/TryCompile-Sj4g0c'
Building C object CMakeFiles/cmTC_bb1f6.dir/CheckSymbolExists.c.o
/usr/bin/gcc   -W -Wall -pedantic -Wbad-function-cast -Wconversion -Winline -Wmissing-declarations -Wmissing-prototypes -Wnested-externs -Wno-long-long -Wno-multichar -Wpointer-arith -Wshadow -Wsign-compare -Wundef -Wunused -Wwrite-strings -Wcast-align -Wdeclaration-after-statement -Wempty-body -Wendif-labels -Wfloat-equal -Wignored-qualifiers -Wno-format-nonliteral -Wno-sign-conversion -Wno-system-headers -Wstrict-prototypes -Wtype-limits -Wvla -Wmissing-parameter-type -Wold-style-declaration -Wstrict-aliasing=3 -Wformat=2 -Warray-bounds=2 -ftree-vrp -Wduplicated-cond -Wnull-dereference -fdelete-null-pointer-checks -Wshift-negative-value -Wshift-overflow=2 -Walloc-zero -Wduplicated-branches -Wformat-overflow=2 -Wformat-truncation=1 -Wrestrict -Warith-conversion -Wdouble-promotion -Wenum-conversion -Wunused-const-variable  -o CMakeFiles/cmTC_bb1f6.dir/CheckSymbolExists.c.o -c "/home/uhuj/skillbox_cpp/learn_cpp_tasks/out/build/GCC 12.2.0 x86_64-linux-gnu/CMakeFiles/CMakeScratch/TryCompile-Sj4g0c/CheckSymbolExists.c"
/home/uhuj/skillbox_cpp/learn_cpp_tasks/out/build/GCC 12.2.0 x86_64-linux-gnu/CMakeFiles/CMakeScratch/TryCompile-Sj4g0c/CheckSymbolExists.c: In function ‘main’:
/home/uhuj/skillbox_cpp/learn_cpp_tasks/out/build/GCC 12.2.0 x86_64-linux-gnu/CMakeFiles/CMakeScratch/TryCompile-Sj4g0c/CheckSymbolExists.c:41:11: warning: ISO C forbids conversion of function pointer to object pointer type [-Wpedantic]
   41 |   return ((int*)(&strtoll))[argc];
      |           ^
Linking C executable cmTC_bb1f6
/usr/bin/cmake -E cmake_link_script CMakeFiles/cmTC_bb1f6.dir/link.txt --verbose=1
/usr/bin/gcc   -W -Wall -pedantic -Wbad-function-cast -Wconversion -Winline -Wmissing-declarations -Wmissing-prototypes -Wnested-externs -Wno-long-long -Wno-multichar -Wpointer-arith -Wshadow -Wsign-compare -Wundef -Wunused -Wwrite-strings -Wcast-align -Wdeclaration-after-statement -Wempty-body -Wendif-labels -Wfloat-equal -Wignored-qualifiers -Wno-format-nonliteral -Wno-sign-conversion -Wno-system-headers -Wstrict-prototypes -Wtype-limits -Wvla -Wmissing-parameter-type -Wold-style-declaration -Wstrict-aliasing=3 -Wformat=2 -Warray-bounds=2 -ftree-vrp -Wduplicated-cond -Wnull-dereference -fdelete-null-pointer-checks -Wshift-negative-value -Wshift-overflow=2 -Walloc-zero -Wduplicated-branches -Wformat-overflow=2 -Wformat-truncation=1 -Wrestrict -Warith-conversion -Wdouble-promotion -Wenum-conversion -Wunused-const-variable  CMakeFiles/cmTC_bb1f6.dir/CheckSymbolExists.c.o -o cmTC_bb1f6 
gmake[1]: Leaving directory '/home/uhuj/skillbox_cpp/learn_cpp_tasks/out/build/GCC 12.2.0 x86_64-linux-gnu/CMakeFiles/CMakeScratch/TryCompile-Sj4g0c'


File CheckSymbolExists.c:
/* */
#include <inttypes.h>
#include <sys/wait.h>
#include <sys/ioctl.h>
#include <sys/param.h>
#include <sys/poll.h>
#include <sys/resource.h>
#include <sys/select.h>
#include <sys/socket.h>
#include <sys/stat.h>
#include <sys/time.h>
#include <sys/types.h>
#include <sys/un.h>
#include <sys/xattr.h>
#include <arpa/inet.h>
#include <fcntl.h>
#include <ifaddrs.h>
#include <libgen.h>
#include <locale.h>
#include <net/if.h>
#include <netdb.h>
#include <netinet/in.h>
#include <netinet/tcp.h>
#include <netinet/udp.h>
#include <poll.h>
#include <pwd.h>
#include <stdatomic.h>
#include <stdbool.h>
#include <stdint.h>
#include <strings.h>
#include <termio.h>
#include <termios.h>
#include <unistd.h>
#include <utime.h>
#include <stdlib.h>

int main(int argc, char** argv)
{
  (void)argv;
#ifndef strtoll
  return ((int*)(&strtoll))[argc];
#else
  (void)argc;
  return 0;
#endif
}
Determining if the strerror_r exist passed with the following output:
Change Dir: /home/uhuj/skillbox_cpp/learn_cpp_tasks/out/build/GCC 12.2.0 x86_64-linux-gnu/CMakeFiles/CMakeScratch/TryCompile-FIyoZZ

Run Build Command(s):/usr/bin/gmake -f Makefile cmTC_7d974/fast && /usr/bin/gmake  -f CMakeFiles/cmTC_7d974.dir/build.make CMakeFiles/cmTC_7d974.dir/build
gmake[1]: Entering directory '/home/uhuj/skillbox_cpp/learn_cpp_tasks/out/build/GCC 12.2.0 x86_64-linux-gnu/CMakeFiles/CMakeScratch/TryCompile-FIyoZZ'
Building C object CMakeFiles/cmTC_7d974.dir/CheckSymbolExists.c.o
/usr/bin/gcc   -W -Wall -pedantic -Wbad-function-cast -Wconversion -Winline -Wmissing-declarations -Wmissing-prototypes -Wnested-externs -Wno-long-long -Wno-multichar -Wpointer-arith -Wshadow -Wsign-compare -Wundef -Wunused -Wwrite-strings -Wcast-align -Wdeclaration-after-statement -Wempty-body -Wendif-labels -Wfloat-equal -Wignored-qualifiers -Wno-format-nonliteral -Wno-sign-conversion -Wno-system-headers -Wstrict-prototypes -Wtype-limits -Wvla -Wmissing-parameter-type -Wold-style-declaration -Wstrict-aliasing=3 -Wformat=2 -Warray-bounds=2 -ftree-vrp -Wduplicated-cond -Wnull-dereference -fdelete-null-pointer-checks -Wshift-negative-value -Wshift-overflow=2 -Walloc-zero -Wduplicated-branches -Wformat-overflow=2 -Wformat-truncation=1 -Wrestrict -Warith-conversion -Wdouble-promotion -Wenum-conversion -Wunused-const-variable  -o CMakeFiles/cmTC_7d974.dir/CheckSymbolExists.c.o -c "/home/uhuj/skillbox_cpp/learn_cpp_tasks/out/build/GCC 12.2.0 x86_64-linux-gnu/CMakeFiles/CMakeScratch/TryCompile-FIyoZZ/CheckSymbolExists.c"
/home/uhuj/skillbox_cpp/learn_cpp_tasks/out/build/GCC 12.2.0 x86_64-linux-gnu/CMakeFiles/CMakeScratch/TryCompile-FIyoZZ/CheckSymbolExists.c: In function ‘main’:
/home/uhuj/skillbox_cpp/learn_cpp_tasks/out/build/GCC 12.2.0 x86_64-linux-gnu/CMakeFiles/CMakeScratch/TryCompile-FIyoZZ/CheckSymbolExists.c:42:11: warning: ISO C forbids conversion of function pointer to object pointer type [-Wpedantic]
   42 |   return ((int*)(&strerror_r))[argc];
      |           ^
Linking C executable cmTC_7d974
/usr/bin/cmake -E cmake_link_script CMakeFiles/cmTC_7d974.dir/link.txt --verbose=1
/usr/bin/gcc   -W -Wall -pedantic -Wbad-function-cast -Wconversion -Winline -Wmissing-declarations -Wmissing-prototypes -Wnested-externs -Wno-long-long -Wno-multichar -Wpointer-arith -Wshadow -Wsign-compare -Wundef -Wunused -Wwrite-strings -Wcast-align -Wdeclaration-after-statement -Wempty-body -Wendif-labels -Wfloat-equal -Wignored-qualifiers -Wno-format-nonliteral -Wno-sign-conversion -Wno-system-headers -Wstrict-prototypes -Wtype-limits -Wvla -Wmissing-parameter-type -Wold-style-declaration -Wstrict-aliasing=3 -Wformat=2 -Warray-bounds=2 -ftree-vrp -Wduplicated-cond -Wnull-dereference -fdelete-null-pointer-checks -Wshift-negative-value -Wshift-overflow=2 -Walloc-zero -Wduplicated-branches -Wformat-overflow=2 -Wformat-truncation=1 -Wrestrict -Warith-conversion -Wdouble-promotion -Wenum-conversion -Wunused-const-variable  CMakeFiles/cmTC_7d974.dir/CheckSymbolExists.c.o -o cmTC_7d974 
gmake[1]: Leaving directory '/home/uhuj/skillbox_cpp/learn_cpp_tasks/out/build/GCC 12.2.0 x86_64-linux-gnu/CMakeFiles/CMakeScratch/TryCompile-FIyoZZ'


File CheckSymbolExists.c:
/* */
#include <inttypes.h>
#include <sys/wait.h>
#include <sys/ioctl.h>
#include <sys/param.h>
#include <sys/poll.h>
#include <sys/resource.h>
#include <sys/select.h>
#include <sys/socket.h>
#include <sys/stat.h>
#include <sys/time.h>
#include <sys/types.h>
#include <sys/un.h>
#include <sys/xattr.h>
#include <arpa/inet.h>
#include <fcntl.h>
#include <ifaddrs.h>
#include <libgen.h>
#include <locale.h>
#include <net/if.h>
#include <netdb.h>
#include <netinet/in.h>
#include <netinet/tcp.h>
#include <netinet/udp.h>
#include <poll.h>
#include <pwd.h>
#include <stdatomic.h>
#include <stdbool.h>
#include <stdint.h>
#include <strings.h>
#include <termio.h>
#include <termios.h>
#include <unistd.h>
#include <utime.h>
#include <stdlib.h>
#include <string.h>

int main(int argc, char** argv)
{
  (void)argv;
#ifndef strerror_r
  return ((int*)(&strerror_r))[argc];
#else
  (void)argc;
  return 0;
#endif
}
Determining if the siginterrupt exist passed with the following output:
Change Dir: /home/uhuj/skillbox_cpp/learn_cpp_tasks/out/build/GCC 12.2.0 x86_64-linux-gnu/CMakeFiles/CMakeScratch/TryCompile-hBrCm6

Run Build Command(s):/usr/bin/gmake -f Makefile cmTC_48797/fast && /usr/bin/gmake  -f CMakeFiles/cmTC_48797.dir/build.make CMakeFiles/cmTC_48797.dir/build
gmake[1]: Entering directory '/home/uhuj/skillbox_cpp/learn_cpp_tasks/out/build/GCC 12.2.0 x86_64-linux-gnu/CMakeFiles/CMakeScratch/TryCompile-hBrCm6'
Building C object CMakeFiles/cmTC_48797.dir/CheckSymbolExists.c.o
/usr/bin/gcc   -W -Wall -pedantic -Wbad-function-cast -Wconversion -Winline -Wmissing-declarations -Wmissing-prototypes -Wnested-externs -Wno-long-long -Wno-multichar -Wpointer-arith -Wshadow -Wsign-compare -Wundef -Wunused -Wwrite-strings -Wcast-align -Wdeclaration-after-statement -Wempty-body -Wendif-labels -Wfloat-equal -Wignored-qualifiers -Wno-format-nonliteral -Wno-sign-conversion -Wno-system-headers -Wstrict-prototypes -Wtype-limits -Wvla -Wmissing-parameter-type -Wold-style-declaration -Wstrict-aliasing=3 -Wformat=2 -Warray-bounds=2 -ftree-vrp -Wduplicated-cond -Wnull-dereference -fdelete-null-pointer-checks -Wshift-negative-value -Wshift-overflow=2 -Walloc-zero -Wduplicated-branches -Wformat-overflow=2 -Wformat-truncation=1 -Wrestrict -Warith-conversion -Wdouble-promotion -Wenum-conversion -Wunused-const-variable  -o CMakeFiles/cmTC_48797.dir/CheckSymbolExists.c.o -c "/home/uhuj/skillbox_cpp/learn_cpp_tasks/out/build/GCC 12.2.0 x86_64-linux-gnu/CMakeFiles/CMakeScratch/TryCompile-hBrCm6/CheckSymbolExists.c"
/home/uhuj/skillbox_cpp/learn_cpp_tasks/out/build/GCC 12.2.0 x86_64-linux-gnu/CMakeFiles/CMakeScratch/TryCompile-hBrCm6/CheckSymbolExists.c: In function ‘main’:
/home/uhuj/skillbox_cpp/learn_cpp_tasks/out/build/GCC 12.2.0 x86_64-linux-gnu/CMakeFiles/CMakeScratch/TryCompile-hBrCm6/CheckSymbolExists.c:41:3: warning: ‘siginterrupt’ is deprecated: Use sigaction with SA_RESTART instead [-Wdeprecated-declarations]
   41 |   return ((int*)(&siginterrupt))[argc];
      |   ^~~~~~
In file included from /usr/include/x86_64-linux-gnu/sys/wait.h:36,
                 from /home/uhuj/skillbox_cpp/learn_cpp_tasks/out/build/GCC 12.2.0 x86_64-linux-gnu/CMakeFiles/CMakeScratch/TryCompile-hBrCm6/CheckSymbolExists.c:3:
/usr/include/signal.h:324:12: note: declared here
  324 | extern int siginterrupt (int __sig, int __interrupt) __THROW
      |            ^~~~~~~~~~~~
/home/uhuj/skillbox_cpp/learn_cpp_tasks/out/build/GCC 12.2.0 x86_64-linux-gnu/CMakeFiles/CMakeScratch/TryCompile-hBrCm6/CheckSymbolExists.c:41:11: warning: ISO C forbids conversion of function pointer to object pointer type [-Wpedantic]
   41 |   return ((int*)(&siginterrupt))[argc];
      |           ^
Linking C executable cmTC_48797
/usr/bin/cmake -E cmake_link_script CMakeFiles/cmTC_48797.dir/link.txt --verbose=1
/usr/bin/gcc   -W -Wall -pedantic -Wbad-function-cast -Wconversion -Winline -Wmissing-declarations -Wmissing-prototypes -Wnested-externs -Wno-long-long -Wno-multichar -Wpointer-arith -Wshadow -Wsign-compare -Wundef -Wunused -Wwrite-strings -Wcast-align -Wdeclaration-after-statement -Wempty-body -Wendif-labels -Wfloat-equal -Wignored-qualifiers -Wno-format-nonliteral -Wno-sign-conversion -Wno-system-headers -Wstrict-prototypes -Wtype-limits -Wvla -Wmissing-parameter-type -Wold-style-declaration -Wstrict-aliasing=3 -Wformat=2 -Warray-bounds=2 -ftree-vrp -Wduplicated-cond -Wnull-dereference -fdelete-null-pointer-checks -Wshift-negative-value -Wshift-overflow=2 -Walloc-zero -Wduplicated-branches -Wformat-overflow=2 -Wformat-truncation=1 -Wrestrict -Warith-conversion -Wdouble-promotion -Wenum-conversion -Wunused-const-variable  CMakeFiles/cmTC_48797.dir/CheckSymbolExists.c.o -o cmTC_48797 
gmake[1]: Leaving directory '/home/uhuj/skillbox_cpp/learn_cpp_tasks/out/build/GCC 12.2.0 x86_64-linux-gnu/CMakeFiles/CMakeScratch/TryCompile-hBrCm6'


File CheckSymbolExists.c:
/* */
#include <inttypes.h>
#include <sys/wait.h>
#include <sys/ioctl.h>
#include <sys/param.h>
#include <sys/poll.h>
#include <sys/resource.h>
#include <sys/select.h>
#include <sys/socket.h>
#include <sys/stat.h>
#include <sys/time.h>
#include <sys/types.h>
#include <sys/un.h>
#include <sys/xattr.h>
#include <arpa/inet.h>
#include <fcntl.h>
#include <ifaddrs.h>
#include <libgen.h>
#include <locale.h>
#include <net/if.h>
#include <netdb.h>
#include <netinet/in.h>
#include <netinet/tcp.h>
#include <netinet/udp.h>
#include <poll.h>
#include <pwd.h>
#include <stdatomic.h>
#include <stdbool.h>
#include <stdint.h>
#include <strings.h>
#include <termio.h>
#include <termios.h>
#include <unistd.h>
#include <utime.h>
#include <signal.h>

int main(int argc, char** argv)
{
  (void)argv;
#ifndef siginterrupt
  return ((int*)(&siginterrupt))[argc];
#else
  (void)argc;
  return 0;
#endif
}
Determining if the getaddrinfo exist passed with the following output:
Change Dir: /home/uhuj/skillbox_cpp/learn_cpp_tasks/out/build/GCC 12.2.0 x86_64-linux-gnu/CMakeFiles/CMakeScratch/TryCompile-QS1hOm

Run Build Command(s):/usr/bin/gmake -f Makefile cmTC_4c9ef/fast && /usr/bin/gmake  -f CMakeFiles/cmTC_4c9ef.dir/build.make CMakeFiles/cmTC_4c9ef.dir/build
gmake[1]: Entering directory '/home/uhuj/skillbox_cpp/learn_cpp_tasks/out/build/GCC 12.2.0 x86_64-linux-gnu/CMakeFiles/CMakeScratch/TryCompile-QS1hOm'
Building C object CMakeFiles/cmTC_4c9ef.dir/CheckSymbolExists.c.o
/usr/bin/gcc   -W -Wall -pedantic -Wbad-function-cast -Wconversion -Winline -Wmissing-declarations -Wmissing-prototypes -Wnested-externs -Wno-long-long -Wno-multichar -Wpointer-arith -Wshadow -Wsign-compare -Wundef -Wunused -Wwrite-strings -Wcast-align -Wdeclaration-after-statement -Wempty-body -Wendif-labels -Wfloat-equal -Wignored-qualifiers -Wno-format-nonliteral -Wno-sign-conversion -Wno-system-headers -Wstrict-prototypes -Wtype-limits -Wvla -Wmissing-parameter-type -Wold-style-declaration -Wstrict-aliasing=3 -Wformat=2 -Warray-bounds=2 -ftree-vrp -Wduplicated-cond -Wnull-dereference -fdelete-null-pointer-checks -Wshift-negative-value -Wshift-overflow=2 -Walloc-zero -Wduplicated-branches -Wformat-overflow=2 -Wformat-truncation=1 -Wrestrict -Warith-conversion -Wdouble-promotion -Wenum-conversion -Wunused-const-variable  -o CMakeFiles/cmTC_4c9ef.dir/CheckSymbolExists.c.o -c "/home/uhuj/skillbox_cpp/learn_cpp_tasks/out/build/GCC 12.2.0 x86_64-linux-gnu/CMakeFiles/CMakeScratch/TryCompile-QS1hOm/CheckSymbolExists.c"
/home/uhuj/skillbox_cpp/learn_cpp_tasks/out/build/GCC 12.2.0 x86_64-linux-gnu/CMakeFiles/CMakeScratch/TryCompile-QS1hOm/CheckSymbolExists.c: In function ‘main’:
/home/uhuj/skillbox_cpp/learn_cpp_tasks/out/build/GCC 12.2.0 x86_64-linux-gnu/CMakeFiles/CMakeScratch/TryCompile-QS1hOm/CheckSymbolExists.c:42:11: warning: ISO C forbids conversion of function pointer to object pointer type [-Wpedantic]
   42 |   return ((int*)(&getaddrinfo))[argc];
      |           ^
Linking C executable cmTC_4c9ef
/usr/bin/cmake -E cmake_link_script CMakeFiles/cmTC_4c9ef.dir/link.txt --verbose=1
/usr/bin/gcc   -W -Wall -pedantic -Wbad-function-cast -Wconversion -Winline -Wmissing-declarations -Wmissing-prototypes -Wnested-externs -Wno-long-long -Wno-multichar -Wpointer-arith -Wshadow -Wsign-compare -Wundef -Wunused -Wwrite-strings -Wcast-align -Wdeclaration-after-statement -Wempty-body -Wendif-labels -Wfloat-equal -Wignored-qualifiers -Wno-format-nonliteral -Wno-sign-conversion -Wno-system-headers -Wstrict-prototypes -Wtype-limits -Wvla -Wmissing-parameter-type -Wold-style-declaration -Wstrict-aliasing=3 -Wformat=2 -Warray-bounds=2 -ftree-vrp -Wduplicated-cond -Wnull-dereference -fdelete-null-pointer-checks -Wshift-negative-value -Wshift-overflow=2 -Walloc-zero -Wduplicated-branches -Wformat-overflow=2 -Wformat-truncation=1 -Wrestrict -Warith-conversion -Wdouble-promotion -Wenum-conversion -Wunused-const-variable  CMakeFiles/cmTC_4c9ef.dir/CheckSymbolExists.c.o -o cmTC_4c9ef 
gmake[1]: Leaving directory '/home/uhuj/skillbox_cpp/learn_cpp_tasks/out/build/GCC 12.2.0 x86_64-linux-gnu/CMakeFiles/CMakeScratch/TryCompile-QS1hOm'


File CheckSymbolExists.c:
/* */
#include <inttypes.h>
#include <sys/wait.h>
#include <sys/ioctl.h>
#include <sys/param.h>
#include <sys/poll.h>
#include <sys/resource.h>
#include <sys/select.h>
#include <sys/socket.h>
#include <sys/stat.h>
#include <sys/time.h>
#include <sys/types.h>
#include <sys/un.h>
#include <sys/xattr.h>
#include <arpa/inet.h>
#include <fcntl.h>
#include <ifaddrs.h>
#include <libgen.h>
#include <locale.h>
#include <net/if.h>
#include <netdb.h>
#include <netinet/in.h>
#include <netinet/tcp.h>
#include <netinet/udp.h>
#include <poll.h>
#include <pwd.h>
#include <stdatomic.h>
#include <stdbool.h>
#include <stdint.h>
#include <strings.h>
#include <termio.h>
#include <termios.h>
#include <unistd.h>
#include <utime.h>
#include <stdlib.h>
#include <string.h>

int main(int argc, char** argv)
{
  (void)argv;
#ifndef getaddrinfo
  return ((int*)(&getaddrinfo))[argc];
#else
  (void)argc;
  return 0;
#endif
}
Determining if the getifaddrs exist passed with the following output:
Change Dir: /home/uhuj/skillbox_cpp/learn_cpp_tasks/out/build/GCC 12.2.0 x86_64-linux-gnu/CMakeFiles/CMakeScratch/TryCompile-opJfWQ

Run Build Command(s):/usr/bin/gmake -f Makefile cmTC_71469/fast && /usr/bin/gmake  -f CMakeFiles/cmTC_71469.dir/build.make CMakeFiles/cmTC_71469.dir/build
gmake[1]: Entering directory '/home/uhuj/skillbox_cpp/learn_cpp_tasks/out/build/GCC 12.2.0 x86_64-linux-gnu/CMakeFiles/CMakeScratch/TryCompile-opJfWQ'
Building C object CMakeFiles/cmTC_71469.dir/CheckSymbolExists.c.o
/usr/bin/gcc   -W -Wall -pedantic -Wbad-function-cast -Wconversion -Winline -Wmissing-declarations -Wmissing-prototypes -Wnested-externs -Wno-long-long -Wno-multichar -Wpointer-arith -Wshadow -Wsign-compare -Wundef -Wunused -Wwrite-strings -Wcast-align -Wdeclaration-after-statement -Wempty-body -Wendif-labels -Wfloat-equal -Wignored-qualifiers -Wno-format-nonliteral -Wno-sign-conversion -Wno-system-headers -Wstrict-prototypes -Wtype-limits -Wvla -Wmissing-parameter-type -Wold-style-declaration -Wstrict-aliasing=3 -Wformat=2 -Warray-bounds=2 -ftree-vrp -Wduplicated-cond -Wnull-dereference -fdelete-null-pointer-checks -Wshift-negative-value -Wshift-overflow=2 -Walloc-zero -Wduplicated-branches -Wformat-overflow=2 -Wformat-truncation=1 -Wrestrict -Warith-conversion -Wdouble-promotion -Wenum-conversion -Wunused-const-variable  -o CMakeFiles/cmTC_71469.dir/CheckSymbolExists.c.o -c "/home/uhuj/skillbox_cpp/learn_cpp_tasks/out/build/GCC 12.2.0 x86_64-linux-gnu/CMakeFiles/CMakeScratch/TryCompile-opJfWQ/CheckSymbolExists.c"
/home/uhuj/skillbox_cpp/learn_cpp_tasks/out/build/GCC 12.2.0 x86_64-linux-gnu/CMakeFiles/CMakeScratch/TryCompile-opJfWQ/CheckSymbolExists.c: In function ‘main’:
/home/uhuj/skillbox_cpp/learn_cpp_tasks/out/build/GCC 12.2.0 x86_64-linux-gnu/CMakeFiles/CMakeScratch/TryCompile-opJfWQ/CheckSymbolExists.c:41:11: warning: ISO C forbids conversion of function pointer to object pointer type [-Wpedantic]
   41 |   return ((int*)(&getifaddrs))[argc];
      |           ^
Linking C executable cmTC_71469
/usr/bin/cmake -E cmake_link_script CMakeFiles/cmTC_71469.dir/link.txt --verbose=1
/usr/bin/gcc   -W -Wall -pedantic -Wbad-function-cast -Wconversion -Winline -Wmissing-declarations -Wmissing-prototypes -Wnested-externs -Wno-long-long -Wno-multichar -Wpointer-arith -Wshadow -Wsign-compare -Wundef -Wunused -Wwrite-strings -Wcast-align -Wdeclaration-after-statement -Wempty-body -Wendif-labels -Wfloat-equal -Wignored-qualifiers -Wno-format-nonliteral -Wno-sign-conversion -Wno-system-headers -Wstrict-prototypes -Wtype-limits -Wvla -Wmissing-parameter-type -Wold-style-declaration -Wstrict-aliasing=3 -Wformat=2 -Warray-bounds=2 -ftree-vrp -Wduplicated-cond -Wnull-dereference -fdelete-null-pointer-checks -Wshift-negative-value -Wshift-overflow=2 -Walloc-zero -Wduplicated-branches -Wformat-overflow=2 -Wformat-truncation=1 -Wrestrict -Warith-conversion -Wdouble-promotion -Wenum-conversion -Wunused-const-variable  CMakeFiles/cmTC_71469.dir/CheckSymbolExists.c.o -o cmTC_71469 
gmake[1]: Leaving directory '/home/uhuj/skillbox_cpp/learn_cpp_tasks/out/build/GCC 12.2.0 x86_64-linux-gnu/CMakeFiles/CMakeScratch/TryCompile-opJfWQ'


File CheckSymbolExists.c:
/* */
#include <inttypes.h>
#include <sys/wait.h>
#include <sys/ioctl.h>
#include <sys/param.h>
#include <sys/poll.h>
#include <sys/resource.h>
#include <sys/select.h>
#include <sys/socket.h>
#include <sys/stat.h>
#include <sys/time.h>
#include <sys/types.h>
#include <sys/un.h>
#include <sys/xattr.h>
#include <arpa/inet.h>
#include <fcntl.h>
#include <ifaddrs.h>
#include <libgen.h>
#include <locale.h>
#include <net/if.h>
#include <netdb.h>
#include <netinet/in.h>
#include <netinet/tcp.h>
#include <netinet/udp.h>
#include <poll.h>
#include <pwd.h>
#include <stdatomic.h>
#include <stdbool.h>
#include <stdint.h>
#include <strings.h>
#include <termio.h>
#include <termios.h>
#include <unistd.h>
#include <utime.h>
#include <stdlib.h>

int main(int argc, char** argv)
{
  (void)argv;
#ifndef getifaddrs
  return ((int*)(&getifaddrs))[argc];
#else
  (void)argc;
  return 0;
#endif
}
Determining if the freeaddrinfo exist passed with the following output:
Change Dir: /home/uhuj/skillbox_cpp/learn_cpp_tasks/out/build/GCC 12.2.0 x86_64-linux-gnu/CMakeFiles/CMakeScratch/TryCompile-HsCaOV

Run Build Command(s):/usr/bin/gmake -f Makefile cmTC_6ffa5/fast && /usr/bin/gmake  -f CMakeFiles/cmTC_6ffa5.dir/build.make CMakeFiles/cmTC_6ffa5.dir/build
gmake[1]: Entering directory '/home/uhuj/skillbox_cpp/learn_cpp_tasks/out/build/GCC 12.2.0 x86_64-linux-gnu/CMakeFiles/CMakeScratch/TryCompile-HsCaOV'
Building C object CMakeFiles/cmTC_6ffa5.dir/CheckSymbolExists.c.o
/usr/bin/gcc   -W -Wall -pedantic -Wbad-function-cast -Wconversion -Winline -Wmissing-declarations -Wmissing-prototypes -Wnested-externs -Wno-long-long -Wno-multichar -Wpointer-arith -Wshadow -Wsign-compare -Wundef -Wunused -Wwrite-strings -Wcast-align -Wdeclaration-after-statement -Wempty-body -Wendif-labels -Wfloat-equal -Wignored-qualifiers -Wno-format-nonliteral -Wno-sign-conversion -Wno-system-headers -Wstrict-prototypes -Wtype-limits -Wvla -Wmissing-parameter-type -Wold-style-declaration -Wstrict-aliasing=3 -Wformat=2 -Warray-bounds=2 -ftree-vrp -Wduplicated-cond -Wnull-dereference -fdelete-null-pointer-checks -Wshift-negative-value -Wshift-overflow=2 -Walloc-zero -Wduplicated-branches -Wformat-overflow=2 -Wformat-truncation=1 -Wrestrict -Warith-conversion -Wdouble-promotion -Wenum-conversion -Wunused-const-variable  -o CMakeFiles/cmTC_6ffa5.dir/CheckSymbolExists.c.o -c "/home/uhuj/skillbox_cpp/learn_cpp_tasks/out/build/GCC 12.2.0 x86_64-linux-gnu/CMakeFiles/CMakeScratch/TryCompile-HsCaOV/CheckSymbolExists.c"
/home/uhuj/skillbox_cpp/learn_cpp_tasks/out/build/GCC 12.2.0 x86_64-linux-gnu/CMakeFiles/CMakeScratch/TryCompile-HsCaOV/CheckSymbolExists.c: In function ‘main’:
/home/uhuj/skillbox_cpp/learn_cpp_tasks/out/build/GCC 12.2.0 x86_64-linux-gnu/CMakeFiles/CMakeScratch/TryCompile-HsCaOV/CheckSymbolExists.c:40:11: warning: ISO C forbids conversion of function pointer to object pointer type [-Wpedantic]
   40 |   return ((int*)(&freeaddrinfo))[argc];
      |           ^
Linking C executable cmTC_6ffa5
/usr/bin/cmake -E cmake_link_script CMakeFiles/cmTC_6ffa5.dir/link.txt --verbose=1
/usr/bin/gcc   -W -Wall -pedantic -Wbad-function-cast -Wconversion -Winline -Wmissing-declarations -Wmissing-prototypes -Wnested-externs -Wno-long-long -Wno-multichar -Wpointer-arith -Wshadow -Wsign-compare -Wundef -Wunused -Wwrite-strings -Wcast-align -Wdeclaration-after-statement -Wempty-body -Wendif-labels -Wfloat-equal -Wignored-qualifiers -Wno-format-nonliteral -Wno-sign-conversion -Wno-system-headers -Wstrict-prototypes -Wtype-limits -Wvla -Wmissing-parameter-type -Wold-style-declaration -Wstrict-aliasing=3 -Wformat=2 -Warray-bounds=2 -ftree-vrp -Wduplicated-cond -Wnull-dereference -fdelete-null-pointer-checks -Wshift-negative-value -Wshift-overflow=2 -Walloc-zero -Wduplicated-branches -Wformat-overflow=2 -Wformat-truncation=1 -Wrestrict -Warith-conversion -Wdouble-promotion -Wenum-conversion -Wunused-const-variable  CMakeFiles/cmTC_6ffa5.dir/CheckSymbolExists.c.o -o cmTC_6ffa5 
gmake[1]: Leaving directory '/home/uhuj/skillbox_cpp/learn_cpp_tasks/out/build/GCC 12.2.0 x86_64-linux-gnu/CMakeFiles/CMakeScratch/TryCompile-HsCaOV'


File CheckSymbolExists.c:
/* */
#include <inttypes.h>
#include <sys/wait.h>
#include <sys/ioctl.h>
#include <sys/param.h>
#include <sys/poll.h>
#include <sys/resource.h>
#include <sys/select.h>
#include <sys/socket.h>
#include <sys/stat.h>
#include <sys/time.h>
#include <sys/types.h>
#include <sys/un.h>
#include <sys/xattr.h>
#include <arpa/inet.h>
#include <fcntl.h>
#include <ifaddrs.h>
#include <libgen.h>
#include <locale.h>
#include <net/if.h>
#include <netdb.h>
#include <netinet/in.h>
#include <netinet/tcp.h>
#include <netinet/udp.h>
#include <poll.h>
#include <pwd.h>
#include <stdatomic.h>
#include <stdbool.h>
#include <stdint.h>
#include <strings.h>
#include <termio.h>
#include <termios.h>
#include <unistd.h>
#include <utime.h>

int main(int argc, char** argv)
{
  (void)argv;
#ifndef freeaddrinfo
  return ((int*)(&freeaddrinfo))[argc];
#else
  (void)argc;
  return 0;
#endif
}
Determining if the pipe exist passed with the following output:
Change Dir: /home/uhuj/skillbox_cpp/learn_cpp_tasks/out/build/GCC 12.2.0 x86_64-linux-gnu/CMakeFiles/CMakeScratch/TryCompile-wjAVm8

Run Build Command(s):/usr/bin/gmake -f Makefile cmTC_45b5d/fast && /usr/bin/gmake  -f CMakeFiles/cmTC_45b5d.dir/build.make CMakeFiles/cmTC_45b5d.dir/build
gmake[1]: Entering directory '/home/uhuj/skillbox_cpp/learn_cpp_tasks/out/build/GCC 12.2.0 x86_64-linux-gnu/CMakeFiles/CMakeScratch/TryCompile-wjAVm8'
Building C object CMakeFiles/cmTC_45b5d.dir/CheckSymbolExists.c.o
/usr/bin/gcc   -W -Wall -pedantic -Wbad-function-cast -Wconversion -Winline -Wmissing-declarations -Wmissing-prototypes -Wnested-externs -Wno-long-long -Wno-multichar -Wpointer-arith -Wshadow -Wsign-compare -Wundef -Wunused -Wwrite-strings -Wcast-align -Wdeclaration-after-statement -Wempty-body -Wendif-labels -Wfloat-equal -Wignored-qualifiers -Wno-format-nonliteral -Wno-sign-conversion -Wno-system-headers -Wstrict-prototypes -Wtype-limits -Wvla -Wmissing-parameter-type -Wold-style-declaration -Wstrict-aliasing=3 -Wformat=2 -Warray-bounds=2 -ftree-vrp -Wduplicated-cond -Wnull-dereference -fdelete-null-pointer-checks -Wshift-negative-value -Wshift-overflow=2 -Walloc-zero -Wduplicated-branches -Wformat-overflow=2 -Wformat-truncation=1 -Wrestrict -Warith-conversion -Wdouble-promotion -Wenum-conversion -Wunused-const-variable  -o CMakeFiles/cmTC_45b5d.dir/CheckSymbolExists.c.o -c "/home/uhuj/skillbox_cpp/learn_cpp_tasks/out/build/GCC 12.2.0 x86_64-linux-gnu/CMakeFiles/CMakeScratch/TryCompile-wjAVm8/CheckSymbolExists.c"
/home/uhuj/skillbox_cpp/learn_cpp_tasks/out/build/GCC 12.2.0 x86_64-linux-gnu/CMakeFiles/CMakeScratch/TryCompile-wjAVm8/CheckSymbolExists.c: In function ‘main’:
/home/uhuj/skillbox_cpp/learn_cpp_tasks/out/build/GCC 12.2.0 x86_64-linux-gnu/CMakeFiles/CMakeScratch/TryCompile-wjAVm8/CheckSymbolExists.c:40:11: warning: ISO C forbids conversion of function pointer to object pointer type [-Wpedantic]
   40 |   return ((int*)(&pipe))[argc];
      |           ^
Linking C executable cmTC_45b5d
/usr/bin/cmake -E cmake_link_script CMakeFiles/cmTC_45b5d.dir/link.txt --verbose=1
/usr/bin/gcc   -W -Wall -pedantic -Wbad-function-cast -Wconversion -Winline -Wmissing-declarations -Wmissing-prototypes -Wnested-externs -Wno-long-long -Wno-multichar -Wpointer-arith -Wshadow -Wsign-compare -Wundef -Wunused -Wwrite-strings -Wcast-align -Wdeclaration-after-statement -Wempty-body -Wendif-labels -Wfloat-equal -Wignored-qualifiers -Wno-format-nonliteral -Wno-sign-conversion -Wno-system-headers -Wstrict-prototypes -Wtype-limits -Wvla -Wmissing-parameter-type -Wold-style-declaration -Wstrict-aliasing=3 -Wformat=2 -Warray-bounds=2 -ftree-vrp -Wduplicated-cond -Wnull-dereference -fdelete-null-pointer-checks -Wshift-negative-value -Wshift-overflow=2 -Walloc-zero -Wduplicated-branches -Wformat-overflow=2 -Wformat-truncation=1 -Wrestrict -Warith-conversion -Wdouble-promotion -Wenum-conversion -Wunused-const-variable  CMakeFiles/cmTC_45b5d.dir/CheckSymbolExists.c.o -o cmTC_45b5d 
gmake[1]: Leaving directory '/home/uhuj/skillbox_cpp/learn_cpp_tasks/out/build/GCC 12.2.0 x86_64-linux-gnu/CMakeFiles/CMakeScratch/TryCompile-wjAVm8'


File CheckSymbolExists.c:
/* */
#include <inttypes.h>
#include <sys/wait.h>
#include <sys/ioctl.h>
#include <sys/param.h>
#include <sys/poll.h>
#include <sys/resource.h>
#include <sys/select.h>
#include <sys/socket.h>
#include <sys/stat.h>
#include <sys/time.h>
#include <sys/types.h>
#include <sys/un.h>
#include <sys/xattr.h>
#include <arpa/inet.h>
#include <fcntl.h>
#include <ifaddrs.h>
#include <libgen.h>
#include <locale.h>
#include <net/if.h>
#include <netdb.h>
#include <netinet/in.h>
#include <netinet/tcp.h>
#include <netinet/udp.h>
#include <poll.h>
#include <pwd.h>
#include <stdatomic.h>
#include <stdbool.h>
#include <stdint.h>
#include <strings.h>
#include <termio.h>
#include <termios.h>
#include <unistd.h>
#include <utime.h>

int main(int argc, char** argv)
{
  (void)argv;
#ifndef pipe
  return ((int*)(&pipe))[argc];
#else
  (void)argc;
  return 0;
#endif
}
Determining if the ftruncate exist passed with the following output:
Change Dir: /home/uhuj/skillbox_cpp/learn_cpp_tasks/out/build/GCC 12.2.0 x86_64-linux-gnu/CMakeFiles/CMakeScratch/TryCompile-vWzI7P

Run Build Command(s):/usr/bin/gmake -f Makefile cmTC_208a3/fast && /usr/bin/gmake  -f CMakeFiles/cmTC_208a3.dir/build.make CMakeFiles/cmTC_208a3.dir/build
gmake[1]: Entering directory '/home/uhuj/skillbox_cpp/learn_cpp_tasks/out/build/GCC 12.2.0 x86_64-linux-gnu/CMakeFiles/CMakeScratch/TryCompile-vWzI7P'
Building C object CMakeFiles/cmTC_208a3.dir/CheckSymbolExists.c.o
/usr/bin/gcc   -W -Wall -pedantic -Wbad-function-cast -Wconversion -Winline -Wmissing-declarations -Wmissing-prototypes -Wnested-externs -Wno-long-long -Wno-multichar -Wpointer-arith -Wshadow -Wsign-compare -Wundef -Wunused -Wwrite-strings -Wcast-align -Wdeclaration-after-statement -Wempty-body -Wendif-labels -Wfloat-equal -Wignored-qualifiers -Wno-format-nonliteral -Wno-sign-conversion -Wno-system-headers -Wstrict-prototypes -Wtype-limits -Wvla -Wmissing-parameter-type -Wold-style-declaration -Wstrict-aliasing=3 -Wformat=2 -Warray-bounds=2 -ftree-vrp -Wduplicated-cond -Wnull-dereference -fdelete-null-pointer-checks -Wshift-negative-value -Wshift-overflow=2 -Walloc-zero -Wduplicated-branches -Wformat-overflow=2 -Wformat-truncation=1 -Wrestrict -Warith-conversion -Wdouble-promotion -Wenum-conversion -Wunused-const-variable  -o CMakeFiles/cmTC_208a3.dir/CheckSymbolExists.c.o -c "/home/uhuj/skillbox_cpp/learn_cpp_tasks/out/build/GCC 12.2.0 x86_64-linux-gnu/CMakeFiles/CMakeScratch/TryCompile-vWzI7P/CheckSymbolExists.c"
/home/uhuj/skillbox_cpp/learn_cpp_tasks/out/build/GCC 12.2.0 x86_64-linux-gnu/CMakeFiles/CMakeScratch/TryCompile-vWzI7P/CheckSymbolExists.c: In function ‘main’:
/home/uhuj/skillbox_cpp/learn_cpp_tasks/out/build/GCC 12.2.0 x86_64-linux-gnu/CMakeFiles/CMakeScratch/TryCompile-vWzI7P/CheckSymbolExists.c:40:11: warning: ISO C forbids conversion of function pointer to object pointer type [-Wpedantic]
   40 |   return ((int*)(&ftruncate))[argc];
      |           ^
Linking C executable cmTC_208a3
/usr/bin/cmake -E cmake_link_script CMakeFiles/cmTC_208a3.dir/link.txt --verbose=1
/usr/bin/gcc   -W -Wall -pedantic -Wbad-function-cast -Wconversion -Winline -Wmissing-declarations -Wmissing-prototypes -Wnested-externs -Wno-long-long -Wno-multichar -Wpointer-arith -Wshadow -Wsign-compare -Wundef -Wunused -Wwrite-strings -Wcast-align -Wdeclaration-after-statement -Wempty-body -Wendif-labels -Wfloat-equal -Wignored-qualifiers -Wno-format-nonliteral -Wno-sign-conversion -Wno-system-headers -Wstrict-prototypes -Wtype-limits -Wvla -Wmissing-parameter-type -Wold-style-declaration -Wstrict-aliasing=3 -Wformat=2 -Warray-bounds=2 -ftree-vrp -Wduplicated-cond -Wnull-dereference -fdelete-null-pointer-checks -Wshift-negative-value -Wshift-overflow=2 -Walloc-zero -Wduplicated-branches -Wformat-overflow=2 -Wformat-truncation=1 -Wrestrict -Warith-conversion -Wdouble-promotion -Wenum-conversion -Wunused-const-variable  CMakeFiles/cmTC_208a3.dir/CheckSymbolExists.c.o -o cmTC_208a3 
gmake[1]: Leaving directory '/home/uhuj/skillbox_cpp/learn_cpp_tasks/out/build/GCC 12.2.0 x86_64-linux-gnu/CMakeFiles/CMakeScratch/TryCompile-vWzI7P'


File CheckSymbolExists.c:
/* */
#include <inttypes.h>
#include <sys/wait.h>
#include <sys/ioctl.h>
#include <sys/param.h>
#include <sys/poll.h>
#include <sys/resource.h>
#include <sys/select.h>
#include <sys/socket.h>
#include <sys/stat.h>
#include <sys/time.h>
#include <sys/types.h>
#include <sys/un.h>
#include <sys/xattr.h>
#include <arpa/inet.h>
#include <fcntl.h>
#include <ifaddrs.h>
#include <libgen.h>
#include <locale.h>
#include <net/if.h>
#include <netdb.h>
#include <netinet/in.h>
#include <netinet/tcp.h>
#include <netinet/udp.h>
#include <poll.h>
#include <pwd.h>
#include <stdatomic.h>
#include <stdbool.h>
#include <stdint.h>
#include <strings.h>
#include <termio.h>
#include <termios.h>
#include <unistd.h>
#include <utime.h>

int main(int argc, char** argv)
{
  (void)argv;
#ifndef ftruncate
  return ((int*)(&ftruncate))[argc];
#else
  (void)argc;
  return 0;
#endif
}
Determining if the getpeername exist passed with the following output:
Change Dir: /home/uhuj/skillbox_cpp/learn_cpp_tasks/out/build/GCC 12.2.0 x86_64-linux-gnu/CMakeFiles/CMakeScratch/TryCompile-vMntCZ

Run Build Command(s):/usr/bin/gmake -f Makefile cmTC_28316/fast && /usr/bin/gmake  -f CMakeFiles/cmTC_28316.dir/build.make CMakeFiles/cmTC_28316.dir/build
gmake[1]: Entering directory '/home/uhuj/skillbox_cpp/learn_cpp_tasks/out/build/GCC 12.2.0 x86_64-linux-gnu/CMakeFiles/CMakeScratch/TryCompile-vMntCZ'
Building C object CMakeFiles/cmTC_28316.dir/CheckSymbolExists.c.o
/usr/bin/gcc   -W -Wall -pedantic -Wbad-function-cast -Wconversion -Winline -Wmissing-declarations -Wmissing-prototypes -Wnested-externs -Wno-long-long -Wno-multichar -Wpointer-arith -Wshadow -Wsign-compare -Wundef -Wunused -Wwrite-strings -Wcast-align -Wdeclaration-after-statement -Wempty-body -Wendif-labels -Wfloat-equal -Wignored-qualifiers -Wno-format-nonliteral -Wno-sign-conversion -Wno-system-headers -Wstrict-prototypes -Wtype-limits -Wvla -Wmissing-parameter-type -Wold-style-declaration -Wstrict-aliasing=3 -Wformat=2 -Warray-bounds=2 -ftree-vrp -Wduplicated-cond -Wnull-dereference -fdelete-null-pointer-checks -Wshift-negative-value -Wshift-overflow=2 -Walloc-zero -Wduplicated-branches -Wformat-overflow=2 -Wformat-truncation=1 -Wrestrict -Warith-conversion -Wdouble-promotion -Wenum-conversion -Wunused-const-variable  -o CMakeFiles/cmTC_28316.dir/CheckSymbolExists.c.o -c "/home/uhuj/skillbox_cpp/learn_cpp_tasks/out/build/GCC 12.2.0 x86_64-linux-gnu/CMakeFiles/CMakeScratch/TryCompile-vMntCZ/CheckSymbolExists.c"
/home/uhuj/skillbox_cpp/learn_cpp_tasks/out/build/GCC 12.2.0 x86_64-linux-gnu/CMakeFiles/CMakeScratch/TryCompile-vMntCZ/CheckSymbolExists.c: In function ‘main’:
/home/uhuj/skillbox_cpp/learn_cpp_tasks/out/build/GCC 12.2.0 x86_64-linux-gnu/CMakeFiles/CMakeScratch/TryCompile-vMntCZ/CheckSymbolExists.c:40:11: warning: ISO C forbids conversion of function pointer to object pointer type [-Wpedantic]
   40 |   return ((int*)(&getpeername))[argc];
      |           ^
Linking C executable cmTC_28316
/usr/bin/cmake -E cmake_link_script CMakeFiles/cmTC_28316.dir/link.txt --verbose=1
/usr/bin/gcc   -W -Wall -pedantic -Wbad-function-cast -Wconversion -Winline -Wmissing-declarations -Wmissing-prototypes -Wnested-externs -Wno-long-long -Wno-multichar -Wpointer-arith -Wshadow -Wsign-compare -Wundef -Wunused -Wwrite-strings -Wcast-align -Wdeclaration-after-statement -Wempty-body -Wendif-labels -Wfloat-equal -Wignored-qualifiers -Wno-format-nonliteral -Wno-sign-conversion -Wno-system-headers -Wstrict-prototypes -Wtype-limits -Wvla -Wmissing-parameter-type -Wold-style-declaration -Wstrict-aliasing=3 -Wformat=2 -Warray-bounds=2 -ftree-vrp -Wduplicated-cond -Wnull-dereference -fdelete-null-pointer-checks -Wshift-negative-value -Wshift-overflow=2 -Walloc-zero -Wduplicated-branches -Wformat-overflow=2 -Wformat-truncation=1 -Wrestrict -Warith-conversion -Wdouble-promotion -Wenum-conversion -Wunused-const-variable  CMakeFiles/cmTC_28316.dir/CheckSymbolExists.c.o -o cmTC_28316 
gmake[1]: Leaving directory '/home/uhuj/skillbox_cpp/learn_cpp_tasks/out/build/GCC 12.2.0 x86_64-linux-gnu/CMakeFiles/CMakeScratch/TryCompile-vMntCZ'


File CheckSymbolExists.c:
/* */
#include <inttypes.h>
#include <sys/wait.h>
#include <sys/ioctl.h>
#include <sys/param.h>
#include <sys/poll.h>
#include <sys/resource.h>
#include <sys/select.h>
#include <sys/socket.h>
#include <sys/stat.h>
#include <sys/time.h>
#include <sys/types.h>
#include <sys/un.h>
#include <sys/xattr.h>
#include <arpa/inet.h>
#include <fcntl.h>
#include <ifaddrs.h>
#include <libgen.h>
#include <locale.h>
#include <net/if.h>
#include <netdb.h>
#include <netinet/in.h>
#include <netinet/tcp.h>
#include <netinet/udp.h>
#include <poll.h>
#include <pwd.h>
#include <stdatomic.h>
#include <stdbool.h>
#include <stdint.h>
#include <strings.h>
#include <termio.h>
#include <termios.h>
#include <unistd.h>
#include <utime.h>

int main(int argc, char** argv)
{
  (void)argv;
#ifndef getpeername
  return ((int*)(&getpeername))[argc];
#else
  (void)argc;
  return 0;
#endif
}
Determining if the getsockname exist passed with the following output:
Change Dir: /home/uhuj/skillbox_cpp/learn_cpp_tasks/out/build/GCC 12.2.0 x86_64-linux-gnu/CMakeFiles/CMakeScratch/TryCompile-UfLEGD

Run Build Command(s):/usr/bin/gmake -f Makefile cmTC_c5347/fast && /usr/bin/gmake  -f CMakeFiles/cmTC_c5347.dir/build.make CMakeFiles/cmTC_c5347.dir/build
gmake[1]: Entering directory '/home/uhuj/skillbox_cpp/learn_cpp_tasks/out/build/GCC 12.2.0 x86_64-linux-gnu/CMakeFiles/CMakeScratch/TryCompile-UfLEGD'
Building C object CMakeFiles/cmTC_c5347.dir/CheckSymbolExists.c.o
/usr/bin/gcc   -W -Wall -pedantic -Wbad-function-cast -Wconversion -Winline -Wmissing-declarations -Wmissing-prototypes -Wnested-externs -Wno-long-long -Wno-multichar -Wpointer-arith -Wshadow -Wsign-compare -Wundef -Wunused -Wwrite-strings -Wcast-align -Wdeclaration-after-statement -Wempty-body -Wendif-labels -Wfloat-equal -Wignored-qualifiers -Wno-format-nonliteral -Wno-sign-conversion -Wno-system-headers -Wstrict-prototypes -Wtype-limits -Wvla -Wmissing-parameter-type -Wold-style-declaration -Wstrict-aliasing=3 -Wformat=2 -Warray-bounds=2 -ftree-vrp -Wduplicated-cond -Wnull-dereference -fdelete-null-pointer-checks -Wshift-negative-value -Wshift-overflow=2 -Walloc-zero -Wduplicated-branches -Wformat-overflow=2 -Wformat-truncation=1 -Wrestrict -Warith-conversion -Wdouble-promotion -Wenum-conversion -Wunused-const-variable  -o CMakeFiles/cmTC_c5347.dir/CheckSymbolExists.c.o -c "/home/uhuj/skillbox_cpp/learn_cpp_tasks/out/build/GCC 12.2.0 x86_64-linux-gnu/CMakeFiles/CMakeScratch/TryCompile-UfLEGD/CheckSymbolExists.c"
/home/uhuj/skillbox_cpp/learn_cpp_tasks/out/build/GCC 12.2.0 x86_64-linux-gnu/CMakeFiles/CMakeScratch/TryCompile-UfLEGD/CheckSymbolExists.c: In function ‘main’:
/home/uhuj/skillbox_cpp/learn_cpp_tasks/out/build/GCC 12.2.0 x86_64-linux-gnu/CMakeFiles/CMakeScratch/TryCompile-UfLEGD/CheckSymbolExists.c:40:11: warning: ISO C forbids conversion of function pointer to object pointer type [-Wpedantic]
   40 |   return ((int*)(&getsockname))[argc];
      |           ^
Linking C executable cmTC_c5347
/usr/bin/cmake -E cmake_link_script CMakeFiles/cmTC_c5347.dir/link.txt --verbose=1
/usr/bin/gcc   -W -Wall -pedantic -Wbad-function-cast -Wconversion -Winline -Wmissing-declarations -Wmissing-prototypes -Wnested-externs -Wno-long-long -Wno-multichar -Wpointer-arith -Wshadow -Wsign-compare -Wundef -Wunused -Wwrite-strings -Wcast-align -Wdeclaration-after-statement -Wempty-body -Wendif-labels -Wfloat-equal -Wignored-qualifiers -Wno-format-nonliteral -Wno-sign-conversion -Wno-system-headers -Wstrict-prototypes -Wtype-limits -Wvla -Wmissing-parameter-type -Wold-style-declaration -Wstrict-aliasing=3 -Wformat=2 -Warray-bounds=2 -ftree-vrp -Wduplicated-cond -Wnull-dereference -fdelete-null-pointer-checks -Wshift-negative-value -Wshift-overflow=2 -Walloc-zero -Wduplicated-branches -Wformat-overflow=2 -Wformat-truncation=1 -Wrestrict -Warith-conversion -Wdouble-promotion -Wenum-conversion -Wunused-const-variable  CMakeFiles/cmTC_c5347.dir/CheckSymbolExists.c.o -o cmTC_c5347 
gmake[1]: Leaving directory '/home/uhuj/skillbox_cpp/learn_cpp_tasks/out/build/GCC 12.2.0 x86_64-linux-gnu/CMakeFiles/CMakeScratch/TryCompile-UfLEGD'


File CheckSymbolExists.c:
/* */
#include <inttypes.h>
#include <sys/wait.h>
#include <sys/ioctl.h>
#include <sys/param.h>
#include <sys/poll.h>
#include <sys/resource.h>
#include <sys/select.h>
#include <sys/socket.h>
#include <sys/stat.h>
#include <sys/time.h>
#include <sys/types.h>
#include <sys/un.h>
#include <sys/xattr.h>
#include <arpa/inet.h>
#include <fcntl.h>
#include <ifaddrs.h>
#include <libgen.h>
#include <locale.h>
#include <net/if.h>
#include <netdb.h>
#include <netinet/in.h>
#include <netinet/tcp.h>
#include <netinet/udp.h>
#include <poll.h>
#include <pwd.h>
#include <stdatomic.h>
#include <stdbool.h>
#include <stdint.h>
#include <strings.h>
#include <termio.h>
#include <termios.h>
#include <unistd.h>
#include <utime.h>

int main(int argc, char** argv)
{
  (void)argv;
#ifndef getsockname
  return ((int*)(&getsockname))[argc];
#else
  (void)argc;
  return 0;
#endif
}
Determining if the if_nametoindex exist passed with the following output:
Change Dir: /home/uhuj/skillbox_cpp/learn_cpp_tasks/out/build/GCC 12.2.0 x86_64-linux-gnu/CMakeFiles/CMakeScratch/TryCompile-1cJxa7

Run Build Command(s):/usr/bin/gmake -f Makefile cmTC_e3f8a/fast && /usr/bin/gmake  -f CMakeFiles/cmTC_e3f8a.dir/build.make CMakeFiles/cmTC_e3f8a.dir/build
gmake[1]: Entering directory '/home/uhuj/skillbox_cpp/learn_cpp_tasks/out/build/GCC 12.2.0 x86_64-linux-gnu/CMakeFiles/CMakeScratch/TryCompile-1cJxa7'
Building C object CMakeFiles/cmTC_e3f8a.dir/CheckSymbolExists.c.o
/usr/bin/gcc   -W -Wall -pedantic -Wbad-function-cast -Wconversion -Winline -Wmissing-declarations -Wmissing-prototypes -Wnested-externs -Wno-long-long -Wno-multichar -Wpointer-arith -Wshadow -Wsign-compare -Wundef -Wunused -Wwrite-strings -Wcast-align -Wdeclaration-after-statement -Wempty-body -Wendif-labels -Wfloat-equal -Wignored-qualifiers -Wno-format-nonliteral -Wno-sign-conversion -Wno-system-headers -Wstrict-prototypes -Wtype-limits -Wvla -Wmissing-parameter-type -Wold-style-declaration -Wstrict-aliasing=3 -Wformat=2 -Warray-bounds=2 -ftree-vrp -Wduplicated-cond -Wnull-dereference -fdelete-null-pointer-checks -Wshift-negative-value -Wshift-overflow=2 -Walloc-zero -Wduplicated-branches -Wformat-overflow=2 -Wformat-truncation=1 -Wrestrict -Warith-conversion -Wdouble-promotion -Wenum-conversion -Wunused-const-variable  -o CMakeFiles/cmTC_e3f8a.dir/CheckSymbolExists.c.o -c "/home/uhuj/skillbox_cpp/learn_cpp_tasks/out/build/GCC 12.2.0 x86_64-linux-gnu/CMakeFiles/CMakeScratch/TryCompile-1cJxa7/CheckSymbolExists.c"
/home/uhuj/skillbox_cpp/learn_cpp_tasks/out/build/GCC 12.2.0 x86_64-linux-gnu/CMakeFiles/CMakeScratch/TryCompile-1cJxa7/CheckSymbolExists.c: In function ‘main’:
/home/uhuj/skillbox_cpp/learn_cpp_tasks/out/build/GCC 12.2.0 x86_64-linux-gnu/CMakeFiles/CMakeScratch/TryCompile-1cJxa7/CheckSymbolExists.c:40:11: warning: ISO C forbids conversion of function pointer to object pointer type [-Wpedantic]
   40 |   return ((int*)(&if_nametoindex))[argc];
      |           ^
Linking C executable cmTC_e3f8a
/usr/bin/cmake -E cmake_link_script CMakeFiles/cmTC_e3f8a.dir/link.txt --verbose=1
/usr/bin/gcc   -W -Wall -pedantic -Wbad-function-cast -Wconversion -Winline -Wmissing-declarations -Wmissing-prototypes -Wnested-externs -Wno-long-long -Wno-multichar -Wpointer-arith -Wshadow -Wsign-compare -Wundef -Wunused -Wwrite-strings -Wcast-align -Wdeclaration-after-statement -Wempty-body -Wendif-labels -Wfloat-equal -Wignored-qualifiers -Wno-format-nonliteral -Wno-sign-conversion -Wno-system-headers -Wstrict-prototypes -Wtype-limits -Wvla -Wmissing-parameter-type -Wold-style-declaration -Wstrict-aliasing=3 -Wformat=2 -Warray-bounds=2 -ftree-vrp -Wduplicated-cond -Wnull-dereference -fdelete-null-pointer-checks -Wshift-negative-value -Wshift-overflow=2 -Walloc-zero -Wduplicated-branches -Wformat-overflow=2 -Wformat-truncation=1 -Wrestrict -Warith-conversion -Wdouble-promotion -Wenum-conversion -Wunused-const-variable  CMakeFiles/cmTC_e3f8a.dir/CheckSymbolExists.c.o -o cmTC_e3f8a 
gmake[1]: Leaving directory '/home/uhuj/skillbox_cpp/learn_cpp_tasks/out/build/GCC 12.2.0 x86_64-linux-gnu/CMakeFiles/CMakeScratch/TryCompile-1cJxa7'


File CheckSymbolExists.c:
/* */
#include <inttypes.h>
#include <sys/wait.h>
#include <sys/ioctl.h>
#include <sys/param.h>
#include <sys/poll.h>
#include <sys/resource.h>
#include <sys/select.h>
#include <sys/socket.h>
#include <sys/stat.h>
#include <sys/time.h>
#include <sys/types.h>
#include <sys/un.h>
#include <sys/xattr.h>
#include <arpa/inet.h>
#include <fcntl.h>
#include <ifaddrs.h>
#include <libgen.h>
#include <locale.h>
#include <net/if.h>
#include <netdb.h>
#include <netinet/in.h>
#include <netinet/tcp.h>
#include <netinet/udp.h>
#include <poll.h>
#include <pwd.h>
#include <stdatomic.h>
#include <stdbool.h>
#include <stdint.h>
#include <strings.h>
#include <termio.h>
#include <termios.h>
#include <unistd.h>
#include <utime.h>

int main(int argc, char** argv)
{
  (void)argv;
#ifndef if_nametoindex
  return ((int*)(&if_nametoindex))[argc];
#else
  (void)argc;
  return 0;
#endif
}
Determining if the getrlimit exist passed with the following output:
Change Dir: /home/uhuj/skillbox_cpp/learn_cpp_tasks/out/build/GCC 12.2.0 x86_64-linux-gnu/CMakeFiles/CMakeScratch/TryCompile-zmcFcJ

Run Build Command(s):/usr/bin/gmake -f Makefile cmTC_62fcf/fast && /usr/bin/gmake  -f CMakeFiles/cmTC_62fcf.dir/build.make CMakeFiles/cmTC_62fcf.dir/build
gmake[1]: Entering directory '/home/uhuj/skillbox_cpp/learn_cpp_tasks/out/build/GCC 12.2.0 x86_64-linux-gnu/CMakeFiles/CMakeScratch/TryCompile-zmcFcJ'
Building C object CMakeFiles/cmTC_62fcf.dir/CheckSymbolExists.c.o
/usr/bin/gcc   -W -Wall -pedantic -Wbad-function-cast -Wconversion -Winline -Wmissing-declarations -Wmissing-prototypes -Wnested-externs -Wno-long-long -Wno-multichar -Wpointer-arith -Wshadow -Wsign-compare -Wundef -Wunused -Wwrite-strings -Wcast-align -Wdeclaration-after-statement -Wempty-body -Wendif-labels -Wfloat-equal -Wignored-qualifiers -Wno-format-nonliteral -Wno-sign-conversion -Wno-system-headers -Wstrict-prototypes -Wtype-limits -Wvla -Wmissing-parameter-type -Wold-style-declaration -Wstrict-aliasing=3 -Wformat=2 -Warray-bounds=2 -ftree-vrp -Wduplicated-cond -Wnull-dereference -fdelete-null-pointer-checks -Wshift-negative-value -Wshift-overflow=2 -Walloc-zero -Wduplicated-branches -Wformat-overflow=2 -Wformat-truncation=1 -Wrestrict -Warith-conversion -Wdouble-promotion -Wenum-conversion -Wunused-const-variable  -o CMakeFiles/cmTC_62fcf.dir/CheckSymbolExists.c.o -c "/home/uhuj/skillbox_cpp/learn_cpp_tasks/out/build/GCC 12.2.0 x86_64-linux-gnu/CMakeFiles/CMakeScratch/TryCompile-zmcFcJ/CheckSymbolExists.c"
/home/uhuj/skillbox_cpp/learn_cpp_tasks/out/build/GCC 12.2.0 x86_64-linux-gnu/CMakeFiles/CMakeScratch/TryCompile-zmcFcJ/CheckSymbolExists.c: In function ‘main’:
/home/uhuj/skillbox_cpp/learn_cpp_tasks/out/build/GCC 12.2.0 x86_64-linux-gnu/CMakeFiles/CMakeScratch/TryCompile-zmcFcJ/CheckSymbolExists.c:40:11: warning: ISO C forbids conversion of function pointer to object pointer type [-Wpedantic]
   40 |   return ((int*)(&getrlimit))[argc];
      |           ^
Linking C executable cmTC_62fcf
/usr/bin/cmake -E cmake_link_script CMakeFiles/cmTC_62fcf.dir/link.txt --verbose=1
/usr/bin/gcc   -W -Wall -pedantic -Wbad-function-cast -Wconversion -Winline -Wmissing-declarations -Wmissing-prototypes -Wnested-externs -Wno-long-long -Wno-multichar -Wpointer-arith -Wshadow -Wsign-compare -Wundef -Wunused -Wwrite-strings -Wcast-align -Wdeclaration-after-statement -Wempty-body -Wendif-labels -Wfloat-equal -Wignored-qualifiers -Wno-format-nonliteral -Wno-sign-conversion -Wno-system-headers -Wstrict-prototypes -Wtype-limits -Wvla -Wmissing-parameter-type -Wold-style-declaration -Wstrict-aliasing=3 -Wformat=2 -Warray-bounds=2 -ftree-vrp -Wduplicated-cond -Wnull-dereference -fdelete-null-pointer-checks -Wshift-negative-value -Wshift-overflow=2 -Walloc-zero -Wduplicated-branches -Wformat-overflow=2 -Wformat-truncation=1 -Wrestrict -Warith-conversion -Wdouble-promotion -Wenum-conversion -Wunused-const-variable  CMakeFiles/cmTC_62fcf.dir/CheckSymbolExists.c.o -o cmTC_62fcf 
gmake[1]: Leaving directory '/home/uhuj/skillbox_cpp/learn_cpp_tasks/out/build/GCC 12.2.0 x86_64-linux-gnu/CMakeFiles/CMakeScratch/TryCompile-zmcFcJ'


File CheckSymbolExists.c:
/* */
#include <inttypes.h>
#include <sys/wait.h>
#include <sys/ioctl.h>
#include <sys/param.h>
#include <sys/poll.h>
#include <sys/resource.h>
#include <sys/select.h>
#include <sys/socket.h>
#include <sys/stat.h>
#include <sys/time.h>
#include <sys/types.h>
#include <sys/un.h>
#include <sys/xattr.h>
#include <arpa/inet.h>
#include <fcntl.h>
#include <ifaddrs.h>
#include <libgen.h>
#include <locale.h>
#include <net/if.h>
#include <netdb.h>
#include <netinet/in.h>
#include <netinet/tcp.h>
#include <netinet/udp.h>
#include <poll.h>
#include <pwd.h>
#include <stdatomic.h>
#include <stdbool.h>
#include <stdint.h>
#include <strings.h>
#include <termio.h>
#include <termios.h>
#include <unistd.h>
#include <utime.h>

int main(int argc, char** argv)
{
  (void)argv;
#ifndef getrlimit
  return ((int*)(&getrlimit))[argc];
#else
  (void)argc;
  return 0;
#endif
}
Determining if the setlocale exist passed with the following output:
Change Dir: /home/uhuj/skillbox_cpp/learn_cpp_tasks/out/build/GCC 12.2.0 x86_64-linux-gnu/CMakeFiles/CMakeScratch/TryCompile-dEj9po

Run Build Command(s):/usr/bin/gmake -f Makefile cmTC_728d0/fast && /usr/bin/gmake  -f CMakeFiles/cmTC_728d0.dir/build.make CMakeFiles/cmTC_728d0.dir/build
gmake[1]: Entering directory '/home/uhuj/skillbox_cpp/learn_cpp_tasks/out/build/GCC 12.2.0 x86_64-linux-gnu/CMakeFiles/CMakeScratch/TryCompile-dEj9po'
Building C object CMakeFiles/cmTC_728d0.dir/CheckSymbolExists.c.o
/usr/bin/gcc   -W -Wall -pedantic -Wbad-function-cast -Wconversion -Winline -Wmissing-declarations -Wmissing-prototypes -Wnested-externs -Wno-long-long -Wno-multichar -Wpointer-arith -Wshadow -Wsign-compare -Wundef -Wunused -Wwrite-strings -Wcast-align -Wdeclaration-after-statement -Wempty-body -Wendif-labels -Wfloat-equal -Wignored-qualifiers -Wno-format-nonliteral -Wno-sign-conversion -Wno-system-headers -Wstrict-prototypes -Wtype-limits -Wvla -Wmissing-parameter-type -Wold-style-declaration -Wstrict-aliasing=3 -Wformat=2 -Warray-bounds=2 -ftree-vrp -Wduplicated-cond -Wnull-dereference -fdelete-null-pointer-checks -Wshift-negative-value -Wshift-overflow=2 -Walloc-zero -Wduplicated-branches -Wformat-overflow=2 -Wformat-truncation=1 -Wrestrict -Warith-conversion -Wdouble-promotion -Wenum-conversion -Wunused-const-variable  -o CMakeFiles/cmTC_728d0.dir/CheckSymbolExists.c.o -c "/home/uhuj/skillbox_cpp/learn_cpp_tasks/out/build/GCC 12.2.0 x86_64-linux-gnu/CMakeFiles/CMakeScratch/TryCompile-dEj9po/CheckSymbolExists.c"
/home/uhuj/skillbox_cpp/learn_cpp_tasks/out/build/GCC 12.2.0 x86_64-linux-gnu/CMakeFiles/CMakeScratch/TryCompile-dEj9po/CheckSymbolExists.c: In function ‘main’:
/home/uhuj/skillbox_cpp/learn_cpp_tasks/out/build/GCC 12.2.0 x86_64-linux-gnu/CMakeFiles/CMakeScratch/TryCompile-dEj9po/CheckSymbolExists.c:40:11: warning: ISO C forbids conversion of function pointer to object pointer type [-Wpedantic]
   40 |   return ((int*)(&setlocale))[argc];
      |           ^
Linking C executable cmTC_728d0
/usr/bin/cmake -E cmake_link_script CMakeFiles/cmTC_728d0.dir/link.txt --verbose=1
/usr/bin/gcc   -W -Wall -pedantic -Wbad-function-cast -Wconversion -Winline -Wmissing-declarations -Wmissing-prototypes -Wnested-externs -Wno-long-long -Wno-multichar -Wpointer-arith -Wshadow -Wsign-compare -Wundef -Wunused -Wwrite-strings -Wcast-align -Wdeclaration-after-statement -Wempty-body -Wendif-labels -Wfloat-equal -Wignored-qualifiers -Wno-format-nonliteral -Wno-sign-conversion -Wno-system-headers -Wstrict-prototypes -Wtype-limits -Wvla -Wmissing-parameter-type -Wold-style-declaration -Wstrict-aliasing=3 -Wformat=2 -Warray-bounds=2 -ftree-vrp -Wduplicated-cond -Wnull-dereference -fdelete-null-pointer-checks -Wshift-negative-value -Wshift-overflow=2 -Walloc-zero -Wduplicated-branches -Wformat-overflow=2 -Wformat-truncation=1 -Wrestrict -Warith-conversion -Wdouble-promotion -Wenum-conversion -Wunused-const-variable  CMakeFiles/cmTC_728d0.dir/CheckSymbolExists.c.o -o cmTC_728d0 
gmake[1]: Leaving directory '/home/uhuj/skillbox_cpp/learn_cpp_tasks/out/build/GCC 12.2.0 x86_64-linux-gnu/CMakeFiles/CMakeScratch/TryCompile-dEj9po'


File CheckSymbolExists.c:
/* */
#include <inttypes.h>
#include <sys/wait.h>
#include <sys/ioctl.h>
#include <sys/param.h>
#include <sys/poll.h>
#include <sys/resource.h>
#include <sys/select.h>
#include <sys/socket.h>
#include <sys/stat.h>
#include <sys/time.h>
#include <sys/types.h>
#include <sys/un.h>
#include <sys/xattr.h>
#include <arpa/inet.h>
#include <fcntl.h>
#include <ifaddrs.h>
#include <libgen.h>
#include <locale.h>
#include <net/if.h>
#include <netdb.h>
#include <netinet/in.h>
#include <netinet/tcp.h>
#include <netinet/udp.h>
#include <poll.h>
#include <pwd.h>
#include <stdatomic.h>
#include <stdbool.h>
#include <stdint.h>
#include <strings.h>
#include <termio.h>
#include <termios.h>
#include <unistd.h>
#include <utime.h>

int main(int argc, char** argv)
{
  (void)argv;
#ifndef setlocale
  return ((int*)(&setlocale))[argc];
#else
  (void)argc;
  return 0;
#endif
}
Determining if the setrlimit exist passed with the following output:
Change Dir: /home/uhuj/skillbox_cpp/learn_cpp_tasks/out/build/GCC 12.2.0 x86_64-linux-gnu/CMakeFiles/CMakeScratch/TryCompile-aKvy4n

Run Build Command(s):/usr/bin/gmake -f Makefile cmTC_e3d48/fast && /usr/bin/gmake  -f CMakeFiles/cmTC_e3d48.dir/build.make CMakeFiles/cmTC_e3d48.dir/build
gmake[1]: Entering directory '/home/uhuj/skillbox_cpp/learn_cpp_tasks/out/build/GCC 12.2.0 x86_64-linux-gnu/CMakeFiles/CMakeScratch/TryCompile-aKvy4n'
Building C object CMakeFiles/cmTC_e3d48.dir/CheckSymbolExists.c.o
/usr/bin/gcc   -W -Wall -pedantic -Wbad-function-cast -Wconversion -Winline -Wmissing-declarations -Wmissing-prototypes -Wnested-externs -Wno-long-long -Wno-multichar -Wpointer-arith -Wshadow -Wsign-compare -Wundef -Wunused -Wwrite-strings -Wcast-align -Wdeclaration-after-statement -Wempty-body -Wendif-labels -Wfloat-equal -Wignored-qualifiers -Wno-format-nonliteral -Wno-sign-conversion -Wno-system-headers -Wstrict-prototypes -Wtype-limits -Wvla -Wmissing-parameter-type -Wold-style-declaration -Wstrict-aliasing=3 -Wformat=2 -Warray-bounds=2 -ftree-vrp -Wduplicated-cond -Wnull-dereference -fdelete-null-pointer-checks -Wshift-negative-value -Wshift-overflow=2 -Walloc-zero -Wduplicated-branches -Wformat-overflow=2 -Wformat-truncation=1 -Wrestrict -Warith-conversion -Wdouble-promotion -Wenum-conversion -Wunused-const-variable  -o CMakeFiles/cmTC_e3d48.dir/CheckSymbolExists.c.o -c "/home/uhuj/skillbox_cpp/learn_cpp_tasks/out/build/GCC 12.2.0 x86_64-linux-gnu/CMakeFiles/CMakeScratch/TryCompile-aKvy4n/CheckSymbolExists.c"
/home/uhuj/skillbox_cpp/learn_cpp_tasks/out/build/GCC 12.2.0 x86_64-linux-gnu/CMakeFiles/CMakeScratch/TryCompile-aKvy4n/CheckSymbolExists.c: In function ‘main’:
/home/uhuj/skillbox_cpp/learn_cpp_tasks/out/build/GCC 12.2.0 x86_64-linux-gnu/CMakeFiles/CMakeScratch/TryCompile-aKvy4n/CheckSymbolExists.c:40:11: warning: ISO C forbids conversion of function pointer to object pointer type [-Wpedantic]
   40 |   return ((int*)(&setrlimit))[argc];
      |           ^
Linking C executable cmTC_e3d48
/usr/bin/cmake -E cmake_link_script CMakeFiles/cmTC_e3d48.dir/link.txt --verbose=1
/usr/bin/gcc   -W -Wall -pedantic -Wbad-function-cast -Wconversion -Winline -Wmissing-declarations -Wmissing-prototypes -Wnested-externs -Wno-long-long -Wno-multichar -Wpointer-arith -Wshadow -Wsign-compare -Wundef -Wunused -Wwrite-strings -Wcast-align -Wdeclaration-after-statement -Wempty-body -Wendif-labels -Wfloat-equal -Wignored-qualifiers -Wno-format-nonliteral -Wno-sign-conversion -Wno-system-headers -Wstrict-prototypes -Wtype-limits -Wvla -Wmissing-parameter-type -Wold-style-declaration -Wstrict-aliasing=3 -Wformat=2 -Warray-bounds=2 -ftree-vrp -Wduplicated-cond -Wnull-dereference -fdelete-null-pointer-checks -Wshift-negative-value -Wshift-overflow=2 -Walloc-zero -Wduplicated-branches -Wformat-overflow=2 -Wformat-truncation=1 -Wrestrict -Warith-conversion -Wdouble-promotion -Wenum-conversion -Wunused-const-variable  CMakeFiles/cmTC_e3d48.dir/CheckSymbolExists.c.o -o cmTC_e3d48 
gmake[1]: Leaving directory '/home/uhuj/skillbox_cpp/learn_cpp_tasks/out/build/GCC 12.2.0 x86_64-linux-gnu/CMakeFiles/CMakeScratch/TryCompile-aKvy4n'


File CheckSymbolExists.c:
/* */
#include <inttypes.h>
#include <sys/wait.h>
#include <sys/ioctl.h>
#include <sys/param.h>
#include <sys/poll.h>
#include <sys/resource.h>
#include <sys/select.h>
#include <sys/socket.h>
#include <sys/stat.h>
#include <sys/time.h>
#include <sys/types.h>
#include <sys/un.h>
#include <sys/xattr.h>
#include <arpa/inet.h>
#include <fcntl.h>
#include <ifaddrs.h>
#include <libgen.h>
#include <locale.h>
#include <net/if.h>
#include <netdb.h>
#include <netinet/in.h>
#include <netinet/tcp.h>
#include <netinet/udp.h>
#include <poll.h>
#include <pwd.h>
#include <stdatomic.h>
#include <stdbool.h>
#include <stdint.h>
#include <strings.h>
#include <termio.h>
#include <termios.h>
#include <unistd.h>
#include <utime.h>

int main(int argc, char** argv)
{
  (void)argv;
#ifndef setrlimit
  return ((int*)(&setrlimit))[argc];
#else
  (void)argc;
  return 0;
#endif
}
Determining if the snprintf exist passed with the following output:
Change Dir: /home/uhuj/skillbox_cpp/learn_cpp_tasks/out/build/GCC 12.2.0 x86_64-linux-gnu/CMakeFiles/CMakeScratch/TryCompile-jCecY9

Run Build Command(s):/usr/bin/gmake -f Makefile cmTC_56563/fast && /usr/bin/gmake  -f CMakeFiles/cmTC_56563.dir/build.make CMakeFiles/cmTC_56563.dir/build
gmake[1]: Entering directory '/home/uhuj/skillbox_cpp/learn_cpp_tasks/out/build/GCC 12.2.0 x86_64-linux-gnu/CMakeFiles/CMakeScratch/TryCompile-jCecY9'
Building C object CMakeFiles/cmTC_56563.dir/CheckSymbolExists.c.o
/usr/bin/gcc   -W -Wall -pedantic -Wbad-function-cast -Wconversion -Winline -Wmissing-declarations -Wmissing-prototypes -Wnested-externs -Wno-long-long -Wno-multichar -Wpointer-arith -Wshadow -Wsign-compare -Wundef -Wunused -Wwrite-strings -Wcast-align -Wdeclaration-after-statement -Wempty-body -Wendif-labels -Wfloat-equal -Wignored-qualifiers -Wno-format-nonliteral -Wno-sign-conversion -Wno-system-headers -Wstrict-prototypes -Wtype-limits -Wvla -Wmissing-parameter-type -Wold-style-declaration -Wstrict-aliasing=3 -Wformat=2 -Warray-bounds=2 -ftree-vrp -Wduplicated-cond -Wnull-dereference -fdelete-null-pointer-checks -Wshift-negative-value -Wshift-overflow=2 -Walloc-zero -Wduplicated-branches -Wformat-overflow=2 -Wformat-truncation=1 -Wrestrict -Warith-conversion -Wdouble-promotion -Wenum-conversion -Wunused-const-variable  -o CMakeFiles/cmTC_56563.dir/CheckSymbolExists.c.o -c "/home/uhuj/skillbox_cpp/learn_cpp_tasks/out/build/GCC 12.2.0 x86_64-linux-gnu/CMakeFiles/CMakeScratch/TryCompile-jCecY9/CheckSymbolExists.c"
/home/uhuj/skillbox_cpp/learn_cpp_tasks/out/build/GCC 12.2.0 x86_64-linux-gnu/CMakeFiles/CMakeScratch/TryCompile-jCecY9/CheckSymbolExists.c: In function ‘main’:
/home/uhuj/skillbox_cpp/learn_cpp_tasks/out/build/GCC 12.2.0 x86_64-linux-gnu/CMakeFiles/CMakeScratch/TryCompile-jCecY9/CheckSymbolExists.c:8:11: warning: ISO C forbids conversion of function pointer to object pointer type [-Wpedantic]
    8 |   return ((int*)(&snprintf))[argc];
      |           ^
Linking C executable cmTC_56563
/usr/bin/cmake -E cmake_link_script CMakeFiles/cmTC_56563.dir/link.txt --verbose=1
/usr/bin/gcc   -W -Wall -pedantic -Wbad-function-cast -Wconversion -Winline -Wmissing-declarations -Wmissing-prototypes -Wnested-externs -Wno-long-long -Wno-multichar -Wpointer-arith -Wshadow -Wsign-compare -Wundef -Wunused -Wwrite-strings -Wcast-align -Wdeclaration-after-statement -Wempty-body -Wendif-labels -Wfloat-equal -Wignored-qualifiers -Wno-format-nonliteral -Wno-sign-conversion -Wno-system-headers -Wstrict-prototypes -Wtype-limits -Wvla -Wmissing-parameter-type -Wold-style-declaration -Wstrict-aliasing=3 -Wformat=2 -Warray-bounds=2 -ftree-vrp -Wduplicated-cond -Wnull-dereference -fdelete-null-pointer-checks -Wshift-negative-value -Wshift-overflow=2 -Walloc-zero -Wduplicated-branches -Wformat-overflow=2 -Wformat-truncation=1 -Wrestrict -Warith-conversion -Wdouble-promotion -Wenum-conversion -Wunused-const-variable  CMakeFiles/cmTC_56563.dir/CheckSymbolExists.c.o -o cmTC_56563 
gmake[1]: Leaving directory '/home/uhuj/skillbox_cpp/learn_cpp_tasks/out/build/GCC 12.2.0 x86_64-linux-gnu/CMakeFiles/CMakeScratch/TryCompile-jCecY9'


File CheckSymbolExists.c:
/* */
#include <stdio.h>

int main(int argc, char** argv)
{
  (void)argv;
#ifndef snprintf
  return ((int*)(&snprintf))[argc];
#else
  (void)argc;
  return 0;
#endif
}
Determining if the inet_ntop exist passed with the following output:
Change Dir: /home/uhuj/skillbox_cpp/learn_cpp_tasks/out/build/GCC 12.2.0 x86_64-linux-gnu/CMakeFiles/CMakeScratch/TryCompile-Vt4IAV

Run Build Command(s):/usr/bin/gmake -f Makefile cmTC_e571a/fast && /usr/bin/gmake  -f CMakeFiles/cmTC_e571a.dir/build.make CMakeFiles/cmTC_e571a.dir/build
gmake[1]: Entering directory '/home/uhuj/skillbox_cpp/learn_cpp_tasks/out/build/GCC 12.2.0 x86_64-linux-gnu/CMakeFiles/CMakeScratch/TryCompile-Vt4IAV'
Building C object CMakeFiles/cmTC_e571a.dir/CheckSymbolExists.c.o
/usr/bin/gcc   -W -Wall -pedantic -Wbad-function-cast -Wconversion -Winline -Wmissing-declarations -Wmissing-prototypes -Wnested-externs -Wno-long-long -Wno-multichar -Wpointer-arith -Wshadow -Wsign-compare -Wundef -Wunused -Wwrite-strings -Wcast-align -Wdeclaration-after-statement -Wempty-body -Wendif-labels -Wfloat-equal -Wignored-qualifiers -Wno-format-nonliteral -Wno-sign-conversion -Wno-system-headers -Wstrict-prototypes -Wtype-limits -Wvla -Wmissing-parameter-type -Wold-style-declaration -Wstrict-aliasing=3 -Wformat=2 -Warray-bounds=2 -ftree-vrp -Wduplicated-cond -Wnull-dereference -fdelete-null-pointer-checks -Wshift-negative-value -Wshift-overflow=2 -Walloc-zero -Wduplicated-branches -Wformat-overflow=2 -Wformat-truncation=1 -Wrestrict -Warith-conversion -Wdouble-promotion -Wenum-conversion -Wunused-const-variable  -o CMakeFiles/cmTC_e571a.dir/CheckSymbolExists.c.o -c "/home/uhuj/skillbox_cpp/learn_cpp_tasks/out/build/GCC 12.2.0 x86_64-linux-gnu/CMakeFiles/CMakeScratch/TryCompile-Vt4IAV/CheckSymbolExists.c"
/home/uhuj/skillbox_cpp/learn_cpp_tasks/out/build/GCC 12.2.0 x86_64-linux-gnu/CMakeFiles/CMakeScratch/TryCompile-Vt4IAV/CheckSymbolExists.c: In function ‘main’:
/home/uhuj/skillbox_cpp/learn_cpp_tasks/out/build/GCC 12.2.0 x86_64-linux-gnu/CMakeFiles/CMakeScratch/TryCompile-Vt4IAV/CheckSymbolExists.c:42:11: warning: ISO C forbids conversion of function pointer to object pointer type [-Wpedantic]
   42 |   return ((int*)(&inet_ntop))[argc];
      |           ^
Linking C executable cmTC_e571a
/usr/bin/cmake -E cmake_link_script CMakeFiles/cmTC_e571a.dir/link.txt --verbose=1
/usr/bin/gcc   -W -Wall -pedantic -Wbad-function-cast -Wconversion -Winline -Wmissing-declarations -Wmissing-prototypes -Wnested-externs -Wno-long-long -Wno-multichar -Wpointer-arith -Wshadow -Wsign-compare -Wundef -Wunused -Wwrite-strings -Wcast-align -Wdeclaration-after-statement -Wempty-body -Wendif-labels -Wfloat-equal -Wignored-qualifiers -Wno-format-nonliteral -Wno-sign-conversion -Wno-system-headers -Wstrict-prototypes -Wtype-limits -Wvla -Wmissing-parameter-type -Wold-style-declaration -Wstrict-aliasing=3 -Wformat=2 -Warray-bounds=2 -ftree-vrp -Wduplicated-cond -Wnull-dereference -fdelete-null-pointer-checks -Wshift-negative-value -Wshift-overflow=2 -Walloc-zero -Wduplicated-branches -Wformat-overflow=2 -Wformat-truncation=1 -Wrestrict -Warith-conversion -Wdouble-promotion -Wenum-conversion -Wunused-const-variable  CMakeFiles/cmTC_e571a.dir/CheckSymbolExists.c.o -o cmTC_e571a 
gmake[1]: Leaving directory '/home/uhuj/skillbox_cpp/learn_cpp_tasks/out/build/GCC 12.2.0 x86_64-linux-gnu/CMakeFiles/CMakeScratch/TryCompile-Vt4IAV'


File CheckSymbolExists.c:
/* */
#include <inttypes.h>
#include <sys/wait.h>
#include <sys/ioctl.h>
#include <sys/param.h>
#include <sys/poll.h>
#include <sys/resource.h>
#include <sys/select.h>
#include <sys/socket.h>
#include <sys/stat.h>
#include <sys/time.h>
#include <sys/types.h>
#include <sys/un.h>
#include <sys/xattr.h>
#include <arpa/inet.h>
#include <fcntl.h>
#include <ifaddrs.h>
#include <libgen.h>
#include <locale.h>
#include <net/if.h>
#include <netdb.h>
#include <netinet/in.h>
#include <netinet/tcp.h>
#include <netinet/udp.h>
#include <poll.h>
#include <pwd.h>
#include <stdatomic.h>
#include <stdbool.h>
#include <stdint.h>
#include <strings.h>
#include <termio.h>
#include <termios.h>
#include <unistd.h>
#include <utime.h>
#include <stdlib.h>
#include <string.h>

int main(int argc, char** argv)
{
  (void)argv;
#ifndef inet_ntop
  return ((int*)(&inet_ntop))[argc];
#else
  (void)argc;
  return 0;
#endif
}
Determining if the inet_pton exist passed with the following output:
Change Dir: /home/uhuj/skillbox_cpp/learn_cpp_tasks/out/build/GCC 12.2.0 x86_64-linux-gnu/CMakeFiles/CMakeScratch/TryCompile-TyCoqv

Run Build Command(s):/usr/bin/gmake -f Makefile cmTC_991da/fast && /usr/bin/gmake  -f CMakeFiles/cmTC_991da.dir/build.make CMakeFiles/cmTC_991da.dir/build
gmake[1]: Entering directory '/home/uhuj/skillbox_cpp/learn_cpp_tasks/out/build/GCC 12.2.0 x86_64-linux-gnu/CMakeFiles/CMakeScratch/TryCompile-TyCoqv'
Building C object CMakeFiles/cmTC_991da.dir/CheckSymbolExists.c.o
/usr/bin/gcc   -W -Wall -pedantic -Wbad-function-cast -Wconversion -Winline -Wmissing-declarations -Wmissing-prototypes -Wnested-externs -Wno-long-long -Wno-multichar -Wpointer-arith -Wshadow -Wsign-compare -Wundef -Wunused -Wwrite-strings -Wcast-align -Wdeclaration-after-statement -Wempty-body -Wendif-labels -Wfloat-equal -Wignored-qualifiers -Wno-format-nonliteral -Wno-sign-conversion -Wno-system-headers -Wstrict-prototypes -Wtype-limits -Wvla -Wmissing-parameter-type -Wold-style-declaration -Wstrict-aliasing=3 -Wformat=2 -Warray-bounds=2 -ftree-vrp -Wduplicated-cond -Wnull-dereference -fdelete-null-pointer-checks -Wshift-negative-value -Wshift-overflow=2 -Walloc-zero -Wduplicated-branches -Wformat-overflow=2 -Wformat-truncation=1 -Wrestrict -Warith-conversion -Wdouble-promotion -Wenum-conversion -Wunused-const-variable  -o CMakeFiles/cmTC_991da.dir/CheckSymbolExists.c.o -c "/home/uhuj/skillbox_cpp/learn_cpp_tasks/out/build/GCC 12.2.0 x86_64-linux-gnu/CMakeFiles/CMakeScratch/TryCompile-TyCoqv/CheckSymbolExists.c"
/home/uhuj/skillbox_cpp/learn_cpp_tasks/out/build/GCC 12.2.0 x86_64-linux-gnu/CMakeFiles/CMakeScratch/TryCompile-TyCoqv/CheckSymbolExists.c: In function ‘main’:
/home/uhuj/skillbox_cpp/learn_cpp_tasks/out/build/GCC 12.2.0 x86_64-linux-gnu/CMakeFiles/CMakeScratch/TryCompile-TyCoqv/CheckSymbolExists.c:42:11: warning: ISO C forbids conversion of function pointer to object pointer type [-Wpedantic]
   42 |   return ((int*)(&inet_pton))[argc];
      |           ^
Linking C executable cmTC_991da
/usr/bin/cmake -E cmake_link_script CMakeFiles/cmTC_991da.dir/link.txt --verbose=1
/usr/bin/gcc   -W -Wall -pedantic -Wbad-function-cast -Wconversion -Winline -Wmissing-declarations -Wmissing-prototypes -Wnested-externs -Wno-long-long -Wno-multichar -Wpointer-arith -Wshadow -Wsign-compare -Wundef -Wunused -Wwrite-strings -Wcast-align -Wdeclaration-after-statement -Wempty-body -Wendif-labels -Wfloat-equal -Wignored-qualifiers -Wno-format-nonliteral -Wno-sign-conversion -Wno-system-headers -Wstrict-prototypes -Wtype-limits -Wvla -Wmissing-parameter-type -Wold-style-declaration -Wstrict-aliasing=3 -Wformat=2 -Warray-bounds=2 -ftree-vrp -Wduplicated-cond -Wnull-dereference -fdelete-null-pointer-checks -Wshift-negative-value -Wshift-overflow=2 -Walloc-zero -Wduplicated-branches -Wformat-overflow=2 -Wformat-truncation=1 -Wrestrict -Warith-conversion -Wdouble-promotion -Wenum-conversion -Wunused-const-variable  CMakeFiles/cmTC_991da.dir/CheckSymbolExists.c.o -o cmTC_991da 
gmake[1]: Leaving directory '/home/uhuj/skillbox_cpp/learn_cpp_tasks/out/build/GCC 12.2.0 x86_64-linux-gnu/CMakeFiles/CMakeScratch/TryCompile-TyCoqv'


File CheckSymbolExists.c:
/* */
#include <inttypes.h>
#include <sys/wait.h>
#include <sys/ioctl.h>
#include <sys/param.h>
#include <sys/poll.h>
#include <sys/resource.h>
#include <sys/select.h>
#include <sys/socket.h>
#include <sys/stat.h>
#include <sys/time.h>
#include <sys/types.h>
#include <sys/un.h>
#include <sys/xattr.h>
#include <arpa/inet.h>
#include <fcntl.h>
#include <ifaddrs.h>
#include <libgen.h>
#include <locale.h>
#include <net/if.h>
#include <netdb.h>
#include <netinet/in.h>
#include <netinet/tcp.h>
#include <netinet/udp.h>
#include <poll.h>
#include <pwd.h>
#include <stdatomic.h>
#include <stdbool.h>
#include <stdint.h>
#include <strings.h>
#include <termio.h>
#include <termios.h>
#include <unistd.h>
#include <utime.h>
#include <stdlib.h>
#include <string.h>

int main(int argc, char** argv)
{
  (void)argv;
#ifndef inet_pton
  return ((int*)(&inet_pton))[argc];
#else
  (void)argc;
  return 0;
#endif
}
Determining if the fsetxattr exist passed with the following output:
Change Dir: /home/uhuj/skillbox_cpp/learn_cpp_tasks/out/build/GCC 12.2.0 x86_64-linux-gnu/CMakeFiles/CMakeScratch/TryCompile-UzNIie

Run Build Command(s):/usr/bin/gmake -f Makefile cmTC_c170c/fast && /usr/bin/gmake  -f CMakeFiles/cmTC_c170c.dir/build.make CMakeFiles/cmTC_c170c.dir/build
gmake[1]: Entering directory '/home/uhuj/skillbox_cpp/learn_cpp_tasks/out/build/GCC 12.2.0 x86_64-linux-gnu/CMakeFiles/CMakeScratch/TryCompile-UzNIie'
Building C object CMakeFiles/cmTC_c170c.dir/CheckSymbolExists.c.o
/usr/bin/gcc   -W -Wall -pedantic -Wbad-function-cast -Wconversion -Winline -Wmissing-declarations -Wmissing-prototypes -Wnested-externs -Wno-long-long -Wno-multichar -Wpointer-arith -Wshadow -Wsign-compare -Wundef -Wunused -Wwrite-strings -Wcast-align -Wdeclaration-after-statement -Wempty-body -Wendif-labels -Wfloat-equal -Wignored-qualifiers -Wno-format-nonliteral -Wno-sign-conversion -Wno-system-headers -Wstrict-prototypes -Wtype-limits -Wvla -Wmissing-parameter-type -Wold-style-declaration -Wstrict-aliasing=3 -Wformat=2 -Warray-bounds=2 -ftree-vrp -Wduplicated-cond -Wnull-dereference -fdelete-null-pointer-checks -Wshift-negative-value -Wshift-overflow=2 -Walloc-zero -Wduplicated-branches -Wformat-overflow=2 -Wformat-truncation=1 -Wrestrict -Warith-conversion -Wdouble-promotion -Wenum-conversion -Wunused-const-variable  -o CMakeFiles/cmTC_c170c.dir/CheckSymbolExists.c.o -c "/home/uhuj/skillbox_cpp/learn_cpp_tasks/out/build/GCC 12.2.0 x86_64-linux-gnu/CMakeFiles/CMakeScratch/TryCompile-UzNIie/CheckSymbolExists.c"
/home/uhuj/skillbox_cpp/learn_cpp_tasks/out/build/GCC 12.2.0 x86_64-linux-gnu/CMakeFiles/CMakeScratch/TryCompile-UzNIie/CheckSymbolExists.c: In function ‘main’:
/home/uhuj/skillbox_cpp/learn_cpp_tasks/out/build/GCC 12.2.0 x86_64-linux-gnu/CMakeFiles/CMakeScratch/TryCompile-UzNIie/CheckSymbolExists.c:40:11: warning: ISO C forbids conversion of function pointer to object pointer type [-Wpedantic]
   40 |   return ((int*)(&fsetxattr))[argc];
      |           ^
Linking C executable cmTC_c170c
/usr/bin/cmake -E cmake_link_script CMakeFiles/cmTC_c170c.dir/link.txt --verbose=1
/usr/bin/gcc   -W -Wall -pedantic -Wbad-function-cast -Wconversion -Winline -Wmissing-declarations -Wmissing-prototypes -Wnested-externs -Wno-long-long -Wno-multichar -Wpointer-arith -Wshadow -Wsign-compare -Wundef -Wunused -Wwrite-strings -Wcast-align -Wdeclaration-after-statement -Wempty-body -Wendif-labels -Wfloat-equal -Wignored-qualifiers -Wno-format-nonliteral -Wno-sign-conversion -Wno-system-headers -Wstrict-prototypes -Wtype-limits -Wvla -Wmissing-parameter-type -Wold-style-declaration -Wstrict-aliasing=3 -Wformat=2 -Warray-bounds=2 -ftree-vrp -Wduplicated-cond -Wnull-dereference -fdelete-null-pointer-checks -Wshift-negative-value -Wshift-overflow=2 -Walloc-zero -Wduplicated-branches -Wformat-overflow=2 -Wformat-truncation=1 -Wrestrict -Warith-conversion -Wdouble-promotion -Wenum-conversion -Wunused-const-variable  CMakeFiles/cmTC_c170c.dir/CheckSymbolExists.c.o -o cmTC_c170c 
gmake[1]: Leaving directory '/home/uhuj/skillbox_cpp/learn_cpp_tasks/out/build/GCC 12.2.0 x86_64-linux-gnu/CMakeFiles/CMakeScratch/TryCompile-UzNIie'


File CheckSymbolExists.c:
/* */
#include <inttypes.h>
#include <sys/wait.h>
#include <sys/ioctl.h>
#include <sys/param.h>
#include <sys/poll.h>
#include <sys/resource.h>
#include <sys/select.h>
#include <sys/socket.h>
#include <sys/stat.h>
#include <sys/time.h>
#include <sys/types.h>
#include <sys/un.h>
#include <sys/xattr.h>
#include <arpa/inet.h>
#include <fcntl.h>
#include <ifaddrs.h>
#include <libgen.h>
#include <locale.h>
#include <net/if.h>
#include <netdb.h>
#include <netinet/in.h>
#include <netinet/tcp.h>
#include <netinet/udp.h>
#include <poll.h>
#include <pwd.h>
#include <stdatomic.h>
#include <stdbool.h>
#include <stdint.h>
#include <strings.h>
#include <termio.h>
#include <termios.h>
#include <unistd.h>
#include <utime.h>

int main(int argc, char** argv)
{
  (void)argv;
#ifndef fsetxattr
  return ((int*)(&fsetxattr))[argc];
#else
  (void)argc;
  return 0;
#endif
}
Performing Curl Test HAVE_FSETXATTR_5 passed with the following output:
Change Dir: /home/uhuj/skillbox_cpp/learn_cpp_tasks/out/build/GCC 12.2.0 x86_64-linux-gnu/CMakeFiles/CMakeTmp

Run Build Command(s):/usr/bin/gmake -f Makefile cmTC_bb30b/fast && /usr/bin/gmake  -f CMakeFiles/cmTC_bb30b.dir/build.make CMakeFiles/cmTC_bb30b.dir/build
gmake[1]: Entering directory '/home/uhuj/skillbox_cpp/learn_cpp_tasks/out/build/GCC 12.2.0 x86_64-linux-gnu/CMakeFiles/CMakeTmp'
Building C object CMakeFiles/cmTC_bb30b.dir/CurlTests.c.o
/usr/bin/gcc   -W -Wall -pedantic -Wbad-function-cast -Wconversion -Winline -Wmissing-declarations -Wmissing-prototypes -Wnested-externs -Wno-long-long -Wno-multichar -Wpointer-arith -Wshadow -Wsign-compare -Wundef -Wunused -Wwrite-strings -Wcast-align -Wdeclaration-after-statement -Wempty-body -Wendif-labels -Wfloat-equal -Wignored-qualifiers -Wno-format-nonliteral -Wno-sign-conversion -Wno-system-headers -Wstrict-prototypes -Wtype-limits -Wvla -Wmissing-parameter-type -Wold-style-declaration -Wstrict-aliasing=3 -Wformat=2 -Warray-bounds=2 -ftree-vrp -Wduplicated-cond -Wnull-dereference -fdelete-null-pointer-checks -Wshift-negative-value -Wshift-overflow=2 -Walloc-zero -Wduplicated-branches -Wformat-overflow=2 -Wformat-truncation=1 -Wrestrict -Warith-conversion -Wdouble-promotion -Wenum-conversion -Wunused-const-variable -DHAVE_FSETXATTR_5  -DHAVE_INTTYPES_H -DHAVE_SYS_WAIT_H -DHAVE_SYS_IOCTL_H -DHAVE_SYS_PARAM_H -DHAVE_SYS_POLL_H -DHAVE_SYS_RESOURCE_H -DHAVE_SYS_SELECT_H -DHAVE_SYS_SOCKET_H -DHAVE_SYS_STAT_H -DHAVE_SYS_TIME_H -DHAVE_SYS_TYPES_H -DHAVE_SYS_UN_H -DHAVE_SYS_XATTR_H -DHAVE_ARPA_INET_H -DHAVE_FCNTL_H -DHAVE_IFADDRS_H -DHAVE_LIBGEN_H -DHAVE_LOCALE_H -DHAVE_NET_IF_H -DHAVE_NETDB_H -DHAVE_NETINET_IN_H -DHAVE_NETINET_TCP_H -DHAVE_NETINET_UDP_H -DHAVE_POLL_H -DHAVE_PWD_H -DHAVE_STDATOMIC_H -DHAVE_STDBOOL_H -DHAVE_STDINT_H -DHAVE_STRINGS_H -DHAVE_TERMIO_H -DHAVE_TERMIOS_H -DHAVE_UNISTD_H -DHAVE_UTIME_H -o CMakeFiles/cmTC_bb30b.dir/CurlTests.c.o -c "/home/uhuj/skillbox_cpp/learn_cpp_tasks/out/build/GCC 12.2.0 x86_64-linux-gnu/_deps/curl-src/CMake/CurlTests.c"
/home/uhuj/skillbox_cpp/learn_cpp_tasks/out/build/GCC 12.2.0 x86_64-linux-gnu/_deps/curl-src/CMake/CurlTests.c:413:1: warning: function declaration isn’t a prototype [-Wstrict-prototypes]
  413 | main() {
      | ^~~~
Linking C executable cmTC_bb30b
/usr/bin/cmake -E cmake_link_script CMakeFiles/cmTC_bb30b.dir/link.txt --verbose=1
/usr/bin/gcc   -W -Wall -pedantic -Wbad-function-cast -Wconversion -Winline -Wmissing-declarations -Wmissing-prototypes -Wnested-externs -Wno-long-long -Wno-multichar -Wpointer-arith -Wshadow -Wsign-compare -Wundef -Wunused -Wwrite-strings -Wcast-align -Wdeclaration-after-statement -Wempty-body -Wendif-labels -Wfloat-equal -Wignored-qualifiers -Wno-format-nonliteral -Wno-sign-conversion -Wno-system-headers -Wstrict-prototypes -Wtype-limits -Wvla -Wmissing-parameter-type -Wold-style-declaration -Wstrict-aliasing=3 -Wformat=2 -Warray-bounds=2 -ftree-vrp -Wduplicated-cond -Wnull-dereference -fdelete-null-pointer-checks -Wshift-negative-value -Wshift-overflow=2 -Walloc-zero -Wduplicated-branches -Wformat-overflow=2 -Wformat-truncation=1 -Wrestrict -Warith-conversion -Wdouble-promotion -Wenum-conversion -Wunused-const-variable -DHAVE_FSETXATTR_5  -DHAVE_INTTYPES_H -DHAVE_SYS_WAIT_H -DHAVE_SYS_IOCTL_H -DHAVE_SYS_PARAM_H -DHAVE_SYS_POLL_H -DHAVE_SYS_RESOURCE_H -DHAVE_SYS_SELECT_H -DHAVE_SYS_SOCKET_H -DHAVE_SYS_STAT_H -DHAVE_SYS_TIME_H -DHAVE_SYS_TYPES_H -DHAVE_SYS_UN_H -DHAVE_SYS_XATTR_H -DHAVE_ARPA_INET_H -DHAVE_FCNTL_H -DHAVE_IFADDRS_H -DHAVE_LIBGEN_H -DHAVE_LOCALE_H -DHAVE_NET_IF_H -DHAVE_NETDB_H -DHAVE_NETINET_IN_H -DHAVE_NETINET_TCP_H -DHAVE_NETINET_UDP_H -DHAVE_POLL_H -DHAVE_PWD_H -DHAVE_STDATOMIC_H -DHAVE_STDBOOL_H -DHAVE_STDINT_H -DHAVE_STRINGS_H -DHAVE_TERMIO_H -DHAVE_TERMIOS_H -DHAVE_UNISTD_H -DHAVE_UTIME_H CMakeFiles/cmTC_bb30b.dir/CurlTests.c.o -o cmTC_bb30b 
gmake[1]: Leaving directory '/home/uhuj/skillbox_cpp/learn_cpp_tasks/out/build/GCC 12.2.0 x86_64-linux-gnu/CMakeFiles/CMakeTmp'


Determining size of sa_family_t passed with the following output:
Change Dir: /home/uhuj/skillbox_cpp/learn_cpp_tasks/out/build/GCC 12.2.0 x86_64-linux-gnu/CMakeFiles/CMakeScratch/TryCompile-jZyajI

Run Build Command(s):/usr/bin/gmake -f Makefile cmTC_33f4b/fast && /usr/bin/gmake  -f CMakeFiles/cmTC_33f4b.dir/build.make CMakeFiles/cmTC_33f4b.dir/build
gmake[1]: Entering directory '/home/uhuj/skillbox_cpp/learn_cpp_tasks/out/build/GCC 12.2.0 x86_64-linux-gnu/CMakeFiles/CMakeScratch/TryCompile-jZyajI'
Building C object CMakeFiles/cmTC_33f4b.dir/SIZEOF_SA_FAMILY_T.c.o
/usr/bin/gcc   -W -Wall -pedantic -Wbad-function-cast -Wconversion -Winline -Wmissing-declarations -Wmissing-prototypes -Wnested-externs -Wno-long-long -Wno-multichar -Wpointer-arith -Wshadow -Wsign-compare -Wundef -Wunused -Wwrite-strings -Wcast-align -Wdeclaration-after-statement -Wempty-body -Wendif-labels -Wfloat-equal -Wignored-qualifiers -Wno-format-nonliteral -Wno-sign-conversion -Wno-system-headers -Wstrict-prototypes -Wtype-limits -Wvla -Wmissing-parameter-type -Wold-style-declaration -Wstrict-aliasing=3 -Wformat=2 -Warray-bounds=2 -ftree-vrp -Wduplicated-cond -Wnull-dereference -fdelete-null-pointer-checks -Wshift-negative-value -Wshift-overflow=2 -Walloc-zero -Wduplicated-branches -Wformat-overflow=2 -Wformat-truncation=1 -Wrestrict -Warith-conversion -Wdouble-promotion -Wenum-conversion -Wunused-const-variable  -o CMakeFiles/cmTC_33f4b.dir/SIZEOF_SA_FAMILY_T.c.o -c "/home/uhuj/skillbox_cpp/learn_cpp_tasks/out/build/GCC 12.2.0 x86_64-linux-gnu/CMakeFiles/CMakeScratch/TryCompile-jZyajI/SIZEOF_SA_FAMILY_T.c"
Linking C executable cmTC_33f4b
/usr/bin/cmake -E cmake_link_script CMakeFiles/cmTC_33f4b.dir/link.txt --verbose=1
/usr/bin/gcc   -W -Wall -pedantic -Wbad-function-cast -Wconversion -Winline -Wmissing-declarations -Wmissing-prototypes -Wnested-externs -Wno-long-long -Wno-multichar -Wpointer-arith -Wshadow -Wsign-compare -Wundef -Wunused -Wwrite-strings -Wcast-align -Wdeclaration-after-statement -Wempty-body -Wendif-labels -Wfloat-equal -Wignored-qualifiers -Wno-format-nonliteral -Wno-sign-conversion -Wno-system-headers -Wstrict-prototypes -Wtype-limits -Wvla -Wmissing-parameter-type -Wold-style-declaration -Wstrict-aliasing=3 -Wformat=2 -Warray-bounds=2 -ftree-vrp -Wduplicated-cond -Wnull-dereference -fdelete-null-pointer-checks -Wshift-negative-value -Wshift-overflow=2 -Walloc-zero -Wduplicated-branches -Wformat-overflow=2 -Wformat-truncation=1 -Wrestrict -Warith-conversion -Wdouble-promotion -Wenum-conversion -Wunused-const-variable  CMakeFiles/cmTC_33f4b.dir/SIZEOF_SA_FAMILY_T.c.o -o cmTC_33f4b 
gmake[1]: Leaving directory '/home/uhuj/skillbox_cpp/learn_cpp_tasks/out/build/GCC 12.2.0 x86_64-linux-gnu/CMakeFiles/CMakeScratch/TryCompile-jZyajI'



Determining if the sigaction exist passed with the following output:
Change Dir: /home/uhuj/skillbox_cpp/learn_cpp_tasks/out/build/GCC 12.2.0 x86_64-linux-gnu/CMakeFiles/CMakeScratch/TryCompile-6cOiu8

Run Build Command(s):/usr/bin/gmake -f Makefile cmTC_4e10a/fast && /usr/bin/gmake  -f CMakeFiles/cmTC_4e10a.dir/build.make CMakeFiles/cmTC_4e10a.dir/build
gmake[1]: Entering directory '/home/uhuj/skillbox_cpp/learn_cpp_tasks/out/build/GCC 12.2.0 x86_64-linux-gnu/CMakeFiles/CMakeScratch/TryCompile-6cOiu8'
Building C object CMakeFiles/cmTC_4e10a.dir/CheckSymbolExists.c.o
/usr/bin/gcc   -W -Wall -pedantic -Wbad-function-cast -Wconversion -Winline -Wmissing-declarations -Wmissing-prototypes -Wnested-externs -Wno-long-long -Wno-multichar -Wpointer-arith -Wshadow -Wsign-compare -Wundef -Wunused -Wwrite-strings -Wcast-align -Wdeclaration-after-statement -Wempty-body -Wendif-labels -Wfloat-equal -Wignored-qualifiers -Wno-format-nonliteral -Wno-sign-conversion -Wno-system-headers -Wstrict-prototypes -Wtype-limits -Wvla -Wmissing-parameter-type -Wold-style-declaration -Wstrict-aliasing=3 -Wformat=2 -Warray-bounds=2 -ftree-vrp -Wduplicated-cond -Wnull-dereference -fdelete-null-pointer-checks -Wshift-negative-value -Wshift-overflow=2 -Walloc-zero -Wduplicated-branches -Wformat-overflow=2 -Wformat-truncation=1 -Wrestrict -Warith-conversion -Wdouble-promotion -Wenum-conversion -Wunused-const-variable  -o CMakeFiles/cmTC_4e10a.dir/CheckSymbolExists.c.o -c "/home/uhuj/skillbox_cpp/learn_cpp_tasks/out/build/GCC 12.2.0 x86_64-linux-gnu/CMakeFiles/CMakeScratch/TryCompile-6cOiu8/CheckSymbolExists.c"
/home/uhuj/skillbox_cpp/learn_cpp_tasks/out/build/GCC 12.2.0 x86_64-linux-gnu/CMakeFiles/CMakeScratch/TryCompile-6cOiu8/CheckSymbolExists.c: In function ‘main’:
/home/uhuj/skillbox_cpp/learn_cpp_tasks/out/build/GCC 12.2.0 x86_64-linux-gnu/CMakeFiles/CMakeScratch/TryCompile-6cOiu8/CheckSymbolExists.c:8:11: warning: ISO C forbids conversion of function pointer to object pointer type [-Wpedantic]
    8 |   return ((int*)(&sigaction))[argc];
      |           ^
Linking C executable cmTC_4e10a
/usr/bin/cmake -E cmake_link_script CMakeFiles/cmTC_4e10a.dir/link.txt --verbose=1
/usr/bin/gcc   -W -Wall -pedantic -Wbad-function-cast -Wconversion -Winline -Wmissing-declarations -Wmissing-prototypes -Wnested-externs -Wno-long-long -Wno-multichar -Wpointer-arith -Wshadow -Wsign-compare -Wundef -Wunused -Wwrite-strings -Wcast-align -Wdeclaration-after-statement -Wempty-body -Wendif-labels -Wfloat-equal -Wignored-qualifiers -Wno-format-nonliteral -Wno-sign-conversion -Wno-system-headers -Wstrict-prototypes -Wtype-limits -Wvla -Wmissing-parameter-type -Wold-style-declaration -Wstrict-aliasing=3 -Wformat=2 -Warray-bounds=2 -ftree-vrp -Wduplicated-cond -Wnull-dereference -fdelete-null-pointer-checks -Wshift-negative-value -Wshift-overflow=2 -Walloc-zero -Wduplicated-branches -Wformat-overflow=2 -Wformat-truncation=1 -Wrestrict -Warith-conversion -Wdouble-promotion -Wenum-conversion -Wunused-const-variable  CMakeFiles/cmTC_4e10a.dir/CheckSymbolExists.c.o -o cmTC_4e10a 
gmake[1]: Leaving directory '/home/uhuj/skillbox_cpp/learn_cpp_tasks/out/build/GCC 12.2.0 x86_64-linux-gnu/CMakeFiles/CMakeScratch/TryCompile-6cOiu8'


File CheckSymbolExists.c:
/* */
#include <signal.h>

int main(int argc, char** argv)
{
  (void)argv;
#ifndef sigaction
  return ((int*)(&sigaction))[argc];
#else
  (void)argc;
  return 0;
#endif
}
Performing Curl Test HAVE_FCNTL_O_NONBLOCK passed with the following output:
Change Dir: /home/uhuj/skillbox_cpp/learn_cpp_tasks/out/build/GCC 12.2.0 x86_64-linux-gnu/CMakeFiles/CMakeTmp

Run Build Command(s):/usr/bin/gmake -f Makefile cmTC_d6465/fast && /usr/bin/gmake  -f CMakeFiles/cmTC_d6465.dir/build.make CMakeFiles/cmTC_d6465.dir/build
gmake[1]: Entering directory '/home/uhuj/skillbox_cpp/learn_cpp_tasks/out/build/GCC 12.2.0 x86_64-linux-gnu/CMakeFiles/CMakeTmp'
Building C object CMakeFiles/cmTC_d6465.dir/CurlTests.c.o
/usr/bin/gcc   -W -Wall -pedantic -Wbad-function-cast -Wconversion -Winline -Wmissing-declarations -Wmissing-prototypes -Wnested-externs -Wno-long-long -Wno-multichar -Wpointer-arith -Wshadow -Wsign-compare -Wundef -Wunused -Wwrite-strings -Wcast-align -Wdeclaration-after-statement -Wempty-body -Wendif-labels -Wfloat-equal -Wignored-qualifiers -Wno-format-nonliteral -Wno-sign-conversion -Wno-system-headers -Wstrict-prototypes -Wtype-limits -Wvla -Wmissing-parameter-type -Wold-style-declaration -Wstrict-aliasing=3 -Wformat=2 -Warray-bounds=2 -ftree-vrp -Wduplicated-cond -Wnull-dereference -fdelete-null-pointer-checks -Wshift-negative-value -Wshift-overflow=2 -Walloc-zero -Wduplicated-branches -Wformat-overflow=2 -Wformat-truncation=1 -Wrestrict -Warith-conversion -Wdouble-promotion -Wenum-conversion -Wunused-const-variable -DHAVE_FCNTL_O_NONBLOCK  -DHAVE_INTTYPES_H -DHAVE_SYS_WAIT_H -DHAVE_SYS_IOCTL_H -DHAVE_SYS_PARAM_H -DHAVE_SYS_POLL_H -DHAVE_SYS_RESOURCE_H -DHAVE_SYS_SELECT_H -DHAVE_SYS_SOCKET_H -DHAVE_SYS_STAT_H -DHAVE_SYS_TIME_H -DHAVE_SYS_TYPES_H -DHAVE_SYS_UN_H -DHAVE_SYS_XATTR_H -DHAVE_ARPA_INET_H -DHAVE_FCNTL_H -DHAVE_IFADDRS_H -DHAVE_LIBGEN_H -DHAVE_LOCALE_H -DHAVE_NET_IF_H -DHAVE_NETDB_H -DHAVE_NETINET_IN_H -DHAVE_NETINET_TCP_H -DHAVE_NETINET_UDP_H -DHAVE_POLL_H -DHAVE_PWD_H -DHAVE_STDATOMIC_H -DHAVE_STDBOOL_H -DHAVE_STDINT_H -DHAVE_STRINGS_H -DHAVE_TERMIO_H -DHAVE_TERMIOS_H -DHAVE_UNISTD_H -DHAVE_UTIME_H -o CMakeFiles/cmTC_d6465.dir/CurlTests.c.o -c "/home/uhuj/skillbox_cpp/learn_cpp_tasks/out/build/GCC 12.2.0 x86_64-linux-gnu/_deps/curl-src/CMake/CurlTests.c"
/home/uhuj/skillbox_cpp/learn_cpp_tasks/out/build/GCC 12.2.0 x86_64-linux-gnu/_deps/curl-src/CMake/CurlTests.c:49:1: warning: function declaration isn’t a prototype [-Wstrict-prototypes]
   49 | main ()
      | ^~~~
Linking C executable cmTC_d6465
/usr/bin/cmake -E cmake_link_script CMakeFiles/cmTC_d6465.dir/link.txt --verbose=1
/usr/bin/gcc   -W -Wall -pedantic -Wbad-function-cast -Wconversion -Winline -Wmissing-declarations -Wmissing-prototypes -Wnested-externs -Wno-long-long -Wno-multichar -Wpointer-arith -Wshadow -Wsign-compare -Wundef -Wunused -Wwrite-strings -Wcast-align -Wdeclaration-after-statement -Wempty-body -Wendif-labels -Wfloat-equal -Wignored-qualifiers -Wno-format-nonliteral -Wno-sign-conversion -Wno-system-headers -Wstrict-prototypes -Wtype-limits -Wvla -Wmissing-parameter-type -Wold-style-declaration -Wstrict-aliasing=3 -Wformat=2 -Warray-bounds=2 -ftree-vrp -Wduplicated-cond -Wnull-dereference -fdelete-null-pointer-checks -Wshift-negative-value -Wshift-overflow=2 -Walloc-zero -Wduplicated-branches -Wformat-overflow=2 -Wformat-truncation=1 -Wrestrict -Warith-conversion -Wdouble-promotion -Wenum-conversion -Wunused-const-variable -DHAVE_FCNTL_O_NONBLOCK  -DHAVE_INTTYPES_H -DHAVE_SYS_WAIT_H -DHAVE_SYS_IOCTL_H -DHAVE_SYS_PARAM_H -DHAVE_SYS_POLL_H -DHAVE_SYS_RESOURCE_H -DHAVE_SYS_SELECT_H -DHAVE_SYS_SOCKET_H -DHAVE_SYS_STAT_H -DHAVE_SYS_TIME_H -DHAVE_SYS_TYPES_H -DHAVE_SYS_UN_H -DHAVE_SYS_XATTR_H -DHAVE_ARPA_INET_H -DHAVE_FCNTL_H -DHAVE_IFADDRS_H -DHAVE_LIBGEN_H -DHAVE_LOCALE_H -DHAVE_NET_IF_H -DHAVE_NETDB_H -DHAVE_NETINET_IN_H -DHAVE_NETINET_TCP_H -DHAVE_NETINET_UDP_H -DHAVE_POLL_H -DHAVE_PWD_H -DHAVE_STDATOMIC_H -DHAVE_STDBOOL_H -DHAVE_STDINT_H -DHAVE_STRINGS_H -DHAVE_TERMIO_H -DHAVE_TERMIOS_H -DHAVE_UNISTD_H -DHAVE_UTIME_H CMakeFiles/cmTC_d6465.dir/CurlTests.c.o -o cmTC_d6465 
gmake[1]: Leaving directory '/home/uhuj/skillbox_cpp/learn_cpp_tasks/out/build/GCC 12.2.0 x86_64-linux-gnu/CMakeFiles/CMakeTmp'


Performing Curl Test HAVE_IOCTL_FIONBIO passed with the following output:
Change Dir: /home/uhuj/skillbox_cpp/learn_cpp_tasks/out/build/GCC 12.2.0 x86_64-linux-gnu/CMakeFiles/CMakeTmp

Run Build Command(s):/usr/bin/gmake -f Makefile cmTC_0bcfc/fast && /usr/bin/gmake  -f CMakeFiles/cmTC_0bcfc.dir/build.make CMakeFiles/cmTC_0bcfc.dir/build
gmake[1]: Entering directory '/home/uhuj/skillbox_cpp/learn_cpp_tasks/out/build/GCC 12.2.0 x86_64-linux-gnu/CMakeFiles/CMakeTmp'
Building C object CMakeFiles/cmTC_0bcfc.dir/CurlTests.c.o
/usr/bin/gcc   -W -Wall -pedantic -Wbad-function-cast -Wconversion -Winline -Wmissing-declarations -Wmissing-prototypes -Wnested-externs -Wno-long-long -Wno-multichar -Wpointer-arith -Wshadow -Wsign-compare -Wundef -Wunused -Wwrite-strings -Wcast-align -Wdeclaration-after-statement -Wempty-body -Wendif-labels -Wfloat-equal -Wignored-qualifiers -Wno-format-nonliteral -Wno-sign-conversion -Wno-system-headers -Wstrict-prototypes -Wtype-limits -Wvla -Wmissing-parameter-type -Wold-style-declaration -Wstrict-aliasing=3 -Wformat=2 -Warray-bounds=2 -ftree-vrp -Wduplicated-cond -Wnull-dereference -fdelete-null-pointer-checks -Wshift-negative-value -Wshift-overflow=2 -Walloc-zero -Wduplicated-branches -Wformat-overflow=2 -Wformat-truncation=1 -Wrestrict -Warith-conversion -Wdouble-promotion -Wenum-conversion -Wunused-const-variable -DHAVE_IOCTL_FIONBIO  -DHAVE_INTTYPES_H -DHAVE_SYS_WAIT_H -DHAVE_SYS_IOCTL_H -DHAVE_SYS_PARAM_H -DHAVE_SYS_POLL_H -DHAVE_SYS_RESOURCE_H -DHAVE_SYS_SELECT_H -DHAVE_SYS_SOCKET_H -DHAVE_SYS_STAT_H -DHAVE_SYS_TIME_H -DHAVE_SYS_TYPES_H -DHAVE_SYS_UN_H -DHAVE_SYS_XATTR_H -DHAVE_ARPA_INET_H -DHAVE_FCNTL_H -DHAVE_IFADDRS_H -DHAVE_LIBGEN_H -DHAVE_LOCALE_H -DHAVE_NET_IF_H -DHAVE_NETDB_H -DHAVE_NETINET_IN_H -DHAVE_NETINET_TCP_H -DHAVE_NETINET_UDP_H -DHAVE_POLL_H -DHAVE_PWD_H -DHAVE_STDATOMIC_H -DHAVE_STDBOOL_H -DHAVE_STDINT_H -DHAVE_STRINGS_H -DHAVE_TERMIO_H -DHAVE_TERMIOS_H -DHAVE_UNISTD_H -DHAVE_UTIME_H -o CMakeFiles/cmTC_0bcfc.dir/CurlTests.c.o -c "/home/uhuj/skillbox_cpp/learn_cpp_tasks/out/build/GCC 12.2.0 x86_64-linux-gnu/_deps/curl-src/CMake/CurlTests.c"
/home/uhuj/skillbox_cpp/learn_cpp_tasks/out/build/GCC 12.2.0 x86_64-linux-gnu/_deps/curl-src/CMake/CurlTests.c:302:1: warning: function declaration isn’t a prototype [-Wstrict-prototypes]
  302 | main ()
      | ^~~~
Linking C executable cmTC_0bcfc
/usr/bin/cmake -E cmake_link_script CMakeFiles/cmTC_0bcfc.dir/link.txt --verbose=1
/usr/bin/gcc   -W -Wall -pedantic -Wbad-function-cast -Wconversion -Winline -Wmissing-declarations -Wmissing-prototypes -Wnested-externs -Wno-long-long -Wno-multichar -Wpointer-arith -Wshadow -Wsign-compare -Wundef -Wunused -Wwrite-strings -Wcast-align -Wdeclaration-after-statement -Wempty-body -Wendif-labels -Wfloat-equal -Wignored-qualifiers -Wno-format-nonliteral -Wno-sign-conversion -Wno-system-headers -Wstrict-prototypes -Wtype-limits -Wvla -Wmissing-parameter-type -Wold-style-declaration -Wstrict-aliasing=3 -Wformat=2 -Warray-bounds=2 -ftree-vrp -Wduplicated-cond -Wnull-dereference -fdelete-null-pointer-checks -Wshift-negative-value -Wshift-overflow=2 -Walloc-zero -Wduplicated-branches -Wformat-overflow=2 -Wformat-truncation=1 -Wrestrict -Warith-conversion -Wdouble-promotion -Wenum-conversion -Wunused-const-variable -DHAVE_IOCTL_FIONBIO  -DHAVE_INTTYPES_H -DHAVE_SYS_WAIT_H -DHAVE_SYS_IOCTL_H -DHAVE_SYS_PARAM_H -DHAVE_SYS_POLL_H -DHAVE_SYS_RESOURCE_H -DHAVE_SYS_SELECT_H -DHAVE_SYS_SOCKET_H -DHAVE_SYS_STAT_H -DHAVE_SYS_TIME_H -DHAVE_SYS_TYPES_H -DHAVE_SYS_UN_H -DHAVE_SYS_XATTR_H -DHAVE_ARPA_INET_H -DHAVE_FCNTL_H -DHAVE_IFADDRS_H -DHAVE_LIBGEN_H -DHAVE_LOCALE_H -DHAVE_NET_IF_H -DHAVE_NETDB_H -DHAVE_NETINET_IN_H -DHAVE_NETINET_TCP_H -DHAVE_NETINET_UDP_H -DHAVE_POLL_H -DHAVE_PWD_H -DHAVE_STDATOMIC_H -DHAVE_STDBOOL_H -DHAVE_STDINT_H -DHAVE_STRINGS_H -DHAVE_TERMIO_H -DHAVE_TERMIOS_H -DHAVE_UNISTD_H -DHAVE_UTIME_H CMakeFiles/cmTC_0bcfc.dir/CurlTests.c.o -o cmTC_0bcfc 
gmake[1]: Leaving directory '/home/uhuj/skillbox_cpp/learn_cpp_tasks/out/build/GCC 12.2.0 x86_64-linux-gnu/CMakeFiles/CMakeTmp'


Performing Curl Test HAVE_IOCTL_SIOCGIFADDR passed with the following output:
Change Dir: /home/uhuj/skillbox_cpp/learn_cpp_tasks/out/build/GCC 12.2.0 x86_64-linux-gnu/CMakeFiles/CMakeTmp

Run Build Command(s):/usr/bin/gmake -f Makefile cmTC_8b1ca/fast && /usr/bin/gmake  -f CMakeFiles/cmTC_8b1ca.dir/build.make CMakeFiles/cmTC_8b1ca.dir/build
gmake[1]: Entering directory '/home/uhuj/skillbox_cpp/learn_cpp_tasks/out/build/GCC 12.2.0 x86_64-linux-gnu/CMakeFiles/CMakeTmp'
Building C object CMakeFiles/cmTC_8b1ca.dir/CurlTests.c.o
/usr/bin/gcc   -W -Wall -pedantic -Wbad-function-cast -Wconversion -Winline -Wmissing-declarations -Wmissing-prototypes -Wnested-externs -Wno-long-long -Wno-multichar -Wpointer-arith -Wshadow -Wsign-compare -Wundef -Wunused -Wwrite-strings -Wcast-align -Wdeclaration-after-statement -Wempty-body -Wendif-labels -Wfloat-equal -Wignored-qualifiers -Wno-format-nonliteral -Wno-sign-conversion -Wno-system-headers -Wstrict-prototypes -Wtype-limits -Wvla -Wmissing-parameter-type -Wold-style-declaration -Wstrict-aliasing=3 -Wformat=2 -Warray-bounds=2 -ftree-vrp -Wduplicated-cond -Wnull-dereference -fdelete-null-pointer-checks -Wshift-negative-value -Wshift-overflow=2 -Walloc-zero -Wduplicated-branches -Wformat-overflow=2 -Wformat-truncation=1 -Wrestrict -Warith-conversion -Wdouble-promotion -Wenum-conversion -Wunused-const-variable -DHAVE_IOCTL_SIOCGIFADDR  -DHAVE_INTTYPES_H -DHAVE_SYS_WAIT_H -DHAVE_SYS_IOCTL_H -DHAVE_SYS_PARAM_H -DHAVE_SYS_POLL_H -DHAVE_SYS_RESOURCE_H -DHAVE_SYS_SELECT_H -DHAVE_SYS_SOCKET_H -DHAVE_SYS_STAT_H -DHAVE_SYS_TIME_H -DHAVE_SYS_TYPES_H -DHAVE_SYS_UN_H -DHAVE_SYS_XATTR_H -DHAVE_ARPA_INET_H -DHAVE_FCNTL_H -DHAVE_IFADDRS_H -DHAVE_LIBGEN_H -DHAVE_LOCALE_H -DHAVE_NET_IF_H -DHAVE_NETDB_H -DHAVE_NETINET_IN_H -DHAVE_NETINET_TCP_H -DHAVE_NETINET_UDP_H -DHAVE_POLL_H -DHAVE_PWD_H -DHAVE_STDATOMIC_H -DHAVE_STDBOOL_H -DHAVE_STDINT_H -DHAVE_STRINGS_H -DHAVE_TERMIO_H -DHAVE_TERMIOS_H -DHAVE_UNISTD_H -DHAVE_UTIME_H -o CMakeFiles/cmTC_8b1ca.dir/CurlTests.c.o -c "/home/uhuj/skillbox_cpp/learn_cpp_tasks/out/build/GCC 12.2.0 x86_64-linux-gnu/_deps/curl-src/CMake/CurlTests.c"
/home/uhuj/skillbox_cpp/learn_cpp_tasks/out/build/GCC 12.2.0 x86_64-linux-gnu/_deps/curl-src/CMake/CurlTests.c:334:1: warning: function declaration isn’t a prototype [-Wstrict-prototypes]
  334 | main ()
      | ^~~~
Linking C executable cmTC_8b1ca
/usr/bin/cmake -E cmake_link_script CMakeFiles/cmTC_8b1ca.dir/link.txt --verbose=1
/usr/bin/gcc   -W -Wall -pedantic -Wbad-function-cast -Wconversion -Winline -Wmissing-declarations -Wmissing-prototypes -Wnested-externs -Wno-long-long -Wno-multichar -Wpointer-arith -Wshadow -Wsign-compare -Wundef -Wunused -Wwrite-strings -Wcast-align -Wdeclaration-after-statement -Wempty-body -Wendif-labels -Wfloat-equal -Wignored-qualifiers -Wno-format-nonliteral -Wno-sign-conversion -Wno-system-headers -Wstrict-prototypes -Wtype-limits -Wvla -Wmissing-parameter-type -Wold-style-declaration -Wstrict-aliasing=3 -Wformat=2 -Warray-bounds=2 -ftree-vrp -Wduplicated-cond -Wnull-dereference -fdelete-null-pointer-checks -Wshift-negative-value -Wshift-overflow=2 -Walloc-zero -Wduplicated-branches -Wformat-overflow=2 -Wformat-truncation=1 -Wrestrict -Warith-conversion -Wdouble-promotion -Wenum-conversion -Wunused-const-variable -DHAVE_IOCTL_SIOCGIFADDR  -DHAVE_INTTYPES_H -DHAVE_SYS_WAIT_H -DHAVE_SYS_IOCTL_H -DHAVE_SYS_PARAM_H -DHAVE_SYS_POLL_H -DHAVE_SYS_RESOURCE_H -DHAVE_SYS_SELECT_H -DHAVE_SYS_SOCKET_H -DHAVE_SYS_STAT_H -DHAVE_SYS_TIME_H -DHAVE_SYS_TYPES_H -DHAVE_SYS_UN_H -DHAVE_SYS_XATTR_H -DHAVE_ARPA_INET_H -DHAVE_FCNTL_H -DHAVE_IFADDRS_H -DHAVE_LIBGEN_H -DHAVE_LOCALE_H -DHAVE_NET_IF_H -DHAVE_NETDB_H -DHAVE_NETINET_IN_H -DHAVE_NETINET_TCP_H -DHAVE_NETINET_UDP_H -DHAVE_POLL_H -DHAVE_PWD_H -DHAVE_STDATOMIC_H -DHAVE_STDBOOL_H -DHAVE_STDINT_H -DHAVE_STRINGS_H -DHAVE_TERMIO_H -DHAVE_TERMIOS_H -DHAVE_UNISTD_H -DHAVE_UTIME_H CMakeFiles/cmTC_8b1ca.dir/CurlTests.c.o -o cmTC_8b1ca 
gmake[1]: Leaving directory '/home/uhuj/skillbox_cpp/learn_cpp_tasks/out/build/GCC 12.2.0 x86_64-linux-gnu/CMakeFiles/CMakeTmp'


Performing Curl Test HAVE_GETHOSTBYNAME_R_6 passed with the following output:
Change Dir: /home/uhuj/skillbox_cpp/learn_cpp_tasks/out/build/GCC 12.2.0 x86_64-linux-gnu/CMakeFiles/CMakeTmp

Run Build Command(s):/usr/bin/gmake -f Makefile cmTC_30338/fast && /usr/bin/gmake  -f CMakeFiles/cmTC_30338.dir/build.make CMakeFiles/cmTC_30338.dir/build
gmake[1]: Entering directory '/home/uhuj/skillbox_cpp/learn_cpp_tasks/out/build/GCC 12.2.0 x86_64-linux-gnu/CMakeFiles/CMakeTmp'
Building C object CMakeFiles/cmTC_30338.dir/CurlTests.c.o
/usr/bin/gcc   -W -Wall -pedantic -Wbad-function-cast -Wconversion -Winline -Wmissing-declarations -Wmissing-prototypes -Wnested-externs -Wno-long-long -Wno-multichar -Wpointer-arith -Wshadow -Wsign-compare -Wundef -Wunused -Wwrite-strings -Wcast-align -Wdeclaration-after-statement -Wempty-body -Wendif-labels -Wfloat-equal -Wignored-qualifiers -Wno-format-nonliteral -Wno-sign-conversion -Wno-system-headers -Wstrict-prototypes -Wtype-limits -Wvla -Wmissing-parameter-type -Wold-style-declaration -Wstrict-aliasing=3 -Wformat=2 -Warray-bounds=2 -ftree-vrp -Wduplicated-cond -Wnull-dereference -fdelete-null-pointer-checks -Wshift-negative-value -Wshift-overflow=2 -Walloc-zero -Wduplicated-branches -Wformat-overflow=2 -Wformat-truncation=1 -Wrestrict -Warith-conversion -Wdouble-promotion -Wenum-conversion -Wunused-const-variable -DHAVE_GETHOSTBYNAME_R_6  -DHAVE_INTTYPES_H -DHAVE_SYS_WAIT_H -DHAVE_SYS_IOCTL_H -DHAVE_SYS_PARAM_H -DHAVE_SYS_POLL_H -DHAVE_SYS_RESOURCE_H -DHAVE_SYS_SELECT_H -DHAVE_SYS_SOCKET_H -DHAVE_SYS_STAT_H -DHAVE_SYS_TIME_H -DHAVE_SYS_TYPES_H -DHAVE_SYS_UN_H -DHAVE_SYS_XATTR_H -DHAVE_ARPA_INET_H -DHAVE_FCNTL_H -DHAVE_IFADDRS_H -DHAVE_LIBGEN_H -DHAVE_LOCALE_H -DHAVE_NET_IF_H -DHAVE_NETDB_H -DHAVE_NETINET_IN_H -DHAVE_NETINET_TCP_H -DHAVE_NETINET_UDP_H -DHAVE_POLL_H -DHAVE_PWD_H -DHAVE_STDATOMIC_H -DHAVE_STDBOOL_H -DHAVE_STDINT_H -DHAVE_STRINGS_H -DHAVE_TERMIO_H -DHAVE_TERMIOS_H -DHAVE_UNISTD_H -DHAVE_UTIME_H -o CMakeFiles/cmTC_30338.dir/CurlTests.c.o -c "/home/uhuj/skillbox_cpp/learn_cpp_tasks/out/build/GCC 12.2.0 x86_64-linux-gnu/_deps/curl-src/CMake/CurlTests.c"
/home/uhuj/skillbox_cpp/learn_cpp_tasks/out/build/GCC 12.2.0 x86_64-linux-gnu/_deps/curl-src/CMake/CurlTests.c: In function ‘main’:
/home/uhuj/skillbox_cpp/learn_cpp_tasks/out/build/GCC 12.2.0 x86_64-linux-gnu/_deps/curl-src/CMake/CurlTests.c:75:19: warning: initialization discards ‘const’ qualifier from pointer target type [-Wdiscarded-qualifiers]
   75 |   char *address = "example.com";
      |                   ^~~~~~~~~~~~~
Linking C executable cmTC_30338
/usr/bin/cmake -E cmake_link_script CMakeFiles/cmTC_30338.dir/link.txt --verbose=1
/usr/bin/gcc   -W -Wall -pedantic -Wbad-function-cast -Wconversion -Winline -Wmissing-declarations -Wmissing-prototypes -Wnested-externs -Wno-long-long -Wno-multichar -Wpointer-arith -Wshadow -Wsign-compare -Wundef -Wunused -Wwrite-strings -Wcast-align -Wdeclaration-after-statement -Wempty-body -Wendif-labels -Wfloat-equal -Wignored-qualifiers -Wno-format-nonliteral -Wno-sign-conversion -Wno-system-headers -Wstrict-prototypes -Wtype-limits -Wvla -Wmissing-parameter-type -Wold-style-declaration -Wstrict-aliasing=3 -Wformat=2 -Warray-bounds=2 -ftree-vrp -Wduplicated-cond -Wnull-dereference -fdelete-null-pointer-checks -Wshift-negative-value -Wshift-overflow=2 -Walloc-zero -Wduplicated-branches -Wformat-overflow=2 -Wformat-truncation=1 -Wrestrict -Warith-conversion -Wdouble-promotion -Wenum-conversion -Wunused-const-variable -DHAVE_GETHOSTBYNAME_R_6  -DHAVE_INTTYPES_H -DHAVE_SYS_WAIT_H -DHAVE_SYS_IOCTL_H -DHAVE_SYS_PARAM_H -DHAVE_SYS_POLL_H -DHAVE_SYS_RESOURCE_H -DHAVE_SYS_SELECT_H -DHAVE_SYS_SOCKET_H -DHAVE_SYS_STAT_H -DHAVE_SYS_TIME_H -DHAVE_SYS_TYPES_H -DHAVE_SYS_UN_H -DHAVE_SYS_XATTR_H -DHAVE_ARPA_INET_H -DHAVE_FCNTL_H -DHAVE_IFADDRS_H -DHAVE_LIBGEN_H -DHAVE_LOCALE_H -DHAVE_NET_IF_H -DHAVE_NETDB_H -DHAVE_NETINET_IN_H -DHAVE_NETINET_TCP_H -DHAVE_NETINET_UDP_H -DHAVE_POLL_H -DHAVE_PWD_H -DHAVE_STDATOMIC_H -DHAVE_STDBOOL_H -DHAVE_STDINT_H -DHAVE_STRINGS_H -DHAVE_TERMIO_H -DHAVE_TERMIOS_H -DHAVE_UNISTD_H -DHAVE_UTIME_H CMakeFiles/cmTC_30338.dir/CurlTests.c.o -o cmTC_30338 
gmake[1]: Leaving directory '/home/uhuj/skillbox_cpp/learn_cpp_tasks/out/build/GCC 12.2.0 x86_64-linux-gnu/CMakeFiles/CMakeTmp'


Performing Curl Test HAVE_GETHOSTBYNAME_R_6_REENTRANT passed with the following output:
Change Dir: /home/uhuj/skillbox_cpp/learn_cpp_tasks/out/build/GCC 12.2.0 x86_64-linux-gnu/CMakeFiles/CMakeTmp

Run Build Command(s):/usr/bin/gmake -f Makefile cmTC_d856f/fast && /usr/bin/gmake  -f CMakeFiles/cmTC_d856f.dir/build.make CMakeFiles/cmTC_d856f.dir/build
gmake[1]: Entering directory '/home/uhuj/skillbox_cpp/learn_cpp_tasks/out/build/GCC 12.2.0 x86_64-linux-gnu/CMakeFiles/CMakeTmp'
Building C object CMakeFiles/cmTC_d856f.dir/CurlTests.c.o
/usr/bin/gcc   -W -Wall -pedantic -Wbad-function-cast -Wconversion -Winline -Wmissing-declarations -Wmissing-prototypes -Wnested-externs -Wno-long-long -Wno-multichar -Wpointer-arith -Wshadow -Wsign-compare -Wundef -Wunused -Wwrite-strings -Wcast-align -Wdeclaration-after-statement -Wempty-body -Wendif-labels -Wfloat-equal -Wignored-qualifiers -Wno-format-nonliteral -Wno-sign-conversion -Wno-system-headers -Wstrict-prototypes -Wtype-limits -Wvla -Wmissing-parameter-type -Wold-style-declaration -Wstrict-aliasing=3 -Wformat=2 -Warray-bounds=2 -ftree-vrp -Wduplicated-cond -Wnull-dereference -fdelete-null-pointer-checks -Wshift-negative-value -Wshift-overflow=2 -Walloc-zero -Wduplicated-branches -Wformat-overflow=2 -Wformat-truncation=1 -Wrestrict -Warith-conversion -Wdouble-promotion -Wenum-conversion -Wunused-const-variable -DHAVE_GETHOSTBYNAME_R_6_REENTRANT  -DHAVE_INTTYPES_H -DHAVE_SYS_WAIT_H -DHAVE_SYS_IOCTL_H -DHAVE_SYS_PARAM_H -DHAVE_SYS_POLL_H -DHAVE_SYS_RESOURCE_H -DHAVE_SYS_SELECT_H -DHAVE_SYS_SOCKET_H -DHAVE_SYS_STAT_H -DHAVE_SYS_TIME_H -DHAVE_SYS_TYPES_H -DHAVE_SYS_UN_H -DHAVE_SYS_XATTR_H -DHAVE_ARPA_INET_H -DHAVE_FCNTL_H -DHAVE_IFADDRS_H -DHAVE_LIBGEN_H -DHAVE_LOCALE_H -DHAVE_NET_IF_H -DHAVE_NETDB_H -DHAVE_NETINET_IN_H -DHAVE_NETINET_TCP_H -DHAVE_NETINET_UDP_H -DHAVE_POLL_H -DHAVE_PWD_H -DHAVE_STDATOMIC_H -DHAVE_STDBOOL_H -DHAVE_STDINT_H -DHAVE_STRINGS_H -DHAVE_TERMIO_H -DHAVE_TERMIOS_H -DHAVE_UNISTD_H -DHAVE_UTIME_H -o CMakeFiles/cmTC_d856f.dir/CurlTests.c.o -c "/home/uhuj/skillbox_cpp/learn_cpp_tasks/out/build/GCC 12.2.0 x86_64-linux-gnu/_deps/curl-src/CMake/CurlTests.c"
/home/uhuj/skillbox_cpp/learn_cpp_tasks/out/build/GCC 12.2.0 x86_64-linux-gnu/_deps/curl-src/CMake/CurlTests.c: In function ‘main’:
/home/uhuj/skillbox_cpp/learn_cpp_tasks/out/build/GCC 12.2.0 x86_64-linux-gnu/_deps/curl-src/CMake/CurlTests.c:75:19: warning: initialization discards ‘const’ qualifier from pointer target type [-Wdiscarded-qualifiers]
   75 |   char *address = "example.com";
      |                   ^~~~~~~~~~~~~
Linking C executable cmTC_d856f
/usr/bin/cmake -E cmake_link_script CMakeFiles/cmTC_d856f.dir/link.txt --verbose=1
/usr/bin/gcc   -W -Wall -pedantic -Wbad-function-cast -Wconversion -Winline -Wmissing-declarations -Wmissing-prototypes -Wnested-externs -Wno-long-long -Wno-multichar -Wpointer-arith -Wshadow -Wsign-compare -Wundef -Wunused -Wwrite-strings -Wcast-align -Wdeclaration-after-statement -Wempty-body -Wendif-labels -Wfloat-equal -Wignored-qualifiers -Wno-format-nonliteral -Wno-sign-conversion -Wno-system-headers -Wstrict-prototypes -Wtype-limits -Wvla -Wmissing-parameter-type -Wold-style-declaration -Wstrict-aliasing=3 -Wformat=2 -Warray-bounds=2 -ftree-vrp -Wduplicated-cond -Wnull-dereference -fdelete-null-pointer-checks -Wshift-negative-value -Wshift-overflow=2 -Walloc-zero -Wduplicated-branches -Wformat-overflow=2 -Wformat-truncation=1 -Wrestrict -Warith-conversion -Wdouble-promotion -Wenum-conversion -Wunused-const-variable -DHAVE_GETHOSTBYNAME_R_6_REENTRANT  -DHAVE_INTTYPES_H -DHAVE_SYS_WAIT_H -DHAVE_SYS_IOCTL_H -DHAVE_SYS_PARAM_H -DHAVE_SYS_POLL_H -DHAVE_SYS_RESOURCE_H -DHAVE_SYS_SELECT_H -DHAVE_SYS_SOCKET_H -DHAVE_SYS_STAT_H -DHAVE_SYS_TIME_H -DHAVE_SYS_TYPES_H -DHAVE_SYS_UN_H -DHAVE_SYS_XATTR_H -DHAVE_ARPA_INET_H -DHAVE_FCNTL_H -DHAVE_IFADDRS_H -DHAVE_LIBGEN_H -DHAVE_LOCALE_H -DHAVE_NET_IF_H -DHAVE_NETDB_H -DHAVE_NETINET_IN_H -DHAVE_NETINET_TCP_H -DHAVE_NETINET_UDP_H -DHAVE_POLL_H -DHAVE_PWD_H -DHAVE_STDATOMIC_H -DHAVE_STDBOOL_H -DHAVE_STDINT_H -DHAVE_STRINGS_H -DHAVE_TERMIO_H -DHAVE_TERMIOS_H -DHAVE_UNISTD_H -DHAVE_UTIME_H CMakeFiles/cmTC_d856f.dir/CurlTests.c.o -o cmTC_d856f 
gmake[1]: Leaving directory '/home/uhuj/skillbox_cpp/learn_cpp_tasks/out/build/GCC 12.2.0 x86_64-linux-gnu/CMakeFiles/CMakeTmp'


Performing Curl Test HAVE_IN_ADDR_T passed with the following output:
Change Dir: /home/uhuj/skillbox_cpp/learn_cpp_tasks/out/build/GCC 12.2.0 x86_64-linux-gnu/CMakeFiles/CMakeTmp

Run Build Command(s):/usr/bin/gmake -f Makefile cmTC_fb959/fast && /usr/bin/gmake  -f CMakeFiles/cmTC_fb959.dir/build.make CMakeFiles/cmTC_fb959.dir/build
gmake[1]: Entering directory '/home/uhuj/skillbox_cpp/learn_cpp_tasks/out/build/GCC 12.2.0 x86_64-linux-gnu/CMakeFiles/CMakeTmp'
Building C object CMakeFiles/cmTC_fb959.dir/CurlTests.c.o
/usr/bin/gcc   -W -Wall -pedantic -Wbad-function-cast -Wconversion -Winline -Wmissing-declarations -Wmissing-prototypes -Wnested-externs -Wno-long-long -Wno-multichar -Wpointer-arith -Wshadow -Wsign-compare -Wundef -Wunused -Wwrite-strings -Wcast-align -Wdeclaration-after-statement -Wempty-body -Wendif-labels -Wfloat-equal -Wignored-qualifiers -Wno-format-nonliteral -Wno-sign-conversion -Wno-system-headers -Wstrict-prototypes -Wtype-limits -Wvla -Wmissing-parameter-type -Wold-style-declaration -Wstrict-aliasing=3 -Wformat=2 -Warray-bounds=2 -ftree-vrp -Wduplicated-cond -Wnull-dereference -fdelete-null-pointer-checks -Wshift-negative-value -Wshift-overflow=2 -Walloc-zero -Wduplicated-branches -Wformat-overflow=2 -Wformat-truncation=1 -Wrestrict -Warith-conversion -Wdouble-promotion -Wenum-conversion -Wunused-const-variable -DHAVE_IN_ADDR_T  -DHAVE_INTTYPES_H -DHAVE_SYS_WAIT_H -DHAVE_SYS_IOCTL_H -DHAVE_SYS_PARAM_H -DHAVE_SYS_POLL_H -DHAVE_SYS_RESOURCE_H -DHAVE_SYS_SELECT_H -DHAVE_SYS_SOCKET_H -DHAVE_SYS_STAT_H -DHAVE_SYS_TIME_H -DHAVE_SYS_TYPES_H -DHAVE_SYS_UN_H -DHAVE_SYS_XATTR_H -DHAVE_ARPA_INET_H -DHAVE_FCNTL_H -DHAVE_IFADDRS_H -DHAVE_LIBGEN_H -DHAVE_LOCALE_H -DHAVE_NET_IF_H -DHAVE_NETDB_H -DHAVE_NETINET_IN_H -DHAVE_NETINET_TCP_H -DHAVE_NETINET_UDP_H -DHAVE_POLL_H -DHAVE_PWD_H -DHAVE_STDATOMIC_H -DHAVE_STDBOOL_H -DHAVE_STDINT_H -DHAVE_STRINGS_H -DHAVE_TERMIO_H -DHAVE_TERMIOS_H -DHAVE_UNISTD_H -DHAVE_UTIME_H -o CMakeFiles/cmTC_fb959.dir/CurlTests.c.o -c "/home/uhuj/skillbox_cpp/learn_cpp_tasks/out/build/GCC 12.2.0 x86_64-linux-gnu/_deps/curl-src/CMake/CurlTests.c"
/home/uhuj/skillbox_cpp/learn_cpp_tasks/out/build/GCC 12.2.0 x86_64-linux-gnu/_deps/curl-src/CMake/CurlTests.c:135:1: warning: function declaration isn’t a prototype [-Wstrict-prototypes]
  135 | main ()
      | ^~~~
Linking C executable cmTC_fb959
/usr/bin/cmake -E cmake_link_script CMakeFiles/cmTC_fb959.dir/link.txt --verbose=1
/usr/bin/gcc   -W -Wall -pedantic -Wbad-function-cast -Wconversion -Winline -Wmissing-declarations -Wmissing-prototypes -Wnested-externs -Wno-long-long -Wno-multichar -Wpointer-arith -Wshadow -Wsign-compare -Wundef -Wunused -Wwrite-strings -Wcast-align -Wdeclaration-after-statement -Wempty-body -Wendif-labels -Wfloat-equal -Wignored-qualifiers -Wno-format-nonliteral -Wno-sign-conversion -Wno-system-headers -Wstrict-prototypes -Wtype-limits -Wvla -Wmissing-parameter-type -Wold-style-declaration -Wstrict-aliasing=3 -Wformat=2 -Warray-bounds=2 -ftree-vrp -Wduplicated-cond -Wnull-dereference -fdelete-null-pointer-checks -Wshift-negative-value -Wshift-overflow=2 -Walloc-zero -Wduplicated-branches -Wformat-overflow=2 -Wformat-truncation=1 -Wrestrict -Warith-conversion -Wdouble-promotion -Wenum-conversion -Wunused-const-variable -DHAVE_IN_ADDR_T  -DHAVE_INTTYPES_H -DHAVE_SYS_WAIT_H -DHAVE_SYS_IOCTL_H -DHAVE_SYS_PARAM_H -DHAVE_SYS_POLL_H -DHAVE_SYS_RESOURCE_H -DHAVE_SYS_SELECT_H -DHAVE_SYS_SOCKET_H -DHAVE_SYS_STAT_H -DHAVE_SYS_TIME_H -DHAVE_SYS_TYPES_H -DHAVE_SYS_UN_H -DHAVE_SYS_XATTR_H -DHAVE_ARPA_INET_H -DHAVE_FCNTL_H -DHAVE_IFADDRS_H -DHAVE_LIBGEN_H -DHAVE_LOCALE_H -DHAVE_NET_IF_H -DHAVE_NETDB_H -DHAVE_NETINET_IN_H -DHAVE_NETINET_TCP_H -DHAVE_NETINET_UDP_H -DHAVE_POLL_H -DHAVE_PWD_H -DHAVE_STDATOMIC_H -DHAVE_STDBOOL_H -DHAVE_STDINT_H -DHAVE_STRINGS_H -DHAVE_TERMIO_H -DHAVE_TERMIOS_H -DHAVE_UNISTD_H -DHAVE_UTIME_H CMakeFiles/cmTC_fb959.dir/CurlTests.c.o -o cmTC_fb959 
gmake[1]: Leaving directory '/home/uhuj/skillbox_cpp/learn_cpp_tasks/out/build/GCC 12.2.0 x86_64-linux-gnu/CMakeFiles/CMakeTmp'


Performing Curl Test HAVE_BOOL_T passed with the following output:
Change Dir: /home/uhuj/skillbox_cpp/learn_cpp_tasks/out/build/GCC 12.2.0 x86_64-linux-gnu/CMakeFiles/CMakeTmp

Run Build Command(s):/usr/bin/gmake -f Makefile cmTC_a949b/fast && /usr/bin/gmake  -f CMakeFiles/cmTC_a949b.dir/build.make CMakeFiles/cmTC_a949b.dir/build
gmake[1]: Entering directory '/home/uhuj/skillbox_cpp/learn_cpp_tasks/out/build/GCC 12.2.0 x86_64-linux-gnu/CMakeFiles/CMakeTmp'
Building C object CMakeFiles/cmTC_a949b.dir/CurlTests.c.o
/usr/bin/gcc   -W -Wall -pedantic -Wbad-function-cast -Wconversion -Winline -Wmissing-declarations -Wmissing-prototypes -Wnested-externs -Wno-long-long -Wno-multichar -Wpointer-arith -Wshadow -Wsign-compare -Wundef -Wunused -Wwrite-strings -Wcast-align -Wdeclaration-after-statement -Wempty-body -Wendif-labels -Wfloat-equal -Wignored-qualifiers -Wno-format-nonliteral -Wno-sign-conversion -Wno-system-headers -Wstrict-prototypes -Wtype-limits -Wvla -Wmissing-parameter-type -Wold-style-declaration -Wstrict-aliasing=3 -Wformat=2 -Warray-bounds=2 -ftree-vrp -Wduplicated-cond -Wnull-dereference -fdelete-null-pointer-checks -Wshift-negative-value -Wshift-overflow=2 -Walloc-zero -Wduplicated-branches -Wformat-overflow=2 -Wformat-truncation=1 -Wrestrict -Warith-conversion -Wdouble-promotion -Wenum-conversion -Wunused-const-variable -DHAVE_BOOL_T  -DHAVE_INTTYPES_H -DHAVE_SYS_WAIT_H -DHAVE_SYS_IOCTL_H -DHAVE_SYS_PARAM_H -DHAVE_SYS_POLL_H -DHAVE_SYS_RESOURCE_H -DHAVE_SYS_SELECT_H -DHAVE_SYS_SOCKET_H -DHAVE_SYS_STAT_H -DHAVE_SYS_TIME_H -DHAVE_SYS_TYPES_H -DHAVE_SYS_UN_H -DHAVE_SYS_XATTR_H -DHAVE_ARPA_INET_H -DHAVE_FCNTL_H -DHAVE_IFADDRS_H -DHAVE_LIBGEN_H -DHAVE_LOCALE_H -DHAVE_NET_IF_H -DHAVE_NETDB_H -DHAVE_NETINET_IN_H -DHAVE_NETINET_TCP_H -DHAVE_NETINET_UDP_H -DHAVE_POLL_H -DHAVE_PWD_H -DHAVE_STDATOMIC_H -DHAVE_STDBOOL_H -DHAVE_STDINT_H -DHAVE_STRINGS_H -DHAVE_TERMIO_H -DHAVE_TERMIOS_H -DHAVE_UNISTD_H -DHAVE_UTIME_H -o CMakeFiles/cmTC_a949b.dir/CurlTests.c.o -c "/home/uhuj/skillbox_cpp/learn_cpp_tasks/out/build/GCC 12.2.0 x86_64-linux-gnu/_deps/curl-src/CMake/CurlTests.c"
/home/uhuj/skillbox_cpp/learn_cpp_tasks/out/build/GCC 12.2.0 x86_64-linux-gnu/_deps/curl-src/CMake/CurlTests.c:154:1: warning: function declaration isn’t a prototype [-Wstrict-prototypes]
  154 | main ()
      | ^~~~
Linking C executable cmTC_a949b
/usr/bin/cmake -E cmake_link_script CMakeFiles/cmTC_a949b.dir/link.txt --verbose=1
/usr/bin/gcc   -W -Wall -pedantic -Wbad-function-cast -Wconversion -Winline -Wmissing-declarations -Wmissing-prototypes -Wnested-externs -Wno-long-long -Wno-multichar -Wpointer-arith -Wshadow -Wsign-compare -Wundef -Wunused -Wwrite-strings -Wcast-align -Wdeclaration-after-statement -Wempty-body -Wendif-labels -Wfloat-equal -Wignored-qualifiers -Wno-format-nonliteral -Wno-sign-conversion -Wno-system-headers -Wstrict-prototypes -Wtype-limits -Wvla -Wmissing-parameter-type -Wold-style-declaration -Wstrict-aliasing=3 -Wformat=2 -Warray-bounds=2 -ftree-vrp -Wduplicated-cond -Wnull-dereference -fdelete-null-pointer-checks -Wshift-negative-value -Wshift-overflow=2 -Walloc-zero -Wduplicated-branches -Wformat-overflow=2 -Wformat-truncation=1 -Wrestrict -Warith-conversion -Wdouble-promotion -Wenum-conversion -Wunused-const-variable -DHAVE_BOOL_T  -DHAVE_INTTYPES_H -DHAVE_SYS_WAIT_H -DHAVE_SYS_IOCTL_H -DHAVE_SYS_PARAM_H -DHAVE_SYS_POLL_H -DHAVE_SYS_RESOURCE_H -DHAVE_SYS_SELECT_H -DHAVE_SYS_SOCKET_H -DHAVE_SYS_STAT_H -DHAVE_SYS_TIME_H -DHAVE_SYS_TYPES_H -DHAVE_SYS_UN_H -DHAVE_SYS_XATTR_H -DHAVE_ARPA_INET_H -DHAVE_FCNTL_H -DHAVE_IFADDRS_H -DHAVE_LIBGEN_H -DHAVE_LOCALE_H -DHAVE_NET_IF_H -DHAVE_NETDB_H -DHAVE_NETINET_IN_H -DHAVE_NETINET_TCP_H -DHAVE_NETINET_UDP_H -DHAVE_POLL_H -DHAVE_PWD_H -DHAVE_STDATOMIC_H -DHAVE_STDBOOL_H -DHAVE_STDINT_H -DHAVE_STRINGS_H -DHAVE_TERMIO_H -DHAVE_TERMIOS_H -DHAVE_UNISTD_H -DHAVE_UTIME_H CMakeFiles/cmTC_a949b.dir/CurlTests.c.o -o cmTC_a949b 
gmake[1]: Leaving directory '/home/uhuj/skillbox_cpp/learn_cpp_tasks/out/build/GCC 12.2.0 x86_64-linux-gnu/CMakeFiles/CMakeTmp'


Performing Curl Test STDC_HEADERS passed with the following output:
Change Dir: /home/uhuj/skillbox_cpp/learn_cpp_tasks/out/build/GCC 12.2.0 x86_64-linux-gnu/CMakeFiles/CMakeTmp

Run Build Command(s):/usr/bin/gmake -f Makefile cmTC_8cd01/fast && /usr/bin/gmake  -f CMakeFiles/cmTC_8cd01.dir/build.make CMakeFiles/cmTC_8cd01.dir/build
gmake[1]: Entering directory '/home/uhuj/skillbox_cpp/learn_cpp_tasks/out/build/GCC 12.2.0 x86_64-linux-gnu/CMakeFiles/CMakeTmp'
Building C object CMakeFiles/cmTC_8cd01.dir/CurlTests.c.o
/usr/bin/gcc   -W -Wall -pedantic -Wbad-function-cast -Wconversion -Winline -Wmissing-declarations -Wmissing-prototypes -Wnested-externs -Wno-long-long -Wno-multichar -Wpointer-arith -Wshadow -Wsign-compare -Wundef -Wunused -Wwrite-strings -Wcast-align -Wdeclaration-after-statement -Wempty-body -Wendif-labels -Wfloat-equal -Wignored-qualifiers -Wno-format-nonliteral -Wno-sign-conversion -Wno-system-headers -Wstrict-prototypes -Wtype-limits -Wvla -Wmissing-parameter-type -Wold-style-declaration -Wstrict-aliasing=3 -Wformat=2 -Warray-bounds=2 -ftree-vrp -Wduplicated-cond -Wnull-dereference -fdelete-null-pointer-checks -Wshift-negative-value -Wshift-overflow=2 -Walloc-zero -Wduplicated-branches -Wformat-overflow=2 -Wformat-truncation=1 -Wrestrict -Warith-conversion -Wdouble-promotion -Wenum-conversion -Wunused-const-variable -DSTDC_HEADERS  -DHAVE_INTTYPES_H -DHAVE_SYS_WAIT_H -DHAVE_SYS_IOCTL_H -DHAVE_SYS_PARAM_H -DHAVE_SYS_POLL_H -DHAVE_SYS_RESOURCE_H -DHAVE_SYS_SELECT_H -DHAVE_SYS_SOCKET_H -DHAVE_SYS_STAT_H -DHAVE_SYS_TIME_H -DHAVE_SYS_TYPES_H -DHAVE_SYS_UN_H -DHAVE_SYS_XATTR_H -DHAVE_ARPA_INET_H -DHAVE_FCNTL_H -DHAVE_IFADDRS_H -DHAVE_LIBGEN_H -DHAVE_LOCALE_H -DHAVE_NET_IF_H -DHAVE_NETDB_H -DHAVE_NETINET_IN_H -DHAVE_NETINET_TCP_H -DHAVE_NETINET_UDP_H -DHAVE_POLL_H -DHAVE_PWD_H -DHAVE_STDATOMIC_H -DHAVE_STDBOOL_H -DHAVE_STDINT_H -DHAVE_STRINGS_H -DHAVE_TERMIO_H -DHAVE_TERMIOS_H -DHAVE_UNISTD_H -DHAVE_UTIME_H -o CMakeFiles/cmTC_8cd01.dir/CurlTests.c.o -c "/home/uhuj/skillbox_cpp/learn_cpp_tasks/out/build/GCC 12.2.0 x86_64-linux-gnu/_deps/curl-src/CMake/CurlTests.c"
/home/uhuj/skillbox_cpp/learn_cpp_tasks/out/build/GCC 12.2.0 x86_64-linux-gnu/_deps/curl-src/CMake/CurlTests.c:168:5: warning: function declaration isn’t a prototype [-Wstrict-prototypes]
  168 | int main() { return 0; }
      |     ^~~~
Linking C executable cmTC_8cd01
/usr/bin/cmake -E cmake_link_script CMakeFiles/cmTC_8cd01.dir/link.txt --verbose=1
/usr/bin/gcc   -W -Wall -pedantic -Wbad-function-cast -Wconversion -Winline -Wmissing-declarations -Wmissing-prototypes -Wnested-externs -Wno-long-long -Wno-multichar -Wpointer-arith -Wshadow -Wsign-compare -Wundef -Wunused -Wwrite-strings -Wcast-align -Wdeclaration-after-statement -Wempty-body -Wendif-labels -Wfloat-equal -Wignored-qualifiers -Wno-format-nonliteral -Wno-sign-conversion -Wno-system-headers -Wstrict-prototypes -Wtype-limits -Wvla -Wmissing-parameter-type -Wold-style-declaration -Wstrict-aliasing=3 -Wformat=2 -Warray-bounds=2 -ftree-vrp -Wduplicated-cond -Wnull-dereference -fdelete-null-pointer-checks -Wshift-negative-value -Wshift-overflow=2 -Walloc-zero -Wduplicated-branches -Wformat-overflow=2 -Wformat-truncation=1 -Wrestrict -Warith-conversion -Wdouble-promotion -Wenum-conversion -Wunused-const-variable -DSTDC_HEADERS  -DHAVE_INTTYPES_H -DHAVE_SYS_WAIT_H -DHAVE_SYS_IOCTL_H -DHAVE_SYS_PARAM_H -DHAVE_SYS_POLL_H -DHAVE_SYS_RESOURCE_H -DHAVE_SYS_SELECT_H -DHAVE_SYS_SOCKET_H -DHAVE_SYS_STAT_H -DHAVE_SYS_TIME_H -DHAVE_SYS_TYPES_H -DHAVE_SYS_UN_H -DHAVE_SYS_XATTR_H -DHAVE_ARPA_INET_H -DHAVE_FCNTL_H -DHAVE_IFADDRS_H -DHAVE_LIBGEN_H -DHAVE_LOCALE_H -DHAVE_NET_IF_H -DHAVE_NETDB_H -DHAVE_NETINET_IN_H -DHAVE_NETINET_TCP_H -DHAVE_NETINET_UDP_H -DHAVE_POLL_H -DHAVE_PWD_H -DHAVE_STDATOMIC_H -DHAVE_STDBOOL_H -DHAVE_STDINT_H -DHAVE_STRINGS_H -DHAVE_TERMIO_H -DHAVE_TERMIOS_H -DHAVE_UNISTD_H -DHAVE_UTIME_H CMakeFiles/cmTC_8cd01.dir/CurlTests.c.o -o cmTC_8cd01 
gmake[1]: Leaving directory '/home/uhuj/skillbox_cpp/learn_cpp_tasks/out/build/GCC 12.2.0 x86_64-linux-gnu/CMakeFiles/CMakeTmp'


Performing Curl Test HAVE_FILE_OFFSET_BITS passed with the following output:
Change Dir: /home/uhuj/skillbox_cpp/learn_cpp_tasks/out/build/GCC 12.2.0 x86_64-linux-gnu/CMakeFiles/CMakeTmp

Run Build Command(s):/usr/bin/gmake -f Makefile cmTC_e8afb/fast && /usr/bin/gmake  -f CMakeFiles/cmTC_e8afb.dir/build.make CMakeFiles/cmTC_e8afb.dir/build
gmake[1]: Entering directory '/home/uhuj/skillbox_cpp/learn_cpp_tasks/out/build/GCC 12.2.0 x86_64-linux-gnu/CMakeFiles/CMakeTmp'
Building C object CMakeFiles/cmTC_e8afb.dir/CurlTests.c.o
/usr/bin/gcc   -W -Wall -pedantic -Wbad-function-cast -Wconversion -Winline -Wmissing-declarations -Wmissing-prototypes -Wnested-externs -Wno-long-long -Wno-multichar -Wpointer-arith -Wshadow -Wsign-compare -Wundef -Wunused -Wwrite-strings -Wcast-align -Wdeclaration-after-statement -Wempty-body -Wendif-labels -Wfloat-equal -Wignored-qualifiers -Wno-format-nonliteral -Wno-sign-conversion -Wno-system-headers -Wstrict-prototypes -Wtype-limits -Wvla -Wmissing-parameter-type -Wold-style-declaration -Wstrict-aliasing=3 -Wformat=2 -Warray-bounds=2 -ftree-vrp -Wduplicated-cond -Wnull-dereference -fdelete-null-pointer-checks -Wshift-negative-value -Wshift-overflow=2 -Walloc-zero -Wduplicated-branches -Wformat-overflow=2 -Wformat-truncation=1 -Wrestrict -Warith-conversion -Wdouble-promotion -Wenum-conversion -Wunused-const-variable -DHAVE_FILE_OFFSET_BITS  -DHAVE_INTTYPES_H -DHAVE_SYS_WAIT_H -DHAVE_SYS_IOCTL_H -DHAVE_SYS_PARAM_H -DHAVE_SYS_POLL_H -DHAVE_SYS_RESOURCE_H -DHAVE_SYS_SELECT_H -DHAVE_SYS_SOCKET_H -DHAVE_SYS_STAT_H -DHAVE_SYS_TIME_H -DHAVE_SYS_TYPES_H -DHAVE_SYS_UN_H -DHAVE_SYS_XATTR_H -DHAVE_ARPA_INET_H -DHAVE_FCNTL_H -DHAVE_IFADDRS_H -DHAVE_LIBGEN_H -DHAVE_LOCALE_H -DHAVE_NET_IF_H -DHAVE_NETDB_H -DHAVE_NETINET_IN_H -DHAVE_NETINET_TCP_H -DHAVE_NETINET_UDP_H -DHAVE_POLL_H -DHAVE_PWD_H -DHAVE_STDATOMIC_H -DHAVE_STDBOOL_H -DHAVE_STDINT_H -DHAVE_STRINGS_H -DHAVE_TERMIO_H -DHAVE_TERMIOS_H -DHAVE_UNISTD_H -DHAVE_UTIME_H -o CMakeFiles/cmTC_e8afb.dir/CurlTests.c.o -c "/home/uhuj/skillbox_cpp/learn_cpp_tasks/out/build/GCC 12.2.0 x86_64-linux-gnu/_deps/curl-src/CMake/CurlTests.c"
/home/uhuj/skillbox_cpp/learn_cpp_tasks/out/build/GCC 12.2.0 x86_64-linux-gnu/_deps/curl-src/CMake/CurlTests.c:184:5: warning: function declaration isn’t a prototype [-Wstrict-prototypes]
  184 | int main () { ; return 0; }
      |     ^~~~
Linking C executable cmTC_e8afb
/usr/bin/cmake -E cmake_link_script CMakeFiles/cmTC_e8afb.dir/link.txt --verbose=1
/usr/bin/gcc   -W -Wall -pedantic -Wbad-function-cast -Wconversion -Winline -Wmissing-declarations -Wmissing-prototypes -Wnested-externs -Wno-long-long -Wno-multichar -Wpointer-arith -Wshadow -Wsign-compare -Wundef -Wunused -Wwrite-strings -Wcast-align -Wdeclaration-after-statement -Wempty-body -Wendif-labels -Wfloat-equal -Wignored-qualifiers -Wno-format-nonliteral -Wno-sign-conversion -Wno-system-headers -Wstrict-prototypes -Wtype-limits -Wvla -Wmissing-parameter-type -Wold-style-declaration -Wstrict-aliasing=3 -Wformat=2 -Warray-bounds=2 -ftree-vrp -Wduplicated-cond -Wnull-dereference -fdelete-null-pointer-checks -Wshift-negative-value -Wshift-overflow=2 -Walloc-zero -Wduplicated-branches -Wformat-overflow=2 -Wformat-truncation=1 -Wrestrict -Warith-conversion -Wdouble-promotion -Wenum-conversion -Wunused-const-variable -DHAVE_FILE_OFFSET_BITS  -DHAVE_INTTYPES_H -DHAVE_SYS_WAIT_H -DHAVE_SYS_IOCTL_H -DHAVE_SYS_PARAM_H -DHAVE_SYS_POLL_H -DHAVE_SYS_RESOURCE_H -DHAVE_SYS_SELECT_H -DHAVE_SYS_SOCKET_H -DHAVE_SYS_STAT_H -DHAVE_SYS_TIME_H -DHAVE_SYS_TYPES_H -DHAVE_SYS_UN_H -DHAVE_SYS_XATTR_H -DHAVE_ARPA_INET_H -DHAVE_FCNTL_H -DHAVE_IFADDRS_H -DHAVE_LIBGEN_H -DHAVE_LOCALE_H -DHAVE_NET_IF_H -DHAVE_NETDB_H -DHAVE_NETINET_IN_H -DHAVE_NETINET_TCP_H -DHAVE_NETINET_UDP_H -DHAVE_POLL_H -DHAVE_PWD_H -DHAVE_STDATOMIC_H -DHAVE_STDBOOL_H -DHAVE_STDINT_H -DHAVE_STRINGS_H -DHAVE_TERMIO_H -DHAVE_TERMIOS_H -DHAVE_UNISTD_H -DHAVE_UTIME_H CMakeFiles/cmTC_e8afb.dir/CurlTests.c.o -o cmTC_e8afb 
gmake[1]: Leaving directory '/home/uhuj/skillbox_cpp/learn_cpp_tasks/out/build/GCC 12.2.0 x86_64-linux-gnu/CMakeFiles/CMakeTmp'


Performing Curl Test HAVE_VARIADIC_MACROS_C99 passed with the following output:
Change Dir: /home/uhuj/skillbox_cpp/learn_cpp_tasks/out/build/GCC 12.2.0 x86_64-linux-gnu/CMakeFiles/CMakeTmp

Run Build Command(s):/usr/bin/gmake -f Makefile cmTC_eebd5/fast && /usr/bin/gmake  -f CMakeFiles/cmTC_eebd5.dir/build.make CMakeFiles/cmTC_eebd5.dir/build
gmake[1]: Entering directory '/home/uhuj/skillbox_cpp/learn_cpp_tasks/out/build/GCC 12.2.0 x86_64-linux-gnu/CMakeFiles/CMakeTmp'
Building C object CMakeFiles/cmTC_eebd5.dir/CurlTests.c.o
/usr/bin/gcc   -W -Wall -pedantic -Wbad-function-cast -Wconversion -Winline -Wmissing-declarations -Wmissing-prototypes -Wnested-externs -Wno-long-long -Wno-multichar -Wpointer-arith -Wshadow -Wsign-compare -Wundef -Wunused -Wwrite-strings -Wcast-align -Wdeclaration-after-statement -Wempty-body -Wendif-labels -Wfloat-equal -Wignored-qualifiers -Wno-format-nonliteral -Wno-sign-conversion -Wno-system-headers -Wstrict-prototypes -Wtype-limits -Wvla -Wmissing-parameter-type -Wold-style-declaration -Wstrict-aliasing=3 -Wformat=2 -Warray-bounds=2 -ftree-vrp -Wduplicated-cond -Wnull-dereference -fdelete-null-pointer-checks -Wshift-negative-value -Wshift-overflow=2 -Walloc-zero -Wduplicated-branches -Wformat-overflow=2 -Wformat-truncation=1 -Wrestrict -Warith-conversion -Wdouble-promotion -Wenum-conversion -Wunused-const-variable -DHAVE_VARIADIC_MACROS_C99  -DHAVE_INTTYPES_H -DHAVE_SYS_WAIT_H -DHAVE_SYS_IOCTL_H -DHAVE_SYS_PARAM_H -DHAVE_SYS_POLL_H -DHAVE_SYS_RESOURCE_H -DHAVE_SYS_SELECT_H -DHAVE_SYS_SOCKET_H -DHAVE_SYS_STAT_H -DHAVE_SYS_TIME_H -DHAVE_SYS_TYPES_H -DHAVE_SYS_UN_H -DHAVE_SYS_XATTR_H -DHAVE_ARPA_INET_H -DHAVE_FCNTL_H -DHAVE_IFADDRS_H -DHAVE_LIBGEN_H -DHAVE_LOCALE_H -DHAVE_NET_IF_H -DHAVE_NETDB_H -DHAVE_NETINET_IN_H -DHAVE_NETINET_TCP_H -DHAVE_NETINET_UDP_H -DHAVE_POLL_H -DHAVE_PWD_H -DHAVE_STDATOMIC_H -DHAVE_STDBOOL_H -DHAVE_STDINT_H -DHAVE_STRINGS_H -DHAVE_TERMIO_H -DHAVE_TERMIOS_H -DHAVE_UNISTD_H -DHAVE_UTIME_H -o CMakeFiles/cmTC_eebd5.dir/CurlTests.c.o -c "/home/uhuj/skillbox_cpp/learn_cpp_tasks/out/build/GCC 12.2.0 x86_64-linux-gnu/_deps/curl-src/CMake/CurlTests.c"
/home/uhuj/skillbox_cpp/learn_cpp_tasks/out/build/GCC 12.2.0 x86_64-linux-gnu/_deps/curl-src/CMake/CurlTests.c:449:1: warning: function declaration isn’t a prototype [-Wstrict-prototypes]
  449 | main() {
      | ^~~~
Linking C executable cmTC_eebd5
/usr/bin/cmake -E cmake_link_script CMakeFiles/cmTC_eebd5.dir/link.txt --verbose=1
/usr/bin/gcc   -W -Wall -pedantic -Wbad-function-cast -Wconversion -Winline -Wmissing-declarations -Wmissing-prototypes -Wnested-externs -Wno-long-long -Wno-multichar -Wpointer-arith -Wshadow -Wsign-compare -Wundef -Wunused -Wwrite-strings -Wcast-align -Wdeclaration-after-statement -Wempty-body -Wendif-labels -Wfloat-equal -Wignored-qualifiers -Wno-format-nonliteral -Wno-sign-conversion -Wno-system-headers -Wstrict-prototypes -Wtype-limits -Wvla -Wmissing-parameter-type -Wold-style-declaration -Wstrict-aliasing=3 -Wformat=2 -Warray-bounds=2 -ftree-vrp -Wduplicated-cond -Wnull-dereference -fdelete-null-pointer-checks -Wshift-negative-value -Wshift-overflow=2 -Walloc-zero -Wduplicated-branches -Wformat-overflow=2 -Wformat-truncation=1 -Wrestrict -Warith-conversion -Wdouble-promotion -Wenum-conversion -Wunused-const-variable -DHAVE_VARIADIC_MACROS_C99  -DHAVE_INTTYPES_H -DHAVE_SYS_WAIT_H -DHAVE_SYS_IOCTL_H -DHAVE_SYS_PARAM_H -DHAVE_SYS_POLL_H -DHAVE_SYS_RESOURCE_H -DHAVE_SYS_SELECT_H -DHAVE_SYS_SOCKET_H -DHAVE_SYS_STAT_H -DHAVE_SYS_TIME_H -DHAVE_SYS_TYPES_H -DHAVE_SYS_UN_H -DHAVE_SYS_XATTR_H -DHAVE_ARPA_INET_H -DHAVE_FCNTL_H -DHAVE_IFADDRS_H -DHAVE_LIBGEN_H -DHAVE_LOCALE_H -DHAVE_NET_IF_H -DHAVE_NETDB_H -DHAVE_NETINET_IN_H -DHAVE_NETINET_TCP_H -DHAVE_NETINET_UDP_H -DHAVE_POLL_H -DHAVE_PWD_H -DHAVE_STDATOMIC_H -DHAVE_STDBOOL_H -DHAVE_STDINT_H -DHAVE_STRINGS_H -DHAVE_TERMIO_H -DHAVE_TERMIOS_H -DHAVE_UNISTD_H -DHAVE_UTIME_H CMakeFiles/cmTC_eebd5.dir/CurlTests.c.o -o cmTC_eebd5 
gmake[1]: Leaving directory '/home/uhuj/skillbox_cpp/learn_cpp_tasks/out/build/GCC 12.2.0 x86_64-linux-gnu/CMakeFiles/CMakeTmp'


Performing Curl Test HAVE_VARIADIC_MACROS_GCC passed with the following output:
Change Dir: /home/uhuj/skillbox_cpp/learn_cpp_tasks/out/build/GCC 12.2.0 x86_64-linux-gnu/CMakeFiles/CMakeTmp

Run Build Command(s):/usr/bin/gmake -f Makefile cmTC_f07b0/fast && /usr/bin/gmake  -f CMakeFiles/cmTC_f07b0.dir/build.make CMakeFiles/cmTC_f07b0.dir/build
gmake[1]: Entering directory '/home/uhuj/skillbox_cpp/learn_cpp_tasks/out/build/GCC 12.2.0 x86_64-linux-gnu/CMakeFiles/CMakeTmp'
Building C object CMakeFiles/cmTC_f07b0.dir/CurlTests.c.o
/usr/bin/gcc   -W -Wall -pedantic -Wbad-function-cast -Wconversion -Winline -Wmissing-declarations -Wmissing-prototypes -Wnested-externs -Wno-long-long -Wno-multichar -Wpointer-arith -Wshadow -Wsign-compare -Wundef -Wunused -Wwrite-strings -Wcast-align -Wdeclaration-after-statement -Wempty-body -Wendif-labels -Wfloat-equal -Wignored-qualifiers -Wno-format-nonliteral -Wno-sign-conversion -Wno-system-headers -Wstrict-prototypes -Wtype-limits -Wvla -Wmissing-parameter-type -Wold-style-declaration -Wstrict-aliasing=3 -Wformat=2 -Warray-bounds=2 -ftree-vrp -Wduplicated-cond -Wnull-dereference -fdelete-null-pointer-checks -Wshift-negative-value -Wshift-overflow=2 -Walloc-zero -Wduplicated-branches -Wformat-overflow=2 -Wformat-truncation=1 -Wrestrict -Warith-conversion -Wdouble-promotion -Wenum-conversion -Wunused-const-variable -DHAVE_VARIADIC_MACROS_GCC  -DHAVE_INTTYPES_H -DHAVE_SYS_WAIT_H -DHAVE_SYS_IOCTL_H -DHAVE_SYS_PARAM_H -DHAVE_SYS_POLL_H -DHAVE_SYS_RESOURCE_H -DHAVE_SYS_SELECT_H -DHAVE_SYS_SOCKET_H -DHAVE_SYS_STAT_H -DHAVE_SYS_TIME_H -DHAVE_SYS_TYPES_H -DHAVE_SYS_UN_H -DHAVE_SYS_XATTR_H -DHAVE_ARPA_INET_H -DHAVE_FCNTL_H -DHAVE_IFADDRS_H -DHAVE_LIBGEN_H -DHAVE_LOCALE_H -DHAVE_NET_IF_H -DHAVE_NETDB_H -DHAVE_NETINET_IN_H -DHAVE_NETINET_TCP_H -DHAVE_NETINET_UDP_H -DHAVE_POLL_H -DHAVE_PWD_H -DHAVE_STDATOMIC_H -DHAVE_STDBOOL_H -DHAVE_STDINT_H -DHAVE_STRINGS_H -DHAVE_TERMIO_H -DHAVE_TERMIOS_H -DHAVE_UNISTD_H -DHAVE_UTIME_H -o CMakeFiles/cmTC_f07b0.dir/CurlTests.c.o -c "/home/uhuj/skillbox_cpp/learn_cpp_tasks/out/build/GCC 12.2.0 x86_64-linux-gnu/_deps/curl-src/CMake/CurlTests.c"
/home/uhuj/skillbox_cpp/learn_cpp_tasks/out/build/GCC 12.2.0 x86_64-linux-gnu/_deps/curl-src/CMake/CurlTests.c:458:32: warning: ISO C does not permit named variadic macros [-Wvariadic-macros]
  458 | #define gcc_vmacro3(first, args...) fun3(first, args)
      |                                ^~~
/home/uhuj/skillbox_cpp/learn_cpp_tasks/out/build/GCC 12.2.0 x86_64-linux-gnu/_deps/curl-src/CMake/CurlTests.c:459:32: warning: ISO C does not permit named variadic macros [-Wvariadic-macros]
  459 | #define gcc_vmacro2(first, args...) fun2(first, args)
      |                                ^~~
/home/uhuj/skillbox_cpp/learn_cpp_tasks/out/build/GCC 12.2.0 x86_64-linux-gnu/_deps/curl-src/CMake/CurlTests.c:472:1: warning: function declaration isn’t a prototype [-Wstrict-prototypes]
  472 | main() {
      | ^~~~
Linking C executable cmTC_f07b0
/usr/bin/cmake -E cmake_link_script CMakeFiles/cmTC_f07b0.dir/link.txt --verbose=1
/usr/bin/gcc   -W -Wall -pedantic -Wbad-function-cast -Wconversion -Winline -Wmissing-declarations -Wmissing-prototypes -Wnested-externs -Wno-long-long -Wno-multichar -Wpointer-arith -Wshadow -Wsign-compare -Wundef -Wunused -Wwrite-strings -Wcast-align -Wdeclaration-after-statement -Wempty-body -Wendif-labels -Wfloat-equal -Wignored-qualifiers -Wno-format-nonliteral -Wno-sign-conversion -Wno-system-headers -Wstrict-prototypes -Wtype-limits -Wvla -Wmissing-parameter-type -Wold-style-declaration -Wstrict-aliasing=3 -Wformat=2 -Warray-bounds=2 -ftree-vrp -Wduplicated-cond -Wnull-dereference -fdelete-null-pointer-checks -Wshift-negative-value -Wshift-overflow=2 -Walloc-zero -Wduplicated-branches -Wformat-overflow=2 -Wformat-truncation=1 -Wrestrict -Warith-conversion -Wdouble-promotion -Wenum-conversion -Wunused-const-variable -DHAVE_VARIADIC_MACROS_GCC  -DHAVE_INTTYPES_H -DHAVE_SYS_WAIT_H -DHAVE_SYS_IOCTL_H -DHAVE_SYS_PARAM_H -DHAVE_SYS_POLL_H -DHAVE_SYS_RESOURCE_H -DHAVE_SYS_SELECT_H -DHAVE_SYS_SOCKET_H -DHAVE_SYS_STAT_H -DHAVE_SYS_TIME_H -DHAVE_SYS_TYPES_H -DHAVE_SYS_UN_H -DHAVE_SYS_XATTR_H -DHAVE_ARPA_INET_H -DHAVE_FCNTL_H -DHAVE_IFADDRS_H -DHAVE_LIBGEN_H -DHAVE_LOCALE_H -DHAVE_NET_IF_H -DHAVE_NETDB_H -DHAVE_NETINET_IN_H -DHAVE_NETINET_TCP_H -DHAVE_NETINET_UDP_H -DHAVE_POLL_H -DHAVE_PWD_H -DHAVE_STDATOMIC_H -DHAVE_STDBOOL_H -DHAVE_STDINT_H -DHAVE_STRINGS_H -DHAVE_TERMIO_H -DHAVE_TERMIOS_H -DHAVE_UNISTD_H -DHAVE_UTIME_H CMakeFiles/cmTC_f07b0.dir/CurlTests.c.o -o cmTC_f07b0 
gmake[1]: Leaving directory '/home/uhuj/skillbox_cpp/learn_cpp_tasks/out/build/GCC 12.2.0 x86_64-linux-gnu/CMakeFiles/CMakeTmp'


Performing Curl Test HAVE_ATOMIC passed with the following output:
Change Dir: /home/uhuj/skillbox_cpp/learn_cpp_tasks/out/build/GCC 12.2.0 x86_64-linux-gnu/CMakeFiles/CMakeTmp

Run Build Command(s):/usr/bin/gmake -f Makefile cmTC_bccea/fast && /usr/bin/gmake  -f CMakeFiles/cmTC_bccea.dir/build.make CMakeFiles/cmTC_bccea.dir/build
gmake[1]: Entering directory '/home/uhuj/skillbox_cpp/learn_cpp_tasks/out/build/GCC 12.2.0 x86_64-linux-gnu/CMakeFiles/CMakeTmp'
Building C object CMakeFiles/cmTC_bccea.dir/CurlTests.c.o
/usr/bin/gcc   -W -Wall -pedantic -Wbad-function-cast -Wconversion -Winline -Wmissing-declarations -Wmissing-prototypes -Wnested-externs -Wno-long-long -Wno-multichar -Wpointer-arith -Wshadow -Wsign-compare -Wundef -Wunused -Wwrite-strings -Wcast-align -Wdeclaration-after-statement -Wempty-body -Wendif-labels -Wfloat-equal -Wignored-qualifiers -Wno-format-nonliteral -Wno-sign-conversion -Wno-system-headers -Wstrict-prototypes -Wtype-limits -Wvla -Wmissing-parameter-type -Wold-style-declaration -Wstrict-aliasing=3 -Wformat=2 -Warray-bounds=2 -ftree-vrp -Wduplicated-cond -Wnull-dereference -fdelete-null-pointer-checks -Wshift-negative-value -Wshift-overflow=2 -Walloc-zero -Wduplicated-branches -Wformat-overflow=2 -Wformat-truncation=1 -Wrestrict -Warith-conversion -Wdouble-promotion -Wenum-conversion -Wunused-const-variable -DHAVE_ATOMIC  -DHAVE_INTTYPES_H -DHAVE_SYS_WAIT_H -DHAVE_SYS_IOCTL_H -DHAVE_SYS_PARAM_H -DHAVE_SYS_POLL_H -DHAVE_SYS_RESOURCE_H -DHAVE_SYS_SELECT_H -DHAVE_SYS_SOCKET_H -DHAVE_SYS_STAT_H -DHAVE_SYS_TIME_H -DHAVE_SYS_TYPES_H -DHAVE_SYS_UN_H -DHAVE_SYS_XATTR_H -DHAVE_ARPA_INET_H -DHAVE_FCNTL_H -DHAVE_IFADDRS_H -DHAVE_LIBGEN_H -DHAVE_LOCALE_H -DHAVE_NET_IF_H -DHAVE_NETDB_H -DHAVE_NETINET_IN_H -DHAVE_NETINET_TCP_H -DHAVE_NETINET_UDP_H -DHAVE_POLL_H -DHAVE_PWD_H -DHAVE_STDATOMIC_H -DHAVE_STDBOOL_H -DHAVE_STDINT_H -DHAVE_STRINGS_H -DHAVE_TERMIO_H -DHAVE_TERMIOS_H -DHAVE_UNISTD_H -DHAVE_UTIME_H -o CMakeFiles/cmTC_bccea.dir/CurlTests.c.o -c "/home/uhuj/skillbox_cpp/learn_cpp_tasks/out/build/GCC 12.2.0 x86_64-linux-gnu/_deps/curl-src/CMake/CurlTests.c"
/home/uhuj/skillbox_cpp/learn_cpp_tasks/out/build/GCC 12.2.0 x86_64-linux-gnu/_deps/curl-src/CMake/CurlTests.c:494:1: warning: function declaration isn’t a prototype [-Wstrict-prototypes]
  494 | main() {
      | ^~~~
Linking C executable cmTC_bccea
/usr/bin/cmake -E cmake_link_script CMakeFiles/cmTC_bccea.dir/link.txt --verbose=1
/usr/bin/gcc   -W -Wall -pedantic -Wbad-function-cast -Wconversion -Winline -Wmissing-declarations -Wmissing-prototypes -Wnested-externs -Wno-long-long -Wno-multichar -Wpointer-arith -Wshadow -Wsign-compare -Wundef -Wunused -Wwrite-strings -Wcast-align -Wdeclaration-after-statement -Wempty-body -Wendif-labels -Wfloat-equal -Wignored-qualifiers -Wno-format-nonliteral -Wno-sign-conversion -Wno-system-headers -Wstrict-prototypes -Wtype-limits -Wvla -Wmissing-parameter-type -Wold-style-declaration -Wstrict-aliasing=3 -Wformat=2 -Warray-bounds=2 -ftree-vrp -Wduplicated-cond -Wnull-dereference -fdelete-null-pointer-checks -Wshift-negative-value -Wshift-overflow=2 -Walloc-zero -Wduplicated-branches -Wformat-overflow=2 -Wformat-truncation=1 -Wrestrict -Warith-conversion -Wdouble-promotion -Wenum-conversion -Wunused-const-variable -DHAVE_ATOMIC  -DHAVE_INTTYPES_H -DHAVE_SYS_WAIT_H -DHAVE_SYS_IOCTL_H -DHAVE_SYS_PARAM_H -DHAVE_SYS_POLL_H -DHAVE_SYS_RESOURCE_H -DHAVE_SYS_SELECT_H -DHAVE_SYS_SOCKET_H -DHAVE_SYS_STAT_H -DHAVE_SYS_TIME_H -DHAVE_SYS_TYPES_H -DHAVE_SYS_UN_H -DHAVE_SYS_XATTR_H -DHAVE_ARPA_INET_H -DHAVE_FCNTL_H -DHAVE_IFADDRS_H -DHAVE_LIBGEN_H -DHAVE_LOCALE_H -DHAVE_NET_IF_H -DHAVE_NETDB_H -DHAVE_NETINET_IN_H -DHAVE_NETINET_TCP_H -DHAVE_NETINET_UDP_H -DHAVE_POLL_H -DHAVE_PWD_H -DHAVE_STDATOMIC_H -DHAVE_STDBOOL_H -DHAVE_STDINT_H -DHAVE_STRINGS_H -DHAVE_TERMIO_H -DHAVE_TERMIOS_H -DHAVE_UNISTD_H -DHAVE_UTIME_H CMakeFiles/cmTC_bccea.dir/CurlTests.c.o -o cmTC_bccea 
gmake[1]: Leaving directory '/home/uhuj/skillbox_cpp/learn_cpp_tasks/out/build/GCC 12.2.0 x86_64-linux-gnu/CMakeFiles/CMakeTmp'


Determining size of off_t passed with the following output:
Change Dir: /home/uhuj/skillbox_cpp/learn_cpp_tasks/out/build/GCC 12.2.0 x86_64-linux-gnu/CMakeFiles/CMakeScratch/TryCompile-sQNHQ7

Run Build Command(s):/usr/bin/gmake -f Makefile cmTC_0edbd/fast && /usr/bin/gmake  -f CMakeFiles/cmTC_0edbd.dir/build.make CMakeFiles/cmTC_0edbd.dir/build
gmake[1]: Entering directory '/home/uhuj/skillbox_cpp/learn_cpp_tasks/out/build/GCC 12.2.0 x86_64-linux-gnu/CMakeFiles/CMakeScratch/TryCompile-sQNHQ7'
Building C object CMakeFiles/cmTC_0edbd.dir/SIZEOF_OFF_T.c.o
/usr/bin/gcc   -W -Wall -pedantic -Wbad-function-cast -Wconversion -Winline -Wmissing-declarations -Wmissing-prototypes -Wnested-externs -Wno-long-long -Wno-multichar -Wpointer-arith -Wshadow -Wsign-compare -Wundef -Wunused -Wwrite-strings -Wcast-align -Wdeclaration-after-statement -Wempty-body -Wendif-labels -Wfloat-equal -Wignored-qualifiers -Wno-format-nonliteral -Wno-sign-conversion -Wno-system-headers -Wstrict-prototypes -Wtype-limits -Wvla -Wmissing-parameter-type -Wold-style-declaration -Wstrict-aliasing=3 -Wformat=2 -Warray-bounds=2 -ftree-vrp -Wduplicated-cond -Wnull-dereference -fdelete-null-pointer-checks -Wshift-negative-value -Wshift-overflow=2 -Walloc-zero -Wduplicated-branches -Wformat-overflow=2 -Wformat-truncation=1 -Wrestrict -Warith-conversion -Wdouble-promotion -Wenum-conversion -Wunused-const-variable -D_FILE_OFFSET_BITS=64 -o CMakeFiles/cmTC_0edbd.dir/SIZEOF_OFF_T.c.o -c "/home/uhuj/skillbox_cpp/learn_cpp_tasks/out/build/GCC 12.2.0 x86_64-linux-gnu/CMakeFiles/CMakeScratch/TryCompile-sQNHQ7/SIZEOF_OFF_T.c"
Linking C executable cmTC_0edbd
/usr/bin/cmake -E cmake_link_script CMakeFiles/cmTC_0edbd.dir/link.txt --verbose=1
/usr/bin/gcc   -W -Wall -pedantic -Wbad-function-cast -Wconversion -Winline -Wmissing-declarations -Wmissing-prototypes -Wnested-externs -Wno-long-long -Wno-multichar -Wpointer-arith -Wshadow -Wsign-compare -Wundef -Wunused -Wwrite-strings -Wcast-align -Wdeclaration-after-statement -Wempty-body -Wendif-labels -Wfloat-equal -Wignored-qualifiers -Wno-format-nonliteral -Wno-sign-conversion -Wno-system-headers -Wstrict-prototypes -Wtype-limits -Wvla -Wmissing-parameter-type -Wold-style-declaration -Wstrict-aliasing=3 -Wformat=2 -Warray-bounds=2 -ftree-vrp -Wduplicated-cond -Wnull-dereference -fdelete-null-pointer-checks -Wshift-negative-value -Wshift-overflow=2 -Walloc-zero -Wduplicated-branches -Wformat-overflow=2 -Wformat-truncation=1 -Wrestrict -Warith-conversion -Wdouble-promotion -Wenum-conversion -Wunused-const-variable -D_FILE_OFFSET_BITS=64 CMakeFiles/cmTC_0edbd.dir/SIZEOF_OFF_T.c.o -o cmTC_0edbd 
gmake[1]: Leaving directory '/home/uhuj/skillbox_cpp/learn_cpp_tasks/out/build/GCC 12.2.0 x86_64-linux-gnu/CMakeFiles/CMakeScratch/TryCompile-sQNHQ7'



Determining size of curl_off_t passed with the following output:
Change Dir: /home/uhuj/skillbox_cpp/learn_cpp_tasks/out/build/GCC 12.2.0 x86_64-linux-gnu/CMakeFiles/CMakeScratch/TryCompile-UEpYxH

Run Build Command(s):/usr/bin/gmake -f Makefile cmTC_b05e4/fast && /usr/bin/gmake  -f CMakeFiles/cmTC_b05e4.dir/build.make CMakeFiles/cmTC_b05e4.dir/build
gmake[1]: Entering directory '/home/uhuj/skillbox_cpp/learn_cpp_tasks/out/build/GCC 12.2.0 x86_64-linux-gnu/CMakeFiles/CMakeScratch/TryCompile-UEpYxH'
Building C object CMakeFiles/cmTC_b05e4.dir/SIZEOF_CURL_OFF_T.c.o
/usr/bin/gcc  -I"/home/uhuj/skillbox_cpp/learn_cpp_tasks/out/build/GCC 12.2.0 x86_64-linux-gnu/_deps/curl-src/include" -W -Wall -pedantic -Wbad-function-cast -Wconversion -Winline -Wmissing-declarations -Wmissing-prototypes -Wnested-externs -Wno-long-long -Wno-multichar -Wpointer-arith -Wshadow -Wsign-compare -Wundef -Wunused -Wwrite-strings -Wcast-align -Wdeclaration-after-statement -Wempty-body -Wendif-labels -Wfloat-equal -Wignored-qualifiers -Wno-format-nonliteral -Wno-sign-conversion -Wno-system-headers -Wstrict-prototypes -Wtype-limits -Wvla -Wmissing-parameter-type -Wold-style-declaration -Wstrict-aliasing=3 -Wformat=2 -Warray-bounds=2 -ftree-vrp -Wduplicated-cond -Wnull-dereference -fdelete-null-pointer-checks -Wshift-negative-value -Wshift-overflow=2 -Walloc-zero -Wduplicated-branches -Wformat-overflow=2 -Wformat-truncation=1 -Wrestrict -Warith-conversion -Wdouble-promotion -Wenum-conversion -Wunused-const-variable -D_FILE_OFFSET_BITS=64 -o CMakeFiles/cmTC_b05e4.dir/SIZEOF_CURL_OFF_T.c.o -c "/home/uhuj/skillbox_cpp/learn_cpp_tasks/out/build/GCC 12.2.0 x86_64-linux-gnu/CMakeFiles/CMakeScratch/TryCompile-UEpYxH/SIZEOF_CURL_OFF_T.c"
Linking C executable cmTC_b05e4
/usr/bin/cmake -E cmake_link_script CMakeFiles/cmTC_b05e4.dir/link.txt --verbose=1
/usr/bin/gcc   -W -Wall -pedantic -Wbad-function-cast -Wconversion -Winline -Wmissing-declarations -Wmissing-prototypes -Wnested-externs -Wno-long-long -Wno-multichar -Wpointer-arith -Wshadow -Wsign-compare -Wundef -Wunused -Wwrite-strings -Wcast-align -Wdeclaration-after-statement -Wempty-body -Wendif-labels -Wfloat-equal -Wignored-qualifiers -Wno-format-nonliteral -Wno-sign-conversion -Wno-system-headers -Wstrict-prototypes -Wtype-limits -Wvla -Wmissing-parameter-type -Wold-style-declaration -Wstrict-aliasing=3 -Wformat=2 -Warray-bounds=2 -ftree-vrp -Wduplicated-cond -Wnull-dereference -fdelete-null-pointer-checks -Wshift-negative-value -Wshift-overflow=2 -Walloc-zero -Wduplicated-branches -Wformat-overflow=2 -Wformat-truncation=1 -Wrestrict -Warith-conversion -Wdouble-promotion -Wenum-conversion -Wunused-const-variable -D_FILE_OFFSET_BITS=64 CMakeFiles/cmTC_b05e4.dir/SIZEOF_CURL_OFF_T.c.o -o cmTC_b05e4 
gmake[1]: Leaving directory '/home/uhuj/skillbox_cpp/learn_cpp_tasks/out/build/GCC 12.2.0 x86_64-linux-gnu/CMakeFiles/CMakeScratch/TryCompile-UEpYxH'



Determining size of curl_socket_t passed with the following output:
Change Dir: /home/uhuj/skillbox_cpp/learn_cpp_tasks/out/build/GCC 12.2.0 x86_64-linux-gnu/CMakeFiles/CMakeScratch/TryCompile-RA1fAe

Run Build Command(s):/usr/bin/gmake -f Makefile cmTC_6e3cc/fast && /usr/bin/gmake  -f CMakeFiles/cmTC_6e3cc.dir/build.make CMakeFiles/cmTC_6e3cc.dir/build
gmake[1]: Entering directory '/home/uhuj/skillbox_cpp/learn_cpp_tasks/out/build/GCC 12.2.0 x86_64-linux-gnu/CMakeFiles/CMakeScratch/TryCompile-RA1fAe'
Building C object CMakeFiles/cmTC_6e3cc.dir/SIZEOF_CURL_SOCKET_T.c.o
/usr/bin/gcc  -I"/home/uhuj/skillbox_cpp/learn_cpp_tasks/out/build/GCC 12.2.0 x86_64-linux-gnu/_deps/curl-src/include" -W -Wall -pedantic -Wbad-function-cast -Wconversion -Winline -Wmissing-declarations -Wmissing-prototypes -Wnested-externs -Wno-long-long -Wno-multichar -Wpointer-arith -Wshadow -Wsign-compare -Wundef -Wunused -Wwrite-strings -Wcast-align -Wdeclaration-after-statement -Wempty-body -Wendif-labels -Wfloat-equal -Wignored-qualifiers -Wno-format-nonliteral -Wno-sign-conversion -Wno-system-headers -Wstrict-prototypes -Wtype-limits -Wvla -Wmissing-parameter-type -Wold-style-declaration -Wstrict-aliasing=3 -Wformat=2 -Warray-bounds=2 -ftree-vrp -Wduplicated-cond -Wnull-dereference -fdelete-null-pointer-checks -Wshift-negative-value -Wshift-overflow=2 -Walloc-zero -Wduplicated-branches -Wformat-overflow=2 -Wformat-truncation=1 -Wrestrict -Warith-conversion -Wdouble-promotion -Wenum-conversion -Wunused-const-variable -D_FILE_OFFSET_BITS=64 -o CMakeFiles/cmTC_6e3cc.dir/SIZEOF_CURL_SOCKET_T.c.o -c "/home/uhuj/skillbox_cpp/learn_cpp_tasks/out/build/GCC 12.2.0 x86_64-linux-gnu/CMakeFiles/CMakeScratch/TryCompile-RA1fAe/SIZEOF_CURL_SOCKET_T.c"
Linking C executable cmTC_6e3cc
/usr/bin/cmake -E cmake_link_script CMakeFiles/cmTC_6e3cc.dir/link.txt --verbose=1
/usr/bin/gcc   -W -Wall -pedantic -Wbad-function-cast -Wconversion -Winline -Wmissing-declarations -Wmissing-prototypes -Wnested-externs -Wno-long-long -Wno-multichar -Wpointer-arith -Wshadow -Wsign-compare -Wundef -Wunused -Wwrite-strings -Wcast-align -Wdeclaration-after-statement -Wempty-body -Wendif-labels -Wfloat-equal -Wignored-qualifiers -Wno-format-nonliteral -Wno-sign-conversion -Wno-system-headers -Wstrict-prototypes -Wtype-limits -Wvla -Wmissing-parameter-type -Wold-style-declaration -Wstrict-aliasing=3 -Wformat=2 -Warray-bounds=2 -ftree-vrp -Wduplicated-cond -Wnull-dereference -fdelete-null-pointer-checks -Wshift-negative-value -Wshift-overflow=2 -Walloc-zero -Wduplicated-branches -Wformat-overflow=2 -Wformat-truncation=1 -Wrestrict -Warith-conversion -Wdouble-promotion -Wenum-conversion -Wunused-const-variable -D_FILE_OFFSET_BITS=64 CMakeFiles/cmTC_6e3cc.dir/SIZEOF_CURL_SOCKET_T.c.o -o cmTC_6e3cc 
gmake[1]: Leaving directory '/home/uhuj/skillbox_cpp/learn_cpp_tasks/out/build/GCC 12.2.0 x86_64-linux-gnu/CMakeFiles/CMakeScratch/TryCompile-RA1fAe'



Performing C SOURCE FILE Test HAVE_WRITABLE_ARGV succeeded with the following compile output:
Change Dir: /home/uhuj/skillbox_cpp/learn_cpp_tasks/out/build/GCC 12.2.0 x86_64-linux-gnu/CMakeFiles/CMakeScratch/TryCompile-FG8WMm

Run Build Command(s):/usr/bin/gmake -f Makefile cmTC_011c9/fast && /usr/bin/gmake  -f CMakeFiles/cmTC_011c9.dir/build.make CMakeFiles/cmTC_011c9.dir/build
gmake[1]: Entering directory '/home/uhuj/skillbox_cpp/learn_cpp_tasks/out/build/GCC 12.2.0 x86_64-linux-gnu/CMakeFiles/CMakeScratch/TryCompile-FG8WMm'
Building C object CMakeFiles/cmTC_011c9.dir/src.c.o
/usr/bin/gcc -DHAVE_WRITABLE_ARGV -I"/home/uhuj/skillbox_cpp/learn_cpp_tasks/out/build/GCC 12.2.0 x86_64-linux-gnu/_deps/curl-src/include" -W -Wall -pedantic -Wbad-function-cast -Wconversion -Winline -Wmissing-declarations -Wmissing-prototypes -Wnested-externs -Wno-long-long -Wno-multichar -Wpointer-arith -Wshadow -Wsign-compare -Wundef -Wunused -Wwrite-strings -Wcast-align -Wdeclaration-after-statement -Wempty-body -Wendif-labels -Wfloat-equal -Wignored-qualifiers -Wno-format-nonliteral -Wno-sign-conversion -Wno-system-headers -Wstrict-prototypes -Wtype-limits -Wvla -Wmissing-parameter-type -Wold-style-declaration -Wstrict-aliasing=3 -Wformat=2 -Warray-bounds=2 -ftree-vrp -Wduplicated-cond -Wnull-dereference -fdelete-null-pointer-checks -Wshift-negative-value -Wshift-overflow=2 -Walloc-zero -Wduplicated-branches -Wformat-overflow=2 -Wformat-truncation=1 -Wrestrict -Warith-conversion -Wdouble-promotion -Wenum-conversion -Wunused-const-variable -D_FILE_OFFSET_BITS=64 -o CMakeFiles/cmTC_011c9.dir/src.c.o -c "/home/uhuj/skillbox_cpp/learn_cpp_tasks/out/build/GCC 12.2.0 x86_64-linux-gnu/CMakeFiles/CMakeScratch/TryCompile-FG8WMm/src.c"
Linking C executable cmTC_011c9
/usr/bin/cmake -E cmake_link_script CMakeFiles/cmTC_011c9.dir/link.txt --verbose=1
/usr/bin/gcc   -W -Wall -pedantic -Wbad-function-cast -Wconversion -Winline -Wmissing-declarations -Wmissing-prototypes -Wnested-externs -Wno-long-long -Wno-multichar -Wpointer-arith -Wshadow -Wsign-compare -Wundef -Wunused -Wwrite-strings -Wcast-align -Wdeclaration-after-statement -Wempty-body -Wendif-labels -Wfloat-equal -Wignored-qualifiers -Wno-format-nonliteral -Wno-sign-conversion -Wno-system-headers -Wstrict-prototypes -Wtype-limits -Wvla -Wmissing-parameter-type -Wold-style-declaration -Wstrict-aliasing=3 -Wformat=2 -Warray-bounds=2 -ftree-vrp -Wduplicated-cond -Wnull-dereference -fdelete-null-pointer-checks -Wshift-negative-value -Wshift-overflow=2 -Walloc-zero -Wduplicated-branches -Wformat-overflow=2 -Wformat-truncation=1 -Wrestrict -Warith-conversion -Wdouble-promotion -Wenum-conversion -Wunused-const-variable -D_FILE_OFFSET_BITS=64 CMakeFiles/cmTC_011c9.dir/src.c.o -o cmTC_011c9 
gmake[1]: Leaving directory '/home/uhuj/skillbox_cpp/learn_cpp_tasks/out/build/GCC 12.2.0 x86_64-linux-gnu/CMakeFiles/CMakeScratch/TryCompile-FG8WMm'


...and run output:

Return value: 1
Source file was:

    int main(int argc, char **argv)
    {
      (void)argc;
      argv[0][0] = ' ';
      return (argv[0][0] == ' ')?0:1;
    }

Performing Curl Test HAVE_POSIX_STRERROR_R passed with the following output:
Change Dir: /home/uhuj/skillbox_cpp/learn_cpp_tasks/out/build/GCC 12.2.0 x86_64-linux-gnu/CMakeFiles/CMakeTmp

Run Build Command(s):/usr/bin/gmake -f Makefile cmTC_97db5/fast && /usr/bin/gmake  -f CMakeFiles/cmTC_97db5.dir/build.make CMakeFiles/cmTC_97db5.dir/build
gmake[1]: Entering directory '/home/uhuj/skillbox_cpp/learn_cpp_tasks/out/build/GCC 12.2.0 x86_64-linux-gnu/CMakeFiles/CMakeTmp'
Building C object CMakeFiles/cmTC_97db5.dir/CurlTests.c.o
/usr/bin/gcc   -W -Wall -pedantic -Wbad-function-cast -Wconversion -Winline -Wmissing-declarations -Wmissing-prototypes -Wnested-externs -Wno-long-long -Wno-multichar -Wpointer-arith -Wshadow -Wsign-compare -Wundef -Wunused -Wwrite-strings -Wcast-align -Wdeclaration-after-statement -Wempty-body -Wendif-labels -Wfloat-equal -Wignored-qualifiers -Wno-format-nonliteral -Wno-sign-conversion -Wno-system-headers -Wstrict-prototypes -Wtype-limits -Wvla -Wmissing-parameter-type -Wold-style-declaration -Wstrict-aliasing=3 -Wformat=2 -Warray-bounds=2 -ftree-vrp -Wduplicated-cond -Wnull-dereference -fdelete-null-pointer-checks -Wshift-negative-value -Wshift-overflow=2 -Walloc-zero -Wduplicated-branches -Wformat-overflow=2 -Wformat-truncation=1 -Wrestrict -Warith-conversion -Wdouble-promotion -Wenum-conversion -Wunused-const-variable -DHAVE_POSIX_STRERROR_R  -DHAVE_INTTYPES_H -DHAVE_SYS_WAIT_H -DHAVE_SYS_IOCTL_H -DHAVE_SYS_PARAM_H -DHAVE_SYS_POLL_H -DHAVE_SYS_RESOURCE_H -DHAVE_SYS_SELECT_H -DHAVE_SYS_SOCKET_H -DHAVE_SYS_STAT_H -DHAVE_SYS_TIME_H -DHAVE_SYS_TYPES_H -DHAVE_SYS_UN_H -DHAVE_SYS_XATTR_H -DHAVE_ARPA_INET_H -DHAVE_FCNTL_H -DHAVE_IFADDRS_H -DHAVE_LIBGEN_H -DHAVE_LOCALE_H -DHAVE_NET_IF_H -DHAVE_NETDB_H -DHAVE_NETINET_IN_H -DHAVE_NETINET_TCP_H -DHAVE_NETINET_UDP_H -DHAVE_POLL_H -DHAVE_PWD_H -DHAVE_STDATOMIC_H -DHAVE_STDBOOL_H -DHAVE_STDINT_H -DHAVE_STRINGS_H -DHAVE_TERMIO_H -DHAVE_TERMIOS_H -DHAVE_UNISTD_H -DHAVE_UTIME_H -o CMakeFiles/cmTC_97db5.dir/CurlTests.c.o -c "/home/uhuj/skillbox_cpp/learn_cpp_tasks/out/build/GCC 12.2.0 x86_64-linux-gnu/_deps/curl-src/CMake/CurlTests.c"
/home/uhuj/skillbox_cpp/learn_cpp_tasks/out/build/GCC 12.2.0 x86_64-linux-gnu/_deps/curl-src/CMake/CurlTests.c:392:6: warning: no previous prototype for ‘check’ [-Wmissing-prototypes]
  392 | void check(float f) {}
      |      ^~~~~
/home/uhuj/skillbox_cpp/learn_cpp_tasks/out/build/GCC 12.2.0 x86_64-linux-gnu/_deps/curl-src/CMake/CurlTests.c: In function ‘check’:
/home/uhuj/skillbox_cpp/learn_cpp_tasks/out/build/GCC 12.2.0 x86_64-linux-gnu/_deps/curl-src/CMake/CurlTests.c:392:18: warning: unused parameter ‘f’ [-Wunused-parameter]
  392 | void check(float f) {}
      |            ~~~~~~^
/home/uhuj/skillbox_cpp/learn_cpp_tasks/out/build/GCC 12.2.0 x86_64-linux-gnu/_deps/curl-src/CMake/CurlTests.c: At top level:
/home/uhuj/skillbox_cpp/learn_cpp_tasks/out/build/GCC 12.2.0 x86_64-linux-gnu/_deps/curl-src/CMake/CurlTests.c:395:1: warning: function declaration isn’t a prototype [-Wstrict-prototypes]
  395 | main () {
      | ^~~~
/home/uhuj/skillbox_cpp/learn_cpp_tasks/out/build/GCC 12.2.0 x86_64-linux-gnu/_deps/curl-src/CMake/CurlTests.c: In function ‘main’:
/home/uhuj/skillbox_cpp/learn_cpp_tasks/out/build/GCC 12.2.0 x86_64-linux-gnu/_deps/curl-src/CMake/CurlTests.c:398:9: warning: conversion from ‘int’ to ‘float’ may change value [-Wconversion]
  398 |   check(strerror_r(EACCES, buffer, sizeof(buffer)));
      |         ^~~~~~~~~~~~~~~~~~~~~~~~~~~~~~~~~~~~~~~~~~
Linking C executable cmTC_97db5
/usr/bin/cmake -E cmake_link_script CMakeFiles/cmTC_97db5.dir/link.txt --verbose=1
/usr/bin/gcc   -W -Wall -pedantic -Wbad-function-cast -Wconversion -Winline -Wmissing-declarations -Wmissing-prototypes -Wnested-externs -Wno-long-long -Wno-multichar -Wpointer-arith -Wshadow -Wsign-compare -Wundef -Wunused -Wwrite-strings -Wcast-align -Wdeclaration-after-statement -Wempty-body -Wendif-labels -Wfloat-equal -Wignored-qualifiers -Wno-format-nonliteral -Wno-sign-conversion -Wno-system-headers -Wstrict-prototypes -Wtype-limits -Wvla -Wmissing-parameter-type -Wold-style-declaration -Wstrict-aliasing=3 -Wformat=2 -Warray-bounds=2 -ftree-vrp -Wduplicated-cond -Wnull-dereference -fdelete-null-pointer-checks -Wshift-negative-value -Wshift-overflow=2 -Walloc-zero -Wduplicated-branches -Wformat-overflow=2 -Wformat-truncation=1 -Wrestrict -Warith-conversion -Wdouble-promotion -Wenum-conversion -Wunused-const-variable -DHAVE_POSIX_STRERROR_R  -DHAVE_INTTYPES_H -DHAVE_SYS_WAIT_H -DHAVE_SYS_IOCTL_H -DHAVE_SYS_PARAM_H -DHAVE_SYS_POLL_H -DHAVE_SYS_RESOURCE_H -DHAVE_SYS_SELECT_H -DHAVE_SYS_SOCKET_H -DHAVE_SYS_STAT_H -DHAVE_SYS_TIME_H -DHAVE_SYS_TYPES_H -DHAVE_SYS_UN_H -DHAVE_SYS_XATTR_H -DHAVE_ARPA_INET_H -DHAVE_FCNTL_H -DHAVE_IFADDRS_H -DHAVE_LIBGEN_H -DHAVE_LOCALE_H -DHAVE_NET_IF_H -DHAVE_NETDB_H -DHAVE_NETINET_IN_H -DHAVE_NETINET_TCP_H -DHAVE_NETINET_UDP_H -DHAVE_POLL_H -DHAVE_PWD_H -DHAVE_STDATOMIC_H -DHAVE_STDBOOL_H -DHAVE_STDINT_H -DHAVE_STRINGS_H -DHAVE_TERMIO_H -DHAVE_TERMIOS_H -DHAVE_UNISTD_H -DHAVE_UTIME_H CMakeFiles/cmTC_97db5.dir/CurlTests.c.o -o cmTC_97db5 
gmake[1]: Leaving directory '/home/uhuj/skillbox_cpp/learn_cpp_tasks/out/build/GCC 12.2.0 x86_64-linux-gnu/CMakeFiles/CMakeTmp'


Performing Curl Test HAVE_CLOCK_GETTIME_MONOTONIC passed with the following output:
Change Dir: /home/uhuj/skillbox_cpp/learn_cpp_tasks/out/build/GCC 12.2.0 x86_64-linux-gnu/CMakeFiles/CMakeTmp

Run Build Command(s):/usr/bin/gmake -f Makefile cmTC_97750/fast && /usr/bin/gmake  -f CMakeFiles/cmTC_97750.dir/build.make CMakeFiles/cmTC_97750.dir/build
gmake[1]: Entering directory '/home/uhuj/skillbox_cpp/learn_cpp_tasks/out/build/GCC 12.2.0 x86_64-linux-gnu/CMakeFiles/CMakeTmp'
Building C object CMakeFiles/cmTC_97750.dir/CurlTests.c.o
/usr/bin/gcc   -W -Wall -pedantic -Wbad-function-cast -Wconversion -Winline -Wmissing-declarations -Wmissing-prototypes -Wnested-externs -Wno-long-long -Wno-multichar -Wpointer-arith -Wshadow -Wsign-compare -Wundef -Wunused -Wwrite-strings -Wcast-align -Wdeclaration-after-statement -Wempty-body -Wendif-labels -Wfloat-equal -Wignored-qualifiers -Wno-format-nonliteral -Wno-sign-conversion -Wno-system-headers -Wstrict-prototypes -Wtype-limits -Wvla -Wmissing-parameter-type -Wold-style-declaration -Wstrict-aliasing=3 -Wformat=2 -Warray-bounds=2 -ftree-vrp -Wduplicated-cond -Wnull-dereference -fdelete-null-pointer-checks -Wshift-negative-value -Wshift-overflow=2 -Walloc-zero -Wduplicated-branches -Wformat-overflow=2 -Wformat-truncation=1 -Wrestrict -Warith-conversion -Wdouble-promotion -Wenum-conversion -Wunused-const-variable -DHAVE_CLOCK_GETTIME_MONOTONIC  -DHAVE_INTTYPES_H -DHAVE_SYS_WAIT_H -DHAVE_SYS_IOCTL_H -DHAVE_SYS_PARAM_H -DHAVE_SYS_POLL_H -DHAVE_SYS_RESOURCE_H -DHAVE_SYS_SELECT_H -DHAVE_SYS_SOCKET_H -DHAVE_SYS_STAT_H -DHAVE_SYS_TIME_H -DHAVE_SYS_TYPES_H -DHAVE_SYS_UN_H -DHAVE_SYS_XATTR_H -DHAVE_ARPA_INET_H -DHAVE_FCNTL_H -DHAVE_IFADDRS_H -DHAVE_LIBGEN_H -DHAVE_LOCALE_H -DHAVE_NET_IF_H -DHAVE_NETDB_H -DHAVE_NETINET_IN_H -DHAVE_NETINET_TCP_H -DHAVE_NETINET_UDP_H -DHAVE_POLL_H -DHAVE_PWD_H -DHAVE_STDATOMIC_H -DHAVE_STDBOOL_H -DHAVE_STDINT_H -DHAVE_STRINGS_H -DHAVE_TERMIO_H -DHAVE_TERMIOS_H -DHAVE_UNISTD_H -DHAVE_UTIME_H -o CMakeFiles/cmTC_97750.dir/CurlTests.c.o -c "/home/uhuj/skillbox_cpp/learn_cpp_tasks/out/build/GCC 12.2.0 x86_64-linux-gnu/_deps/curl-src/CMake/CurlTests.c"
/home/uhuj/skillbox_cpp/learn_cpp_tasks/out/build/GCC 12.2.0 x86_64-linux-gnu/_deps/curl-src/CMake/CurlTests.c:421:1: warning: function declaration isn’t a prototype [-Wstrict-prototypes]
  421 | main() {
      | ^~~~
Linking C executable cmTC_97750
/usr/bin/cmake -E cmake_link_script CMakeFiles/cmTC_97750.dir/link.txt --verbose=1
/usr/bin/gcc   -W -Wall -pedantic -Wbad-function-cast -Wconversion -Winline -Wmissing-declarations -Wmissing-prototypes -Wnested-externs -Wno-long-long -Wno-multichar -Wpointer-arith -Wshadow -Wsign-compare -Wundef -Wunused -Wwrite-strings -Wcast-align -Wdeclaration-after-statement -Wempty-body -Wendif-labels -Wfloat-equal -Wignored-qualifiers -Wno-format-nonliteral -Wno-sign-conversion -Wno-system-headers -Wstrict-prototypes -Wtype-limits -Wvla -Wmissing-parameter-type -Wold-style-declaration -Wstrict-aliasing=3 -Wformat=2 -Warray-bounds=2 -ftree-vrp -Wduplicated-cond -Wnull-dereference -fdelete-null-pointer-checks -Wshift-negative-value -Wshift-overflow=2 -Walloc-zero -Wduplicated-branches -Wformat-overflow=2 -Wformat-truncation=1 -Wrestrict -Warith-conversion -Wdouble-promotion -Wenum-conversion -Wunused-const-variable -DHAVE_CLOCK_GETTIME_MONOTONIC  -DHAVE_INTTYPES_H -DHAVE_SYS_WAIT_H -DHAVE_SYS_IOCTL_H -DHAVE_SYS_PARAM_H -DHAVE_SYS_POLL_H -DHAVE_SYS_RESOURCE_H -DHAVE_SYS_SELECT_H -DHAVE_SYS_SOCKET_H -DHAVE_SYS_STAT_H -DHAVE_SYS_TIME_H -DHAVE_SYS_TYPES_H -DHAVE_SYS_UN_H -DHAVE_SYS_XATTR_H -DHAVE_ARPA_INET_H -DHAVE_FCNTL_H -DHAVE_IFADDRS_H -DHAVE_LIBGEN_H -DHAVE_LOCALE_H -DHAVE_NET_IF_H -DHAVE_NETDB_H -DHAVE_NETINET_IN_H -DHAVE_NETINET_TCP_H -DHAVE_NETINET_UDP_H -DHAVE_POLL_H -DHAVE_PWD_H -DHAVE_STDATOMIC_H -DHAVE_STDBOOL_H -DHAVE_STDINT_H -DHAVE_STRINGS_H -DHAVE_TERMIO_H -DHAVE_TERMIOS_H -DHAVE_UNISTD_H -DHAVE_UTIME_H CMakeFiles/cmTC_97750.dir/CurlTests.c.o -o cmTC_97750 
gmake[1]: Leaving directory '/home/uhuj/skillbox_cpp/learn_cpp_tasks/out/build/GCC 12.2.0 x86_64-linux-gnu/CMakeFiles/CMakeTmp'


Performing C SOURCE FILE Test HAVE_MSG_NOSIGNAL succeeded with the following output:
Change Dir: /home/uhuj/skillbox_cpp/learn_cpp_tasks/out/build/GCC 12.2.0 x86_64-linux-gnu/CMakeFiles/CMakeScratch/TryCompile-xN7QaV

Run Build Command(s):/usr/bin/gmake -f Makefile cmTC_7af5a/fast && /usr/bin/gmake  -f CMakeFiles/cmTC_7af5a.dir/build.make CMakeFiles/cmTC_7af5a.dir/build
gmake[1]: Entering directory '/home/uhuj/skillbox_cpp/learn_cpp_tasks/out/build/GCC 12.2.0 x86_64-linux-gnu/CMakeFiles/CMakeScratch/TryCompile-xN7QaV'
Building C object CMakeFiles/cmTC_7af5a.dir/src.c.o
/usr/bin/gcc -DHAVE_MSG_NOSIGNAL -I"/home/uhuj/skillbox_cpp/learn_cpp_tasks/out/build/GCC 12.2.0 x86_64-linux-gnu/_deps/curl-src/include" -W -Wall -pedantic -Wbad-function-cast -Wconversion -Winline -Wmissing-declarations -Wmissing-prototypes -Wnested-externs -Wno-long-long -Wno-multichar -Wpointer-arith -Wshadow -Wsign-compare -Wundef -Wunused -Wwrite-strings -Wcast-align -Wdeclaration-after-statement -Wempty-body -Wendif-labels -Wfloat-equal -Wignored-qualifiers -Wno-format-nonliteral -Wno-sign-conversion -Wno-system-headers -Wstrict-prototypes -Wtype-limits -Wvla -Wmissing-parameter-type -Wold-style-declaration -Wstrict-aliasing=3 -Wformat=2 -Warray-bounds=2 -ftree-vrp -Wduplicated-cond -Wnull-dereference -fdelete-null-pointer-checks -Wshift-negative-value -Wshift-overflow=2 -Walloc-zero -Wduplicated-branches -Wformat-overflow=2 -Wformat-truncation=1 -Wrestrict -Warith-conversion -Wdouble-promotion -Wenum-conversion -Wunused-const-variable  -o CMakeFiles/cmTC_7af5a.dir/src.c.o -c "/home/uhuj/skillbox_cpp/learn_cpp_tasks/out/build/GCC 12.2.0 x86_64-linux-gnu/CMakeFiles/CMakeScratch/TryCompile-xN7QaV/src.c"
Linking C static library libcmTC_7af5a.a
/usr/bin/cmake -P CMakeFiles/cmTC_7af5a.dir/cmake_clean_target.cmake
/usr/bin/cmake -E cmake_link_script CMakeFiles/cmTC_7af5a.dir/link.txt --verbose=1
/usr/bin/ar qc libcmTC_7af5a.a CMakeFiles/cmTC_7af5a.dir/src.c.o
/usr/bin/ranlib libcmTC_7af5a.a
gmake[1]: Leaving directory '/home/uhuj/skillbox_cpp/learn_cpp_tasks/out/build/GCC 12.2.0 x86_64-linux-gnu/CMakeFiles/CMakeScratch/TryCompile-xN7QaV'


Source file was:
#undef inline
#include <sys/types.h>
#include <sys/socket.h>
  int main(void) {
    int flag = MSG_NOSIGNAL;
    (void)flag;
    return 0;
  }

Performing C SOURCE FILE Test HAVE_STRUCT_TIMEVAL succeeded with the following output:
Change Dir: /home/uhuj/skillbox_cpp/learn_cpp_tasks/out/build/GCC 12.2.0 x86_64-linux-gnu/CMakeFiles/CMakeScratch/TryCompile-qFuJyO

Run Build Command(s):/usr/bin/gmake -f Makefile cmTC_8cea7/fast && /usr/bin/gmake  -f CMakeFiles/cmTC_8cea7.dir/build.make CMakeFiles/cmTC_8cea7.dir/build
gmake[1]: Entering directory '/home/uhuj/skillbox_cpp/learn_cpp_tasks/out/build/GCC 12.2.0 x86_64-linux-gnu/CMakeFiles/CMakeScratch/TryCompile-qFuJyO'
Building C object CMakeFiles/cmTC_8cea7.dir/src.c.o
/usr/bin/gcc -DHAVE_STRUCT_TIMEVAL -I"/home/uhuj/skillbox_cpp/learn_cpp_tasks/out/build/GCC 12.2.0 x86_64-linux-gnu/_deps/curl-src/include" -W -Wall -pedantic -Wbad-function-cast -Wconversion -Winline -Wmissing-declarations -Wmissing-prototypes -Wnested-externs -Wno-long-long -Wno-multichar -Wpointer-arith -Wshadow -Wsign-compare -Wundef -Wunused -Wwrite-strings -Wcast-align -Wdeclaration-after-statement -Wempty-body -Wendif-labels -Wfloat-equal -Wignored-qualifiers -Wno-format-nonliteral -Wno-sign-conversion -Wno-system-headers -Wstrict-prototypes -Wtype-limits -Wvla -Wmissing-parameter-type -Wold-style-declaration -Wstrict-aliasing=3 -Wformat=2 -Warray-bounds=2 -ftree-vrp -Wduplicated-cond -Wnull-dereference -fdelete-null-pointer-checks -Wshift-negative-value -Wshift-overflow=2 -Walloc-zero -Wduplicated-branches -Wformat-overflow=2 -Wformat-truncation=1 -Wrestrict -Warith-conversion -Wdouble-promotion -Wenum-conversion -Wunused-const-variable  -o CMakeFiles/cmTC_8cea7.dir/src.c.o -c "/home/uhuj/skillbox_cpp/learn_cpp_tasks/out/build/GCC 12.2.0 x86_64-linux-gnu/CMakeFiles/CMakeScratch/TryCompile-qFuJyO/src.c"
Linking C static library libcmTC_8cea7.a
/usr/bin/cmake -P CMakeFiles/cmTC_8cea7.dir/cmake_clean_target.cmake
/usr/bin/cmake -E cmake_link_script CMakeFiles/cmTC_8cea7.dir/link.txt --verbose=1
/usr/bin/ar qc libcmTC_8cea7.a CMakeFiles/cmTC_8cea7.dir/src.c.o
/usr/bin/ranlib libcmTC_8cea7.a
gmake[1]: Leaving directory '/home/uhuj/skillbox_cpp/learn_cpp_tasks/out/build/GCC 12.2.0 x86_64-linux-gnu/CMakeFiles/CMakeScratch/TryCompile-qFuJyO'


Source file was:
#undef inline
#include <sys/types.h>
#include <sys/socket.h>
#include <sys/time.h>
#include <time.h>
int main(void) {
  struct timeval ts;
  ts.tv_sec  = 0;
  ts.tv_usec = 0;
  (void)ts;
  return 0;
}

Determining size of struct sockaddr_storage passed with the following output:
Change Dir: /home/uhuj/skillbox_cpp/learn_cpp_tasks/out/build/GCC 12.2.0 x86_64-linux-gnu/CMakeFiles/CMakeScratch/TryCompile-aMrk25

Run Build Command(s):/usr/bin/gmake -f Makefile cmTC_97c05/fast && /usr/bin/gmake  -f CMakeFiles/cmTC_97c05.dir/build.make CMakeFiles/cmTC_97c05.dir/build
gmake[1]: Entering directory '/home/uhuj/skillbox_cpp/learn_cpp_tasks/out/build/GCC 12.2.0 x86_64-linux-gnu/CMakeFiles/CMakeScratch/TryCompile-aMrk25'
Building C object CMakeFiles/cmTC_97c05.dir/SIZEOF_STRUCT_SOCKADDR_STORAGE.c.o
/usr/bin/gcc  -I"/home/uhuj/skillbox_cpp/learn_cpp_tasks/out/build/GCC 12.2.0 x86_64-linux-gnu/_deps/curl-src/include" -W -Wall -pedantic -Wbad-function-cast -Wconversion -Winline -Wmissing-declarations -Wmissing-prototypes -Wnested-externs -Wno-long-long -Wno-multichar -Wpointer-arith -Wshadow -Wsign-compare -Wundef -Wunused -Wwrite-strings -Wcast-align -Wdeclaration-after-statement -Wempty-body -Wendif-labels -Wfloat-equal -Wignored-qualifiers -Wno-format-nonliteral -Wno-sign-conversion -Wno-system-headers -Wstrict-prototypes -Wtype-limits -Wvla -Wmissing-parameter-type -Wold-style-declaration -Wstrict-aliasing=3 -Wformat=2 -Warray-bounds=2 -ftree-vrp -Wduplicated-cond -Wnull-dereference -fdelete-null-pointer-checks -Wshift-negative-value -Wshift-overflow=2 -Walloc-zero -Wduplicated-branches -Wformat-overflow=2 -Wformat-truncation=1 -Wrestrict -Warith-conversion -Wdouble-promotion -Wenum-conversion -Wunused-const-variable  -o CMakeFiles/cmTC_97c05.dir/SIZEOF_STRUCT_SOCKADDR_STORAGE.c.o -c "/home/uhuj/skillbox_cpp/learn_cpp_tasks/out/build/GCC 12.2.0 x86_64-linux-gnu/CMakeFiles/CMakeScratch/TryCompile-aMrk25/SIZEOF_STRUCT_SOCKADDR_STORAGE.c"
Linking C static library libcmTC_97c05.a
/usr/bin/cmake -P CMakeFiles/cmTC_97c05.dir/cmake_clean_target.cmake
/usr/bin/cmake -E cmake_link_script CMakeFiles/cmTC_97c05.dir/link.txt --verbose=1
/usr/bin/ar qc libcmTC_97c05.a CMakeFiles/cmTC_97c05.dir/SIZEOF_STRUCT_SOCKADDR_STORAGE.c.o
/usr/bin/ranlib libcmTC_97c05.a
gmake[1]: Leaving directory '/home/uhuj/skillbox_cpp/learn_cpp_tasks/out/build/GCC 12.2.0 x86_64-linux-gnu/CMakeFiles/CMakeScratch/TryCompile-aMrk25'



Performing C SOURCE FILE Test HAVE_POLL_FINE succeeded with the following compile output:
Change Dir: /home/uhuj/skillbox_cpp/learn_cpp_tasks/out/build/GCC 12.2.0 x86_64-linux-gnu/CMakeFiles/CMakeScratch/TryCompile-bgJbB5

Run Build Command(s):/usr/bin/gmake -f Makefile cmTC_c85ff/fast && /usr/bin/gmake  -f CMakeFiles/cmTC_c85ff.dir/build.make CMakeFiles/cmTC_c85ff.dir/build
gmake[1]: Entering directory '/home/uhuj/skillbox_cpp/learn_cpp_tasks/out/build/GCC 12.2.0 x86_64-linux-gnu/CMakeFiles/CMakeScratch/TryCompile-bgJbB5'
Building C object CMakeFiles/cmTC_c85ff.dir/src.c.o
/usr/bin/gcc -DHAVE_POLL_FINE -I"/home/uhuj/skillbox_cpp/learn_cpp_tasks/out/build/GCC 12.2.0 x86_64-linux-gnu/_deps/curl-src/include" -W -Wall -pedantic -Wbad-function-cast -Wconversion -Winline -Wmissing-declarations -Wmissing-prototypes -Wnested-externs -Wno-long-long -Wno-multichar -Wpointer-arith -Wshadow -Wsign-compare -Wundef -Wunused -Wwrite-strings -Wcast-align -Wdeclaration-after-statement -Wempty-body -Wendif-labels -Wfloat-equal -Wignored-qualifiers -Wno-format-nonliteral -Wno-sign-conversion -Wno-system-headers -Wstrict-prototypes -Wtype-limits -Wvla -Wmissing-parameter-type -Wold-style-declaration -Wstrict-aliasing=3 -Wformat=2 -Warray-bounds=2 -ftree-vrp -Wduplicated-cond -Wnull-dereference -fdelete-null-pointer-checks -Wshift-negative-value -Wshift-overflow=2 -Walloc-zero -Wduplicated-branches -Wformat-overflow=2 -Wformat-truncation=1 -Wrestrict -Warith-conversion -Wdouble-promotion -Wenum-conversion -Wunused-const-variable -DHAVE_SYS_POLL_H -o CMakeFiles/cmTC_c85ff.dir/src.c.o -c "/home/uhuj/skillbox_cpp/learn_cpp_tasks/out/build/GCC 12.2.0 x86_64-linux-gnu/CMakeFiles/CMakeScratch/TryCompile-bgJbB5/src.c"
/home/uhuj/skillbox_cpp/learn_cpp_tasks/out/build/GCC 12.2.0 x86_64-linux-gnu/CMakeFiles/CMakeScratch/TryCompile-bgJbB5/src.c: In function ‘main’:
/home/uhuj/skillbox_cpp/learn_cpp_tasks/out/build/GCC 12.2.0 x86_64-linux-gnu/CMakeFiles/CMakeScratch/TryCompile-bgJbB5/src.c:19:17: warning: variable ‘rc’ set but not used [-Wunused-but-set-variable]
   19 |             int rc;
      |                 ^~
Linking C executable cmTC_c85ff
/usr/bin/cmake -E cmake_link_script CMakeFiles/cmTC_c85ff.dir/link.txt --verbose=1
/usr/bin/gcc   -W -Wall -pedantic -Wbad-function-cast -Wconversion -Winline -Wmissing-declarations -Wmissing-prototypes -Wnested-externs -Wno-long-long -Wno-multichar -Wpointer-arith -Wshadow -Wsign-compare -Wundef -Wunused -Wwrite-strings -Wcast-align -Wdeclaration-after-statement -Wempty-body -Wendif-labels -Wfloat-equal -Wignored-qualifiers -Wno-format-nonliteral -Wno-sign-conversion -Wno-system-headers -Wstrict-prototypes -Wtype-limits -Wvla -Wmissing-parameter-type -Wold-style-declaration -Wstrict-aliasing=3 -Wformat=2 -Warray-bounds=2 -ftree-vrp -Wduplicated-cond -Wnull-dereference -fdelete-null-pointer-checks -Wshift-negative-value -Wshift-overflow=2 -Walloc-zero -Wduplicated-branches -Wformat-overflow=2 -Wformat-truncation=1 -Wrestrict -Warith-conversion -Wdouble-promotion -Wenum-conversion -Wunused-const-variable -DHAVE_SYS_POLL_H CMakeFiles/cmTC_c85ff.dir/src.c.o -o cmTC_c85ff 
gmake[1]: Leaving directory '/home/uhuj/skillbox_cpp/learn_cpp_tasks/out/build/GCC 12.2.0 x86_64-linux-gnu/CMakeFiles/CMakeScratch/TryCompile-bgJbB5'


...and run output:

Return value: 1
Source file was:

      #include <stdlib.h>
      #include <sys/time.h>

      #ifdef HAVE_SYS_POLL_H
      #  include <sys/poll.h>
      #elif  HAVE_POLL_H
      #  include <poll.h>
      #endif

      int main(void)
      {
          if(0 != poll(0, 0, 10)) {
            return 1; /* fail */
          }
          else {
            /* detect the 10.12 poll() breakage */
            struct timeval before, after;
            int rc;
            size_t us;

            gettimeofday(&before, NULL);
            rc = poll(NULL, 0, 500);
            gettimeofday(&after, NULL);

            us = (after.tv_sec - before.tv_sec) * 1000000 +
              (after.tv_usec - before.tv_usec);

            if(us < 400000) {
              return 1;
            }
          }
          return 0;
    }

Performing C SOURCE FILE Test HAVE_H_ERRNO succeeded with the following output:
Change Dir: /home/uhuj/skillbox_cpp/learn_cpp_tasks/out/build/GCC 12.2.0 x86_64-linux-gnu/CMakeFiles/CMakeScratch/TryCompile-bKMsk7

Run Build Command(s):/usr/bin/gmake -f Makefile cmTC_b968c/fast && /usr/bin/gmake  -f CMakeFiles/cmTC_b968c.dir/build.make CMakeFiles/cmTC_b968c.dir/build
gmake[1]: Entering directory '/home/uhuj/skillbox_cpp/learn_cpp_tasks/out/build/GCC 12.2.0 x86_64-linux-gnu/CMakeFiles/CMakeScratch/TryCompile-bKMsk7'
Building C object CMakeFiles/cmTC_b968c.dir/src.c.o
/usr/bin/gcc -DHAVE_H_ERRNO -I"/home/uhuj/skillbox_cpp/learn_cpp_tasks/out/build/GCC 12.2.0 x86_64-linux-gnu/_deps/curl-src/include" -W -Wall -pedantic -Wbad-function-cast -Wconversion -Winline -Wmissing-declarations -Wmissing-prototypes -Wnested-externs -Wno-long-long -Wno-multichar -Wpointer-arith -Wshadow -Wsign-compare -Wundef -Wunused -Wwrite-strings -Wcast-align -Wdeclaration-after-statement -Wempty-body -Wendif-labels -Wfloat-equal -Wignored-qualifiers -Wno-format-nonliteral -Wno-sign-conversion -Wno-system-headers -Wstrict-prototypes -Wtype-limits -Wvla -Wmissing-parameter-type -Wold-style-declaration -Wstrict-aliasing=3 -Wformat=2 -Warray-bounds=2 -ftree-vrp -Wduplicated-cond -Wnull-dereference -fdelete-null-pointer-checks -Wshift-negative-value -Wshift-overflow=2 -Walloc-zero -Wduplicated-branches -Wformat-overflow=2 -Wformat-truncation=1 -Wrestrict -Warith-conversion -Wdouble-promotion -Wenum-conversion -Wunused-const-variable -DHAVE_SYS_POLL_H -o CMakeFiles/cmTC_b968c.dir/src.c.o -c "/home/uhuj/skillbox_cpp/learn_cpp_tasks/out/build/GCC 12.2.0 x86_64-linux-gnu/CMakeFiles/CMakeScratch/TryCompile-bKMsk7/src.c"
Linking C executable cmTC_b968c
/usr/bin/cmake -E cmake_link_script CMakeFiles/cmTC_b968c.dir/link.txt --verbose=1
/usr/bin/gcc   -W -Wall -pedantic -Wbad-function-cast -Wconversion -Winline -Wmissing-declarations -Wmissing-prototypes -Wnested-externs -Wno-long-long -Wno-multichar -Wpointer-arith -Wshadow -Wsign-compare -Wundef -Wunused -Wwrite-strings -Wcast-align -Wdeclaration-after-statement -Wempty-body -Wendif-labels -Wfloat-equal -Wignored-qualifiers -Wno-format-nonliteral -Wno-sign-conversion -Wno-system-headers -Wstrict-prototypes -Wtype-limits -Wvla -Wmissing-parameter-type -Wold-style-declaration -Wstrict-aliasing=3 -Wformat=2 -Warray-bounds=2 -ftree-vrp -Wduplicated-cond -Wnull-dereference -fdelete-null-pointer-checks -Wshift-negative-value -Wshift-overflow=2 -Walloc-zero -Wduplicated-branches -Wformat-overflow=2 -Wformat-truncation=1 -Wrestrict -Warith-conversion -Wdouble-promotion -Wenum-conversion -Wunused-const-variable -DHAVE_SYS_POLL_H CMakeFiles/cmTC_b968c.dir/src.c.o -o cmTC_b968c 
gmake[1]: Leaving directory '/home/uhuj/skillbox_cpp/learn_cpp_tasks/out/build/GCC 12.2.0 x86_64-linux-gnu/CMakeFiles/CMakeScratch/TryCompile-bKMsk7'


Source file was:
#undef inline
#include <sys/socket.h>
#include <sys/time.h>
#include <netdb.h>
    int main(void)
    {
    #ifdef h_errno
      return 0;
    #else
      force compilation error
    #endif
    }

Performing C SOURCE FILE Test HAVE_CLOCK_GETTIME_MONOTONIC_RAW succeeded with the following output:
Change Dir: /home/uhuj/skillbox_cpp/learn_cpp_tasks/out/build/GCC 12.2.0 x86_64-linux-gnu/CMakeFiles/CMakeScratch/TryCompile-I3tSJz

Run Build Command(s):/usr/bin/gmake -f Makefile cmTC_37e9c/fast && /usr/bin/gmake  -f CMakeFiles/cmTC_37e9c.dir/build.make CMakeFiles/cmTC_37e9c.dir/build
gmake[1]: Entering directory '/home/uhuj/skillbox_cpp/learn_cpp_tasks/out/build/GCC 12.2.0 x86_64-linux-gnu/CMakeFiles/CMakeScratch/TryCompile-I3tSJz'
Building C object CMakeFiles/cmTC_37e9c.dir/src.c.o
/usr/bin/gcc -DHAVE_CLOCK_GETTIME_MONOTONIC_RAW -I"/home/uhuj/skillbox_cpp/learn_cpp_tasks/out/build/GCC 12.2.0 x86_64-linux-gnu/_deps/curl-src/include" -W -Wall -pedantic -Wbad-function-cast -Wconversion -Winline -Wmissing-declarations -Wmissing-prototypes -Wnested-externs -Wno-long-long -Wno-multichar -Wpointer-arith -Wshadow -Wsign-compare -Wundef -Wunused -Wwrite-strings -Wcast-align -Wdeclaration-after-statement -Wempty-body -Wendif-labels -Wfloat-equal -Wignored-qualifiers -Wno-format-nonliteral -Wno-sign-conversion -Wno-system-headers -Wstrict-prototypes -Wtype-limits -Wvla -Wmissing-parameter-type -Wold-style-declaration -Wstrict-aliasing=3 -Wformat=2 -Warray-bounds=2 -ftree-vrp -Wduplicated-cond -Wnull-dereference -fdelete-null-pointer-checks -Wshift-negative-value -Wshift-overflow=2 -Walloc-zero -Wduplicated-branches -Wformat-overflow=2 -Wformat-truncation=1 -Wrestrict -Warith-conversion -Wdouble-promotion -Wenum-conversion -Wunused-const-variable -DHAVE_SYS_POLL_H -o CMakeFiles/cmTC_37e9c.dir/src.c.o -c "/home/uhuj/skillbox_cpp/learn_cpp_tasks/out/build/GCC 12.2.0 x86_64-linux-gnu/CMakeFiles/CMakeScratch/TryCompile-I3tSJz/src.c"
Linking C executable cmTC_37e9c
/usr/bin/cmake -E cmake_link_script CMakeFiles/cmTC_37e9c.dir/link.txt --verbose=1
/usr/bin/gcc   -W -Wall -pedantic -Wbad-function-cast -Wconversion -Winline -Wmissing-declarations -Wmissing-prototypes -Wnested-externs -Wno-long-long -Wno-multichar -Wpointer-arith -Wshadow -Wsign-compare -Wundef -Wunused -Wwrite-strings -Wcast-align -Wdeclaration-after-statement -Wempty-body -Wendif-labels -Wfloat-equal -Wignored-qualifiers -Wno-format-nonliteral -Wno-sign-conversion -Wno-system-headers -Wstrict-prototypes -Wtype-limits -Wvla -Wmissing-parameter-type -Wold-style-declaration -Wstrict-aliasing=3 -Wformat=2 -Warray-bounds=2 -ftree-vrp -Wduplicated-cond -Wnull-dereference -fdelete-null-pointer-checks -Wshift-negative-value -Wshift-overflow=2 -Walloc-zero -Wduplicated-branches -Wformat-overflow=2 -Wformat-truncation=1 -Wrestrict -Warith-conversion -Wdouble-promotion -Wenum-conversion -Wunused-const-variable -DHAVE_SYS_POLL_H CMakeFiles/cmTC_37e9c.dir/src.c.o -o cmTC_37e9c 
gmake[1]: Leaving directory '/home/uhuj/skillbox_cpp/learn_cpp_tasks/out/build/GCC 12.2.0 x86_64-linux-gnu/CMakeFiles/CMakeScratch/TryCompile-I3tSJz'


Source file was:
#undef inline
#include <sys/types.h>
#include <sys/time.h>
    #include <time.h>
    int main(void)
    {
      struct timespec ts;
      (void)clock_gettime(CLOCK_MONOTONIC_RAW, &ts);
      return 0;
    }

